id,statute,code,article,decision_id,year,decision_number,start,end,quote_original,context_original,association,citation_status,decision_url,passage_id,passage_url,scan_available
1904-065:ГКП:1007:226,ГКП ст. 1007,ГКП,ст. 1007,1904-065,1904,65,226,234,ст. 1007,"берніи, Карла Дзеконскаго.—Дзеконскій умеръ, оставивъ два собственноручныхъ духовныхъ завѣщанія, составленныхъ и опубликованныхъ въ порядкѣ ст. 1007 гр. код., по коимъ вышесказанный депозитъ отказалъ въ собственность своей женѣ, Ядвигѣ. Братъ покойнаго, Иванъ, исходатайствовавъ опредѣлен",прямое название акта рядом с номером,номер статьи извлечён из OCR; сверяйте со сканом,https://ivseliv.github.io/senat/lex/#/d/1904-065,1904-065:0-1603,https://ivseliv.github.io/senat/lex/#/d/1904-065?mode=laws&c=%D0%93%D0%9A%D0%9F&q=%D1%81%D1%82.+1007&at=0&end=1603,true
1897-091:ГКП:1010:1640,ГКП ст. 1010,ГКП,ст. 1010,1897-091,1897,91,1640,1648,ст. 1010,"ршаго, которые, будучи призваны къ наслѣдованію по волѣ закона (ab intestat ст. 724, 731, 756 гр. код. и др.) или завѣщателя (loco haeredis ст. 1010 гр. код.), являются участниками общаго наслѣдства, принадлежащаго имъ, въ идеальныхъ доляхъ, на правѣ собственности. Сюда принадлежитъ, меж",прямое название акта рядом с номером,номер статьи извлечён из OCR; сверяйте со сканом,https://ivseliv.github.io/senat/lex/#/d/1897-091,1897-091:0-1765,https://ivseliv.github.io/senat/lex/#/d/1897-091?mode=laws&c=%D0%93%D0%9A%D0%9F&q=%D1%81%D1%82.+1010&at=0&end=1765,true
1904-065:ГКП:1011:4638,ГКП ст. 1011,ГКП,ст. 1011,1904-065,1904,65,4638,4646,ст. 1011,"ст. 1011 гр. код. (ст. 1014 гр. код.). При такомъ различіи правъ и обязанностей наслѣдника и частнаго легатарія, не представляется возможнымъ отожес",прямое название акта рядом с номером,номер статьи извлечён из OCR; сверяйте со сканом,https://ivseliv.github.io/senat/lex/#/d/1904-065,1904-065:4393-6689,https://ivseliv.github.io/senat/lex/#/d/1904-065?mode=laws&c=%D0%93%D0%9A%D0%9F&q=%D1%81%D1%82.+1011&at=4393&end=6689,true
1904-065:ГКП:1014:4657,ГКП ст. 1014,ГКП,ст. 1014,1904-065,1904,65,4657,4665,ст. 1014,"ст. 1011 гр. код. (ст. 1014 гр. код.). При такомъ различіи правъ и обязанностей наслѣдника и частнаго легатарія, не представляется возможнымъ отожествленіе обоихъ выра",прямое название акта рядом с номером,номер статьи извлечён из OCR; сверяйте со сканом,https://ivseliv.github.io/senat/lex/#/d/1904-065,1904-065:4393-6689,https://ivseliv.github.io/senat/lex/#/d/1904-065?mode=laws&c=%D0%93%D0%9A%D0%9F&q=%D1%81%D1%82.+1014&at=4393&end=6689,true
1904-065:ГКП:1024:4370,ГКП ст. 1024,ГКП,ст. 1024,1904-065,1904,65,4370,4378,ст. 1024,"го, по силѣ самого закона, вступаютъ въ обладаніе наслѣдствомъ (ст. 724 и 1006 гр. код.). Между тѣмъ, частный легатарій, по общему правилу (ст. 1024 гр. код.), не отвѣтствуетъ своимъ имуществомъ за долги наслѣдодателя и не вступаетъ непосредственно во владѣніе отказанною вещью, а обязанъ",прямое название акта рядом с номером,номер статьи извлечён из OCR; сверяйте со сканом,https://ivseliv.github.io/senat/lex/#/d/1904-065,1904-065:2640-4636,https://ivseliv.github.io/senat/lex/#/d/1904-065?mode=laws&c=%D0%93%D0%9A%D0%9F&q=%D1%81%D1%82.+1024&at=2640&end=4636,true
1905-043:ГКП:1026:2036,ГКП ст. 1026,ГКП,ст. 1026,1905-043,1905,43,2036,2044,ст. 1026,"Янковская не въ правѣ была уполномочивать душеприказчиковъ принять въ свое владѣніе и управленіе оставшіяся послѣ нея недвижимости, ибо, по ст. 1026 гр. код., завѣщательница могла предоставить въ завѣдываніе душеприказчиковъ только свою движимость, какъ это разъяснилъ и Правительствующій",прямое название акта рядом с номером,номер статьи извлечён из OCR; сверяйте со сканом,https://ivseliv.github.io/senat/lex/#/d/1905-043,1905-043:1509-3138,https://ivseliv.github.io/senat/lex/#/d/1905-043?mode=laws&c=%D0%93%D0%9A%D0%9F&q=%D1%81%D1%82.+1026&at=1509&end=3138,true
1905-091:ГКП:1076:1791,ГКП ст. 1076,ГКП,ст. 1076,1905-091,1905,91,1791,1799,1076 ст.,"мировую сдѣлку, а не актъ раздѣла наслѣдственнаго имущества, которое уже было ранѣе того раздѣлено самимъ наслѣдодателемъ, согласно 1075 и 1076 ст. гр. код., посредствомъ акта завѣщательнаго, неоспореннаго наслѣдниками. Ходатайствуя въ кассаціонной жалобѣ объ отмѣнѣ рѣшенія палаты, супр",прямое название акта рядом с номером,номер статьи извлечён из OCR; сверяйте со сканом,https://ivseliv.github.io/senat/lex/#/d/1905-091,1905-091:0-1871,https://ivseliv.github.io/senat/lex/#/d/1905-091?mode=laws&c=%D0%93%D0%9A%D0%9F&q=%D1%81%D1%82.+1076&at=0&end=1871,true
1905-091:ГКП:1079:6178,ГКП ст. 1079,ГКП,ст. 1079,1905-091,1905,91,6178,6186,ст. 1079,"изъ сего, въ связи съ изложеннымъ выше, само собою вытекаетъ, что оспариванію по причинѣ убыточности могло подлежать только это завѣщаніе (ст. 1079 гр. код.), но никоимъ образомъ не какое-либо позднѣйшее между сонаслѣдниками соглашеніе, которое, въ чемъ бы оно ни заключалось, и какъ бы",прямое название акта рядом с номером,номер статьи извлечён из OCR; сверяйте со сканом,https://ivseliv.github.io/senat/lex/#/d/1905-091,1905-091:4555-6589,https://ivseliv.github.io/senat/lex/#/d/1905-091?mode=laws&c=%D0%93%D0%9A%D0%9F&q=%D1%81%D1%82.+1079&at=4555&end=6589,true
1905-032:ГКП:1108:5052,ГКП ст. 1108,ГКП,ст. 1108,1905-032,1905,32,5052,5060,ст. 1108,"ать на себя обязательства по имуществу; принятыя же ею на себя, вопреки 2 п. 184 ст. гр. улож., обязательства признаются недѣйствительными (ст. 1108 гр. код.). Что касается недѣйствительности имущественныхъ договоровъ, заключенныхъ безъ содѣйствія или дозволенія мужа, и проистекающихъ из",прямое название акта рядом с номером,номер статьи извлечён из OCR; сверяйте со сканом,https://ivseliv.github.io/senat/lex/#/d/1905-032,1905-032:4487-5859,https://ivseliv.github.io/senat/lex/#/d/1905-032?mode=laws&c=%D0%93%D0%9A%D0%9F&q=%D1%81%D1%82.+1108&at=4487&end=5859,true
1905-032:ГКП:1115:5426,ГКП ст. 1115,ГКП,ст. 1115,1905-032,1905,32,5426,5434,ст. 1115,"тельною. По ст. 188 гр. улож. споры о недѣйствительности по недостатку законнаго уполномочія не могутъ быть возбуждаемы контрагентомъ жены (ст. 1115 гр. код.), а лишь самой женой, мужемъ или ихъ наслѣдниками и при томъ совершенно независимо отъ существованія брака и отъ условій договора",прямое название акта рядом с номером,номер статьи извлечён из OCR; сверяйте со сканом,https://ivseliv.github.io/senat/lex/#/d/1905-032,1905-032:4487-5859,https://ivseliv.github.io/senat/lex/#/d/1905-032?mode=laws&c=%D0%93%D0%9A%D0%9F&q=%D1%81%D1%82.+1115&at=4487&end=5859,true
1905-091:ГКП:1118:2130,ГКП ст. 1118,ГКП,ст. 1118,1905-091,1905,91,2130,2138,ст. 1118,"Выслушавъ заключеніе товарища оберъ-прокурора, Правительствующій Сенатъ находитъ, что законъ (ст. 1118 и 1313 гр. код.), какъ общее правило, постановляетъ, что убыточность не имѣетъ вліянія на дѣйствительность договоровъ за исключеніемъ лишь",прямое название акта рядом с номером,номер статьи извлечён из OCR; сверяйте со сканом,https://ivseliv.github.io/senat/lex/#/d/1905-091,1905-091:1601-3435,https://ivseliv.github.io/senat/lex/#/d/1905-091?mode=laws&c=%D0%93%D0%9A%D0%9F&q=%D1%81%D1%82.+1118&at=1601&end=3435,true
1904-049:ГКП:1135:901,ГКП ст. 1135,ГКП,ст. 1135,1904-049,1904,49,901,909,ст. 1135,"казываетъ на нарушеніе: 1) 1590 ст. гр. код.—такъ какъ она относится только къ договорамъ продажи, а къ другимъ договорамъ не примѣнима; 2) ст. 1135 гр. код. и 129 уст. гр. суд.—тѣмъ, что онъ, Радинъ, неправильно признанъ нарушителемъ договора, и 3) ст. 1737 гр. код.—такъ какъ она не имѣ",прямое название акта рядом с номером,номер статьи извлечён из OCR; сверяйте со сканом,https://ivseliv.github.io/senat/lex/#/d/1904-049,1904-049:0-1590,https://ivseliv.github.io/senat/lex/#/d/1904-049?mode=laws&c=%D0%93%D0%9A%D0%9F&q=%D1%81%D1%82.+1135&at=0&end=1590,true
1904-026:ГКП:1149:2268,ГКП ст. 1149,ГКП,ст. 1149,1904-026,1904,26,2268,2276,ст. 1149,"бязанности лежитъ доказать свое требованіе (ст. 81 и 366 уст. гражд. суд.), т.-е. какъ наличность, такъ и размѣръ понесенныхъ имъ убытковъ (ст. 1149 гр. код.), и отъ хозяина-отвѣтчика зависитъ опровергать это требованіе, цѣликомъ или частью, доказываніемъ того, что истецъ, получивъ друго",прямое название акта рядом с номером,номер статьи извлечён из OCR; сверяйте со сканом,https://ivseliv.github.io/senat/lex/#/d/1904-026,1904-026:1221-2764,https://ivseliv.github.io/senat/lex/#/d/1904-026?mode=laws&c=%D0%93%D0%9A%D0%9F&q=%D1%81%D1%82.+1149&at=1221&end=2764,true
1904-026:ГКП:1152:6394,ГКП ст. 1152,ГКП,ст. 1152,1904-026,1904,26,6394,6402,ст. 1152,"ся на полученіе этой неустойки не можетъ, вообще, находиться въ зависимости отъ размѣра понесенныхъ имъ отъ неисполненія договора убытковъ (ст. 1152 и 1229 гр. код.), изъ чего само собою слѣдуетъ, что наниматель, уволивъ слугу безъ законной причины, не можетъ уклониться отъ обязанности у",прямое название акта рядом с номером,номер статьи извлечён из OCR; сверяйте со сканом,https://ivseliv.github.io/senat/lex/#/d/1904-026,1904-026:5276-6897,https://ivseliv.github.io/senat/lex/#/d/1904-026?mode=laws&c=%D0%93%D0%9A%D0%9F&q=%D1%81%D1%82.+1152&at=5276&end=6897,true
1904-005:ГКП:1174:1699,ГКП ст. 1174,ГКП,ст. 1174,1904-005,1904,5,1699,1707,1174 ст.,"ее признаетъ это необходимымъ для пользы существующей въ гор. Томашовѣ постгалтеріи; такое условіе не можетъ считаться недѣйствительнымъ по 1174 ст. гр. код., ибо оно зависитъ не отъ одного произвола почтоваго управленія, но ставитъ въ зависимость существованіе аренды и отъ существованія",прямое название акта рядом с номером,номер статьи извлечён из OCR; сверяйте со сканом,https://ivseliv.github.io/senat/lex/#/d/1904-005,1904-005:1358-3254,https://ivseliv.github.io/senat/lex/#/d/1904-005?mode=laws&c=%D0%93%D0%9A%D0%9F&q=%D1%81%D1%82.+1174&at=1358&end=3254,true
1897-048:ГКП:1290:1131,ГКП ст. 1290,ГКП,ст. 1290,1897-048,1897,48,1131,1139,ст. 1290,"ательно, не существовало указаннаго въ ст. 1291 гр. код. условія для допущенія зачета. Въ кассаціонной жалобѣ Натансонъ объясняетъ, что, по ст. 1290 и 1295 гр. код., зачетъ долговъ долженъ быть допущенъ при одновременномъ существованіи ихъ и что не допускается только зачетъ долга возникш",прямое название акта рядом с номером,номер статьи извлечён из OCR; сверяйте со сканом,https://ivseliv.github.io/senat/lex/#/d/1897-048,1897-048:0-1653,https://ivseliv.github.io/senat/lex/#/d/1897-048?mode=laws&c=%D0%93%D0%9A%D0%9F&q=%D1%81%D1%82.+1290&at=0&end=1653,true
1897-048:ГКП:1291:1030,ГКП ст. 1291,ГКП,ст. 1291,1897-048,1897,48,1030,1038,ст. 1291,"ъ Натансона квартирной платы, должные Бальчинскою Натансону 600 р. уплатѣ еще не подлежали, а, слѣдовательно, не существовало указаннаго въ ст. 1291 гр. код. условія для допущенія зачета. Въ кассаціонной жалобѣ Натансонъ объясняетъ, что, по ст. 1290 и 1295 гр. код., зачетъ долговъ должен",прямое название акта рядом с номером,номер статьи извлечён из OCR; сверяйте со сканом,https://ivseliv.github.io/senat/lex/#/d/1897-048,1897-048:0-1653,https://ivseliv.github.io/senat/lex/#/d/1897-048?mode=laws&c=%D0%93%D0%9A%D0%9F&q=%D1%81%D1%82.+1291&at=0&end=1653,true
1897-048:ГКП:1295:1498,ГКП ст. 1295,ГКП,ст. 1295,1897-048,1897,48,1498,1506,ст. 1295,"варища оберъ-прокурора, Правительствующій Сенатъ находитъ, что въ настоящемъ дѣлѣ возбуждается вопросъ: въ случаѣ, указанномъ во 2-ой части ст. 1295 гр. код., подлежитъ ли зачету долгъ, возникшій до указаннаго въ этой статьѣ заявленія, но сдѣлавшійся способнымъ къ зачету послѣ такого зая",прямое название акта рядом с номером,номер статьи извлечён из OCR; сверяйте со сканом,https://ivseliv.github.io/senat/lex/#/d/1897-048,1897-048:0-1653,https://ivseliv.github.io/senat/lex/#/d/1897-048?mode=laws&c=%D0%93%D0%9A%D0%9F&q=%D1%81%D1%82.+1295&at=0&end=1653,true
1897-074:ГКП:1356:5889,ГКП ст. 1356,ГКП,ст. 1356,1897-074,1897,74,5889,5897,ст. 1356,", теряетъ всякое значеніе и не можетъ имѣть вліяніе на отмѣну рѣшенія съѣзда. Кромѣ того, Екатерина Куронь указываетъ на нарушеніе съѣздомъ ст. 1356 гр. код. тѣмъ, что мировой съѣздъ, согласно требованію Маріанны Пущецъ, заявленному въ апелляціонной жалобѣ, исключилъ изъ наслѣдственнаго",прямое название акта рядом с номером,номер статьи извлечён из OCR; сверяйте со сканом,https://ivseliv.github.io/senat/lex/#/d/1897-074,1897-074:5033-7205,https://ivseliv.github.io/senat/lex/#/d/1897-074?mode=laws&c=%D0%93%D0%9A%D0%9F&q=%D1%81%D1%82.+1356&at=5033&end=7205,true
1904-066:ГКП:1384:1095,ГКП ст. 1384,ГКП,ст. 1384,1904-066,1904,66,1095,1103,1384 ст.,"а была привязана, несмотря на протестъ пассажира, сзади къ другому экипажу, а потому передъ истцомъ отвѣчаетъ не казна, а возчикъ, согласно 1384 ст. гр. код., за вредъ, причиненный его служителемъ, и 4) что наличность въ корзинѣ пропавшихъ вещей удостовѣрена свидѣтельскими показаніями и",прямое название акта рядом с номером,номер статьи извлечён из OCR; сверяйте со сканом,https://ivseliv.github.io/senat/lex/#/d/1904-066,1904-066:0-1330,https://ivseliv.github.io/senat/lex/#/d/1904-066?mode=laws&c=%D0%93%D0%9A%D0%9F&q=%D1%81%D1%82.+1384&at=0&end=1330,true
1904-049:ГКП:1589:1528,ГКП ст. 1589,ГКП,ст. 1589,1904-049,1904,49,1528,1536,ст. 1589,"ѣ общихъ правилъ о задаткѣ не содержится, и о послѣдствіяхъ выдачи задатка по другимъ сдѣлкамъ, кромѣ сдѣлки объ обѣщаніи продать что-либо (ст. 1589 и 1590 гр. код.), нигдѣ въ этомъ законѣ не говорится. Тѣмъ не менѣе, не подлежитъ никакому сомнѣнію—и это признаютъ и комментаторы французс",прямое название акта рядом с номером,номер статьи извлечён из OCR; сверяйте со сканом,https://ivseliv.github.io/senat/lex/#/d/1904-049,1904-049:0-1590,https://ivseliv.github.io/senat/lex/#/d/1904-049?mode=laws&c=%D0%93%D0%9A%D0%9F&q=%D1%81%D1%82.+1589&at=0&end=1590,true
1904-049:ГКП:1590:788,ГКП ст. 1590,ГКП,ст. 1590,1904-049,1904,49,788,796,1590 ст.,"артиру, и что онъ обязанъ возвратить задатокъ въ двойномъ количествѣ. Въ кассаціонной жалобѣ проситель, Радинъ, указываетъ на нарушеніе: 1) 1590 ст. гр. код.—такъ какъ она относится только къ договорамъ продажи, а къ другимъ договорамъ не примѣнима; 2) ст. 1135 гр. код. и 129 уст. гр. су",прямое название акта рядом с номером,номер статьи извлечён из OCR; сверяйте со сканом,https://ivseliv.github.io/senat/lex/#/d/1904-049,1904-049:0-1590,https://ivseliv.github.io/senat/lex/#/d/1904-049?mode=laws&c=%D0%93%D0%9A%D0%9F&q=%D1%81%D1%82.+1590&at=0&end=1590,true
1904-005:ГКП:1709:4083,ГКП ст. 1709,ГКП,ст. 1709,1904-005,1904,5,4083,4091,ст. 1709,"одной изъ сторонъ, былъ для другой стороны безусловно обязателенъ и не подлежалъ въ извѣстныхъ случаяхъ измѣненію или сокращенію. Согласно ст. 1709 гр. код., необходимымъ условіемъ всякаго договора срочной аренды является соглашеніе сторонъ о продолжительности дѣйствія онаго. Въ самомъ",прямое название акта рядом с номером,номер статьи извлечён из OCR; сверяйте со сканом,https://ivseliv.github.io/senat/lex/#/d/1904-005,1904-005:2995-4737,https://ivseliv.github.io/senat/lex/#/d/1904-005?mode=laws&c=%D0%93%D0%9A%D0%9F&q=%D1%81%D1%82.+1709&at=2995&end=4737,true
1904-049:ГКП:1737:484,ГКП ст. 1737,ГКП,ст. 1737,1904-049,1904,49,484,492,1737 ст.,"говора, не приготовивъ квартиру къ сроку договора; что возраженіе Радина о непоставленіи его въ просрочку неправильно въ виду того, что, по 1737 ст. гр. код., истцы не были къ этому обязаны, такъ какъ, при существованіи письменнаго договора, Радинъ хорошо зналъ о срокѣ, когда истцы должн",прямое название акта рядом с номером,номер статьи извлечён из OCR; сверяйте со сканом,https://ivseliv.github.io/senat/lex/#/d/1904-049,1904-049:0-1590,https://ivseliv.github.io/senat/lex/#/d/1904-049?mode=laws&c=%D0%93%D0%9A%D0%9F&q=%D1%81%D1%82.+1737&at=0&end=1590,true
1905-030:ГКП:1743:3497,ГКП ст. 1743,ГКП,ст. 1743,1905-030,1905,30,3497,3505,1743 ст.,"ъ указанныхъ 3 морговъ Витковскій продалъ Самборскому, который не желаетъ исполнить вышеупомянутый контрактъ, обязательный для него какъ по 1743 ст. гражд. код., такъ и потому, что Самборскій, при покупкѣ участка, зналъ о правахъ Шацевъ на этотъ участокъ. Возраженіе же Самборскаго, что в",прямое название акта рядом с номером,номер статьи извлечён из OCR; сверяйте со сканом,https://ivseliv.github.io/senat/lex/#/d/1905-030,1905-030:2805-4199,https://ivseliv.github.io/senat/lex/#/d/1905-030?mode=laws&c=%D0%93%D0%9A%D0%9F&q=%D1%81%D1%82.+1743&at=2805&end=4199,true
1904-066:ГКП:1782:707,ГКП ст. 1782,ГКП,ст. 1782,1904-066,1904,66,707,715,ст. 1782,"періи, въ которыхъ объ отвѣтственности почтосодержателей за пропажу вещей не упоминается, а потому къ настоящему дѣлу должны быть примѣнены ст. 1782, 1784, 1952 и 1953 гр. код.; 3) что Козловскій ѣхалъ не въ экипажѣ, назначенномъ для корреспонденціи, а для пассажировъ; вещи его, по небре",прямое название акта рядом с номером,номер статьи извлечён из OCR; сверяйте со сканом,https://ivseliv.github.io/senat/lex/#/d/1904-066,1904-066:0-1330,https://ivseliv.github.io/senat/lex/#/d/1904-066?mode=laws&c=%D0%93%D0%9A%D0%9F&q=%D1%81%D1%82.+1782&at=0&end=1330,true
1904-066:ГКП:1786:7648,ГКП ст. 1786,ГКП,ст. 1786,1904-066,1904,66,7648,7656,ст. 1786,"ло, и статьи эти ничего противорѣчащаго изданнымъ впослѣдствіи, по почтовой части, правиламъ и съ ними несовмѣстимаго въ себѣ не содержатъ (ст. 1786 гражд. код.), то слѣдуетъ признать, что ст. 357, 362, 380 и 473 сборника 1860 г. сохраняютъ—и за изданіемъ сборника 1885 года—свою силу. За",прямое название акта рядом с номером,номер статьи извлечён из OCR; сверяйте со сканом,https://ivseliv.github.io/senat/lex/#/d/1904-066,1904-066:6709-8468,https://ivseliv.github.io/senat/lex/#/d/1904-066?mode=laws&c=%D0%93%D0%9A%D0%9F&q=%D1%81%D1%82.+1786&at=6709&end=8468,true
1905-032:ГКП:184:4805,ГКП ст. 184,ГКП,ст. 184,1905-032,1905,32,4805,4812,184 ст.,"твѣ, подчиняется общимъ правиламъ о пользовладѣніи (ст. 192 гр. улож. и 587 гр. код.). Такимъ образомъ, оказывается, что, на основаніи 2 п. 184 ст. гр. улож., жена, безъ личнаго содѣйствія мужа или безъ письменнаго его дозволенія, не можетъ принимать на себя обязательства по имуществу;",прямое название акта рядом с номером,номер статьи извлечён из OCR; сверяйте со сканом,https://ivseliv.github.io/senat/lex/#/d/1905-032,1905-032:4487-5859,https://ivseliv.github.io/senat/lex/#/d/1905-032?mode=laws&c=%D0%93%D0%9A%D0%9F&q=%D1%81%D1%82.+184&at=4487&end=5859,true
1905-032:ГКП:188:1269,ГКП ст. 188,ГКП,ст. 188,1905-032,1905,32,1269,1276,188 ст.,"заннаго векселя, либо, зная о выдачѣ таковаго, положительно или безмолвно утвердилъ это дѣйствіе своей жены; 4) что, въ виду сего и по силѣ 188 ст. гр. ул. 1825 г., 1108 и 1124 ст. гр. код., упомянутый вексель по отношенію къ Ѳеклѣ Жуковской недѣйствителенъ; 5) что мнѣніе Цециліи Ляндау",прямое название акта рядом с номером,номер статьи извлечён из OCR; сверяйте со сканом,https://ivseliv.github.io/senat/lex/#/d/1905-032,1905-032:0-1881,https://ivseliv.github.io/senat/lex/#/d/1905-032?mode=laws&c=%D0%93%D0%9A%D0%9F&q=%D1%81%D1%82.+188&at=0&end=1881,true
1905-032:ГКП:192:4717,ГКП ст. 192,ГКП,ст. 192,1905-032,1905,32,4717,4724,ст. 192,"который въ отношеніи принадлежащихъ женѣ вещей потребляемыхъ (res fungibiles), въ существѣ, подчиняется общимъ правиламъ о пользовладѣніи (ст. 192 гр. улож. и 587 гр. код.). Такимъ образомъ, оказывается, что, на основаніи 2 п. 184 ст. гр. улож., жена, безъ личнаго содѣйствія мужа или б",прямое название акта рядом с номером,номер статьи извлечён из OCR; сверяйте со сканом,https://ivseliv.github.io/senat/lex/#/d/1905-032,1905-032:3106-4751,https://ivseliv.github.io/senat/lex/#/d/1905-032?mode=laws&c=%D0%93%D0%9A%D0%9F&q=%D1%81%D1%82.+192&at=3106&end=4751,true
1904-065:ГКП:1939:955,ГКП ст. 1939,ГКП,ст. 1939,1904-065,1904,65,955,963,1939 ст.,"ми, въ общемъ количествѣ 19027 руб. съ дальнѣйшими процентами. Банкъ защищался противъ иска тѣмъ, между прочимъ, возраженіемъ, что, по силѣ 1939 ст. гр. код., Ядвига Дзеконская, будучи частнымъ легатаріемъ, а не наслѣдницей своего мужа, не имѣетъ права требовать отъ банка принятой имъ от",прямое название акта рядом с номером,номер статьи извлечён из OCR; сверяйте со сканом,https://ivseliv.github.io/senat/lex/#/d/1904-065,1904-065:0-1603,https://ivseliv.github.io/senat/lex/#/d/1904-065?mode=laws&c=%D0%93%D0%9A%D0%9F&q=%D1%81%D1%82.+1939&at=0&end=1603,true
1904-066:ГКП:1953:12193,ГКП ст. 1953,ГКП,ст. 1953,1904-066,1904,66,12193,12201,1953 ст.,"специальныхъ нормирующихъ таковую законовъ, должна быть опредѣлена по общимъ законамъ края (ст. 1786 гр. код.). Согласно 1782—1786, 1952 и 1953 ст. гражд. код., отвѣтственность содержателей общественныхъ заведеній для перевозки лицъ или вещей за утрату или повреждѣніе ввѣренныхъ имъ вещ",прямое название акта рядом с номером,номер статьи извлечён из OCR; сверяйте со сканом,https://ivseliv.github.io/senat/lex/#/d/1904-066,1904-066:11430-12857,https://ivseliv.github.io/senat/lex/#/d/1904-066?mode=laws&c=%D0%93%D0%9A%D0%9F&q=%D1%81%D1%82.+1953&at=11430&end=12857,true
1905-033:ГКП:1965:634,ГКП ст. 1965,ГКП,ст. 1965,1905-033,1905,33,634,642,1965 ст.,"общества просилъ въ искѣ отказать, какъ вслѣдствіе неимѣнія истцомъ права на искъ, ибо его исковыя требованія вытекаютъ изъ азартной игры (1965 ст. гр. код.), такъ и по неосновательности иска по существу, ибо билеты продавались послѣ того, какъ лошади уже были пущены на скачку, каковое",прямое название акта рядом с номером,номер статьи извлечён из OCR; сверяйте со сканом,https://ivseliv.github.io/senat/lex/#/d/1905-033,1905-033:0-1515,https://ivseliv.github.io/senat/lex/#/d/1905-033?mode=laws&c=%D0%93%D0%9A%D0%9F&q=%D1%81%D1%82.+1965&at=0&end=1515,true
1905-033:ГКП:1966:1312,ГКП ст. 1966,ГКП,ст. 1966,1905-033,1905,33,1312,1320,1966 ст.,"тельствомъ, имѣютъ свой утвержденный правительствомъ уставъ, и поэтому вытекающіе изъ означеннаго спорта иски должны пользоваться, согласно 1966 ст. гр. код., правомъ судебной защиты. Признавъ, засимъ, второе возраженіе отвѣтчика незаслуживающимъ уваженія, мировой съѣздъ присудилъ съ ска",прямое название акта рядом с номером,номер статьи извлечён из OCR; сверяйте со сканом,https://ivseliv.github.io/senat/lex/#/d/1905-033,1905-033:0-1515,https://ivseliv.github.io/senat/lex/#/d/1905-033?mode=laws&c=%D0%93%D0%9A%D0%9F&q=%D1%81%D1%82.+1966&at=0&end=1515,true
1897-041:ГКП:2038:1418,ГКП ст. 2038,ГКП,ст. 2038,1897-041,1897,41,1418,1426,ст. 2038,"судъ призналъ, что въ моментъ уплаты 2000 р. Юліею Бышевскою солидарное поручительство Лауры Скаржинской силою самаго закона уничтожилось (ст. 2038 гр. код.), и Бышевская, уплативъ собственный свой долгъ, не была вправѣ переуступать другому лицу гарантію за уплату этого долга, вслѣдстві",прямое название акта рядом с номером,номер статьи извлечён из OCR; сверяйте со сканом,https://ivseliv.github.io/senat/lex/#/d/1897-041,1897-041:0-1709,https://ivseliv.github.io/senat/lex/#/d/1897-041?mode=laws&c=%D0%93%D0%9A%D0%9F&q=%D1%81%D1%82.+2038&at=0&end=1709,true
1905-091:ГКП:2052:2498,ГКП ст. 2052,ГКП,ст. 2052,1905-091,1905,91,2498,2506,ст. 2052,"Внѣ этихъ случаевъ, никто не можетъ требовать уничтоженія договора по причинѣ его убыточности. Въ частности, относительно мировыхъ сдѣлокъ, ст. 2052 гр. код. постановляетъ, что онѣ не могутъ быть оспариваемы по причинѣ убыточности. Такимъ образомъ, постановленіе 887 и 888 ст. гр. код., д",прямое название акта рядом с номером,номер статьи извлечён из OCR; сверяйте со сканом,https://ivseliv.github.io/senat/lex/#/d/1905-091,1905-091:1601-3435,https://ivseliv.github.io/senat/lex/#/d/1905-091?mode=laws&c=%D0%93%D0%9A%D0%9F&q=%D1%81%D1%82.+2052&at=1601&end=3435,true
1905-057:ГКП:2265:685,ГКП ст. 2265,ГКП,ст. 2265,1905-057,1905,57,685,693,ст. 2265,"въ тотъ же гминный судъ для производства раздѣла. Въ кассаціонной жалобѣ Иванъ Гумели проситъ объ отмѣнѣ рѣшенія съѣзда, какъ по нарушенію ст. 2265 гражд. код., такъ и по нарушенію ст. 11 и 12 уст. гр. суд., усматриваемому имъ въ томъ, что съѣздъ, будучи обязанъ постановить, вмѣсто отмѣ",прямое название акта рядом с номером,номер статьи извлечён из OCR; сверяйте со сканом,https://ivseliv.github.io/senat/lex/#/d/1905-057,1905-057:0-1590,https://ivseliv.github.io/senat/lex/#/d/1905-057?mode=laws&c=%D0%93%D0%9A%D0%9F&q=%D1%81%D1%82.+2265&at=0&end=1590,true
1905-030:ГКП:2268:6197,ГКП ст. 2268,ГКП,ст. 2268,1905-030,1905,30,6197,6205,ст. 2268,"авахъ Шацевъ на добываніе глины послѣ 1 апрѣля 1898 года, то это рѣшительно ничѣмъ не установлено, недобросовѣстность же не предполагается (ст. 2268 гр. код.), а должна быть точно доказана. Хотя же въ актѣ о пріобрѣтеніи Самборскимъ земли имѣется указаніе на № [?] и число акта отъ 14 апр",прямое название акта рядом с номером,номер статьи извлечён из OCR; сверяйте со сканом,https://ivseliv.github.io/senat/lex/#/d/1905-030,1905-030:5376-7028,https://ivseliv.github.io/senat/lex/#/d/1905-030?mode=laws&c=%D0%93%D0%9A%D0%9F&q=%D1%81%D1%82.+2268&at=5376&end=7028,true
1897-087:ГКП:232:1570,ГКП ст. 232,ГКП,ст. 232,1897-087,1897,87,1570,1577,ст. 232,"о „исключается примѣненіемъ ст. 754“. Въ присужде- ніи просительницѣ 1/2 имущества Григорія Пивоварскаго въ пожизненное пользованіе по силѣ ст. 232 гр. улож. 1825 г. мировой съѣздъ отказалъ на томъ основаніи, что порядокъ наслѣдованія, указанный въ этомъ законѣ, могъ существовать для пр",акт определён по контексту решения,номер статьи извлечён из OCR; сверяйте со сканом,https://ivseliv.github.io/senat/lex/#/d/1897-087,1897-087:1226-2972,https://ivseliv.github.io/senat/lex/#/d/1897-087?mode=laws&c=%D0%93%D0%9A%D0%9F&q=%D1%81%D1%82.+232&at=1226&end=2972,true
1897-091:ГКП:233:1857,ГКП ст. 233,ГКП,ст. 233,1897-091,1897,91,1857,1864,ст. 233,"ъ, въ идеальныхъ доляхъ, на правѣ собственности. Сюда принадлежитъ, между прочимъ, и пережившій супругъ въ тѣхъ случаяхъ, когда, по закону (ст. 233 гр. улож. Ц. П. и р. 1880 г. № 108) или по завѣщанію, къ нему переходитъ въ собственность такая доля изъ общаго состава наслѣдства, но не т",акт определён по контексту решения,номер статьи извлечён из OCR; сверяйте со сканом,https://ivseliv.github.io/senat/lex/#/d/1897-091,1897-091:1532-3394,https://ivseliv.github.io/senat/lex/#/d/1897-091?mode=laws&c=%D0%93%D0%9A%D0%9F&q=%D1%81%D1%82.+233&at=1532&end=3394,true
1904-050:ГКП:303:4692,ГКП ст. 303,ГКП,ст. 303,1904-050,1904,50,4692,4699,ст. 303,"ктъ признанія присваиваетъ ему опредѣленное семейное положеніе, семейственныя и наслѣдственныя права въ имуществѣ признавшаго его родителя (ст. 303 гр. улож. и 756 гражд. код.), коихъ оно безъ этого, въ силу закона, не имѣло-бы. Въ виду такой важности соединенныхъ съ нимъ послѣдствій, з",прямое название акта рядом с номером,номер статьи извлечён из OCR; сверяйте со сканом,https://ivseliv.github.io/senat/lex/#/d/1904-050,1904-050:3878-5455,https://ivseliv.github.io/senat/lex/#/d/1904-050?mode=laws&c=%D0%93%D0%9A%D0%9F&q=%D1%81%D1%82.+303&at=3878&end=5455,true
1904-066:ГКП:357:7697,ГКП ст. 357,ГКП,ст. 357,1904-066,1904,66,7697,7704,ст. 357,"впослѣдствіи, по почтовой части, правиламъ и съ ними несовмѣстимаго въ себѣ не содержатъ (ст. 1786 гражд. код.), то слѣдуетъ признать, что ст. 357, 362, 380 и 473 сборника 1860 г. сохраняютъ—и за изданіемъ сборника 1885 года—свою силу. Засимъ, въ ст. 357, 362 и 380 сборника 1860 г. гов",прямое название акта рядом с номером,номер статьи извлечён из OCR; сверяйте со сканом,https://ivseliv.github.io/senat/lex/#/d/1904-066,1904-066:6709-8468,https://ivseliv.github.io/senat/lex/#/d/1904-066?mode=laws&c=%D0%93%D0%9A%D0%9F&q=%D1%81%D1%82.+357&at=6709&end=8468,true
1904-066:ГКП:362:1996,ГКП ст. 362,ГКП,ст. 362,1904-066,1904,66,1996,2003,362 ст.,"щается (ст. 357 сбор. 1860 г.); 4) что истецъ не заявлялъ просителю о вещахъ, а сдалъ ихъ почтальону Качмарскому въ своей квартирѣ, вопреки 362 ст. сборн. 1860 г., слѣдовательно, самъ вступилъ въ договоръ съ почтальономъ, помимо Ленковскаго, и послѣдній за пропажу не отвѣчаетъ, и 5) что",акт определён по контексту решения,номер статьи извлечён из OCR; сверяйте со сканом,https://ivseliv.github.io/senat/lex/#/d/1904-066,1904-066:1068-2967,https://ivseliv.github.io/senat/lex/#/d/1904-066?mode=laws&c=%D0%93%D0%9A%D0%9F&q=%D1%81%D1%82.+362&at=1068&end=2967,true
1904-066:ГКП:380:13111,ГКП ст. 380,ГКП,ст. 380,1904-066,1904,66,13111,13118,380 ст.,"олненіи возложенныхъ на нихъ обязанностей, пассажирскаго багажа для перевозки, несоблюденіе при этомъ порядка, установленнаго по 357, 362 и 380 ст. почтовыхъ правилъ 1860 г., не можетъ, само по себѣ, устранить установленную закономъ и не обусловленную соблюденіемъ этихъ правилъ отвѣтств",акт определён по контексту решения,номер статьи извлечён из OCR; сверяйте со сканом,https://ivseliv.github.io/senat/lex/#/d/1904-066,1904-066:12595-14197,https://ivseliv.github.io/senat/lex/#/d/1904-066?mode=laws&c=%D0%93%D0%9A%D0%9F&q=%D1%81%D1%82.+380&at=12595&end=14197,true
1904-066:ГКП:473:2217,ГКП ст. 473,ГКП,ст. 473,1904-066,1904,66,2217,2224,473 ст.,"помимо Ленковскаго, и послѣдній за пропажу не отвѣчаетъ, и 5) что цифра иска ничѣмъ не доказана. Такимъ образомъ, нарушены 357, 362, 380 и 473 ст. сборника.",акт определён по контексту решения,номер статьи извлечён из OCR; сверяйте со сканом,https://ivseliv.github.io/senat/lex/#/d/1904-066,1904-066:1068-2967,https://ivseliv.github.io/senat/lex/#/d/1904-066?mode=laws&c=%D0%93%D0%9A%D0%9F&q=%D1%81%D1%82.+473&at=1068&end=2967,true
1897-038:ГКП:524:307,ГКП ст. 524,ГКП,ст. 524,1897-038,1897,38,307,314,524 ст.,"арствѣ Польскомъ въ настоящемъ дѣлѣ подлежатъ разрѣшенію два вопроса: 1) подходятъ ли подъ понятіе „недвижимостей по назначенію“, въ смыслѣ 524 ст. гр. код., коровы, жеребята, бычки и яловки? 2) слѣдуетъ-ли, при примѣненіи этого закона къ дѣламъ, производящимся въ Варшавскомъ судебномъ",прямое название акта рядом с номером,номер статьи извлечён из OCR; сверяйте со сканом,https://ivseliv.github.io/senat/lex/#/d/1897-038,1897-038:0-1779,https://ivseliv.github.io/senat/lex/#/d/1897-038?mode=laws&c=%D0%93%D0%9A%D0%9F&q=%D1%81%D1%82.+524&at=0&end=1779,true
1904-005:ГКП:543:2218,ГКП ст. 543,ГКП,ст. 543,1904-005,1904,5,2218,2225,ст. 543,"одлежитъ изъятію изъ владѣнія отвѣтчика. Въ кассаціонной на это рѣшеніе жалобѣ повѣренный графа Островскаго указываетъ на нарушеніе палатою ст. 543, 544, 711, 578, 637, 1174 и 1709 гр. код. и 29 пост. учр. ком. отъ 12/24 іюня 1870 г. (дн. зак. т. 70 стр. 172).",прямое название акта рядом с номером,номер статьи извлечён из OCR; сверяйте со сканом,https://ivseliv.github.io/senat/lex/#/d/1904-005,1904-005:1358-3254,https://ivseliv.github.io/senat/lex/#/d/1904-005?mode=laws&c=%D0%93%D0%9A%D0%9F&q=%D1%81%D1%82.+543&at=1358&end=3254,true
1905-030:ГКП:544:12932,ГКП ст. 544,ГКП,ст. 544,1905-030,1905,30,12932,12939,ст. 544,"ъ ипотечную книгу, имѣетъ вещное право собственности, т.-е. право пользоваться и распоряжаться своимъ имуществомъ безъ всякихъ ограниченій (ст. 544 и 552 гражд. код.), насколько такія ограниченія не установлены законнымъ порядкомъ. Законнымъ же ограниченіемъ права собственности права и",прямое название акта рядом с номером,номер статьи извлечён из OCR; сверяйте со сканом,https://ivseliv.github.io/senat/lex/#/d/1905-030,1905-030:12170-14094,https://ivseliv.github.io/senat/lex/#/d/1905-030?mode=laws&c=%D0%93%D0%9A%D0%9F&q=%D1%81%D1%82.+544&at=12170&end=14094,true
1904-066:ГКП:60:13510,ГКП ст. 60,ГКП,ст. 60,1904-066,1904,66,13510,13516,ст. 60,"ержателя, а засимъ невозможно признать, чтобы нарушеніе оныхъ самимъ почтосодержателемъ или его служащими, за дѣйствія коихъ онъ отвѣчаетъ (ст. 60 сборн. 1860 г. и ст. 1384 гр. код.), могло бы служить основаніемъ къ сложенію съ него законной отвѣтственности, тѣмъ болѣе, что принятіе ве",прямое название акта рядом с номером,номер статьи извлечён из OCR; сверяйте со сканом,https://ivseliv.github.io/senat/lex/#/d/1904-066,1904-066:12595-14197,https://ivseliv.github.io/senat/lex/#/d/1904-066?mode=laws&c=%D0%93%D0%9A%D0%9F&q=%D1%81%D1%82.+60&at=12595&end=14197,true
1905-071:ГКП:671:326,ГКП ст. 671,ГКП,ст. 671,1905-071,1905,71,326,333,ст. 671,"й чертѣ, отдѣляющей полосу желѣзной дороги отъ его земель, произведено насажденіе высокоствольныхъ деревьевъ безъ соблюденія установленнаго ст. 671 гр. код.",прямое название акта рядом с номером,номер статьи извлечён из OCR; сверяйте со сканом,https://ivseliv.github.io/senat/lex/#/d/1905-071,1905-071:0-1906,https://ivseliv.github.io/senat/lex/#/d/1905-071?mode=laws&c=%D0%93%D0%9A%D0%9F&q=%D1%81%D1%82.+671&at=0&end=1906,true
1905-071:ГКП:672:4595,ГКП ст. 672,ГКП,ст. 672,1905-071,1905,71,4595,4602,672 ст.,"у, слѣдуетъ признать, что въ этомъ отношеніи дѣйствуютъ общіе законы, и, слѣдовательно, въ губерніяхъ Царства Польскаго—вышеуказанныя 671 и 672 ст. гр. код.—Выводъ этотъ слѣдуетъ признать правильнымъ и въ томъ случаѣ, когда, въ силу особаго постановленія Верховной власти, самое отчужден",прямое название акта рядом с номером,номер статьи извлечён из OCR; сверяйте со сканом,https://ivseliv.github.io/senat/lex/#/d/1905-071,1905-071:3107-5244,https://ivseliv.github.io/senat/lex/#/d/1905-071?mode=laws&c=%D0%93%D0%9A%D0%9F&q=%D1%81%D1%82.+672&at=3107&end=5244,true
1897-091:ГКП:724:1576,ГКП ст. 724,ГКП,ст. 724,1897-091,1897,91,1576,1583,ст. 724,"тавляется лишь сонаслѣдникамъ, т. е. общимъ правопреемникамъ умершаго, которые, будучи призваны къ наслѣдованію по волѣ закона (ab intestat ст. 724, 731, 756 гр. код. и др.) или завѣщателя (loco haeredis ст. 1010 гр. код.), являются участниками общаго наслѣдства, принадлежащаго имъ, въ",прямое название акта рядом с номером,номер статьи извлечён из OCR; сверяйте со сканом,https://ivseliv.github.io/senat/lex/#/d/1897-091,1897-091:0-1765,https://ivseliv.github.io/senat/lex/#/d/1897-091?mode=laws&c=%D0%93%D0%9A%D0%9F&q=%D1%81%D1%82.+724&at=0&end=1765,true
1904-065:ГКП:724:4294,ГКП ст. 724,ГКП,ст. 724,1904-065,1904,65,4294,4301,ст. 724,"ревышалъ активъ, и которыя, являясь, такимъ образомъ, представителями умершаго, по силѣ самого закона, вступаютъ въ обладаніе наслѣдствомъ (ст. 724 и 1006 гр. код.). Между тѣмъ, частный легатарій, по общему правилу (ст. 1024 гр. код.), не отвѣтствуетъ своимъ имуществомъ за долги наслѣдо",прямое название акта рядом с номером,номер статьи извлечён из OCR; сверяйте со сканом,https://ivseliv.github.io/senat/lex/#/d/1904-065,1904-065:2640-4636,https://ivseliv.github.io/senat/lex/#/d/1904-065?mode=laws&c=%D0%93%D0%9A%D0%9F&q=%D1%81%D1%82.+724&at=2640&end=4636,true
1897-087:ГКП:751:908,ГКП ст. 751,ГКП,ст. 751,1897-087,1897,87,908,915,ст. 751,"изъ ея денегъ для пріобрѣтенія наслѣдственной усадьбы, отрицая полученіе ею означеннаго движимаго имущества. Мировой съѣздъ, основываясь на ст. 751 и 754 гр. код., опредѣлилъ: изъ денегъ, вырученныхъ чрезъ продажу наслѣдственаго имущества, съ присоединеніемъ къ нимъ стоимости вышеуказан",прямое название акта рядом с номером,номер статьи извлечён из OCR; сверяйте со сканом,https://ivseliv.github.io/senat/lex/#/d/1897-087,1897-087:0-1467,https://ivseliv.github.io/senat/lex/#/d/1897-087?mode=laws&c=%D0%93%D0%9A%D0%9F&q=%D1%81%D1%82.+751&at=0&end=1467,true
1897-087:ГКП:753:1268,ГКП ст. 753,ГКП,ст. 753,1897-087,1897,87,1268,1275,ст. 753,"1/3 изъ остальныхъ 3/4 въ пожизненное пользованіе, а остальную сумму раздѣлить между Пивоварскими и Розаліей Вырастъ. Въ примѣненіи къ дѣлу ст. 753 гр. код., по которой Сливка считала себя вправѣ получить въ собственность 1/2 наслѣдственнаго имущества, мировой съѣздъ отказалъ на томъ ос",прямое название акта рядом с номером,номер статьи извлечён из OCR; сверяйте со сканом,https://ivseliv.github.io/senat/lex/#/d/1897-087,1897-087:0-1467,https://ivseliv.github.io/senat/lex/#/d/1897-087?mode=laws&c=%D0%93%D0%9A%D0%9F&q=%D1%81%D1%82.+753&at=0&end=1467,true
1897-087:ГКП:754:3413,ГКП ст. 754,ГКП,ст. 754,1897-087,1897,87,3413,3420,ст. 754,"асть наслѣдственнаго имущества, какъ полагаетъ съѣздъ, а 1/2, какъ правильно объясняетъ просительница, причемъ сопоставленіе этой статьи со ст. 754 гр. код., вопреки мнѣнію съѣзда, не даетъ никакого основанія къ выводу, что первая исключается послѣднею, ибо онѣ относятся къ различнымъ п",прямое название акта рядом с номером,номер статьи извлечён из OCR; сверяйте со сканом,https://ivseliv.github.io/senat/lex/#/d/1897-087,1897-087:2707-4416,https://ivseliv.github.io/senat/lex/#/d/1897-087?mode=laws&c=%D0%93%D0%9A%D0%9F&q=%D1%81%D1%82.+754&at=2707&end=4416,true
1904-050:ГКП:757:2709,ГКП ст. 757,ГКП,ст. 757,1904-050,1904,50,2709,2716,ст. 757,"й средствъ къ содержанію и воспитанію (ст. 303 гр. улож.), а равно полученіе возможности въ будущемъ участвовать въ раздѣлѣ ихъ наслѣдства (ст. 757 и 758 гр. код.). Посему, если съ момента составленія акта о признаніи возникаютъ означенныя права, то, очевидно, они не могутъ быть разруше",прямое название акта рядом с номером,номер статьи извлечён из OCR; сверяйте со сканом,https://ivseliv.github.io/senat/lex/#/d/1904-050,1904-050:1314-2733,https://ivseliv.github.io/senat/lex/#/d/1904-050?mode=laws&c=%D0%93%D0%9A%D0%9F&q=%D1%81%D1%82.+757&at=1314&end=2733,true
1905-091:ГКП:783:2315,ГКП ст. 783,ГКП,ст. 783,1905-091,1905,91,2315,2322,ст. 783,", постановляетъ, что убыточность не имѣетъ вліянія на дѣйствительность договоровъ за исключеніемъ лишь точно указанныхъ въ законѣ случаевъ (ст. 783, 887, 1079, 1305 и 1674 гр. код.). Внѣ этихъ случаевъ, никто не можетъ требовать уничтоженія договора по причинѣ его убыточности. Въ частно",прямое название акта рядом с номером,номер статьи извлечён из OCR; сверяйте со сканом,https://ivseliv.github.io/senat/lex/#/d/1905-091,1905-091:1601-3435,https://ivseliv.github.io/senat/lex/#/d/1905-091?mode=laws&c=%D0%93%D0%9A%D0%9F&q=%D1%81%D1%82.+783&at=1601&end=3435,true
1905-091:ГКП:815:3038,ГКП ст. 815,ГКП,ст. 815,1905-091,1905,91,3038,3045,ст. 815,"87 гр. код. имѣетъ въ виду исключительно раздѣлъ наслѣдства, прекращающій нераздѣльное владѣніе сонаслѣдниковъ наслѣдственнымъ имуществомъ (ст. 815 гр. код.), и, согласно сему, ст. 888, развивая постановленіе 887 ст. о возможности уничтоженія, по причинѣ убыточности, раздѣла наслѣдства,",прямое название акта рядом с номером,номер статьи извлечён из OCR; сверяйте со сканом,https://ivseliv.github.io/senat/lex/#/d/1905-091,1905-091:1601-3435,https://ivseliv.github.io/senat/lex/#/d/1905-091?mode=laws&c=%D0%93%D0%9A%D0%9F&q=%D1%81%D1%82.+815&at=1601&end=3435,true
1897-074:ГКП:82:3838,ГКП ст. 82,ГКП,ст. 82,1897-074,1897,74,3838,3844,ст. 82,"доли въ наслѣдственномъ имуществѣ въ натурѣ; если же подлежащее раздѣлу недвижимое имущество не можетъ быть раздѣлено въ натурѣ, то оно, по ст. 82 код., должно быть продано съ публичнаго торга. Первая изъ этихъ статей, какъ относящаяся къ матеріальному гражданскому праву, въ виду приве",акт определён по контексту решения,номер статьи извлечён из OCR; сверяйте со сканом,https://ivseliv.github.io/senat/lex/#/d/1897-074,1897-074:2787-4142,https://ivseliv.github.io/senat/lex/#/d/1897-074?mode=laws&c=%D0%93%D0%9A%D0%9F&q=%D1%81%D1%82.+82&at=2787&end=4142,true
1897-074:ГКП:826:3622,ГКП ст. 826,ГКП,ст. 826,1897-074,1897,74,3622,3629,ст. 826,"положительнаго воспрещенія закона, примѣнимаго къ дѣлу. Къ числу такихъ вопросовъ относится и тотъ, который нынѣ подлежитъ разсмотрѣнію. По ст. 826 гражд. код. каждый наслѣдникъ имѣетъ право требовать выдѣла ему его доли въ наслѣдственномъ имуществѣ въ натурѣ; если же подлежащее раздѣлу",прямое название акта рядом с номером,номер статьи извлечён из OCR; сверяйте со сканом,https://ivseliv.github.io/senat/lex/#/d/1897-074,1897-074:2787-4142,https://ivseliv.github.io/senat/lex/#/d/1897-074?mode=laws&c=%D0%93%D0%9A%D0%9F&q=%D1%81%D1%82.+826&at=2787&end=4142,true
1897-090:ГКП:841:384,ГКП ст. 841,ГКП,ст. 841,1897-090,1897,90,384,391,ст. 841,"твенную долю, устранено отъ раздѣла наслѣдства наслѣдникомъ того изъ наслѣдниковъ, отъ котораго эта доля дошла къ такому постороннему лицу (ст. 841 гр. код)? По ст. 841 гр. код., лицо, не наслѣдующее послѣ умершаго, въ случаѣ, если бы кто изъ сонаслѣдниковъ уступилъ ему свое наслѣдствен",прямое название акта рядом с номером,номер статьи извлечён из OCR; сверяйте со сканом,https://ivseliv.github.io/senat/lex/#/d/1897-090,1897-090:0-1713,https://ivseliv.github.io/senat/lex/#/d/1897-090?mode=laws&c=%D0%93%D0%9A%D0%9F&q=%D1%81%D1%82.+841&at=0&end=1713,true
1897-091:ГКП:841:278,ГКП ст. 841,ГКП,ст. 841,1897-091,1897,91,278,285,841 ст.,"вичъ. Въ настоящемъ дѣлѣ подлежитъ разрѣшенію вопросъ: можетъ ли вдова наслѣдодателя по праву пожизненной владѣлица требовать, на основаніи 841 ст. гр. код., устраненія отъ раздѣла наслѣдства посторонняго лица, пріобрѣвшаго отъ одного изъ сонаслѣдниковъ его наслѣдственную долю? По ст. 8",прямое название акта рядом с номером,номер статьи извлечён из OCR; сверяйте со сканом,https://ivseliv.github.io/senat/lex/#/d/1897-091,1897-091:0-1765,https://ivseliv.github.io/senat/lex/#/d/1897-091?mode=laws&c=%D0%93%D0%9A%D0%9F&q=%D1%81%D1%82.+841&at=0&end=1765,true
1905-077:ГКП:841:541,ГКП ст. 841,ГКП,ст. 841,1905-077,1905,77,541,548,841 ст.,"мъ наслѣдствѣ. Мировой съѣздъ, куда дѣло перешло по апелляціонной жалобѣ истца, признавая, что на Іосифа Флорчака распространяется дѣйствіе 841 ст. гр. код., исковыя требованія Антона Палка удовлетворилъ.",прямое название акта рядом с номером,номер статьи извлечён из OCR; сверяйте со сканом,https://ivseliv.github.io/senat/lex/#/d/1905-077,1905-077:0-1741,https://ivseliv.github.io/senat/lex/#/d/1905-077?mode=laws&c=%D0%93%D0%9A%D0%9F&q=%D1%81%D1%82.+841&at=0&end=1741,true
1905-091:ГКП:887:821,ГКП ст. 887,ГКП,ст. 887,1905-091,1905,91,821,828,887 ст.,"предъявила искъ о признаніи совершеннаго по сему акту раздѣла наслѣдства недѣйствительнымъ и объ уничтоженіи его со всѣми послѣдствіями по 887 ст. гр. код., въ виду того, что раздѣлъ этотъ для нея убыточенъ болѣе чѣмъ на ¹/₄ часть. Окружный судъ въ искѣ этомъ отказалъ на основаніи 888",прямое название акта рядом с номером,номер статьи извлечён из OCR; сверяйте со сканом,https://ivseliv.github.io/senat/lex/#/d/1905-091,1905-091:0-1871,https://ivseliv.github.io/senat/lex/#/d/1905-091?mode=laws&c=%D0%93%D0%9A%D0%9F&q=%D1%81%D1%82.+887&at=0&end=1871,true
1905-091:ГКП:888:1492,ГКП ст. 888,ГКП,ст. 888,1905-091,1905,91,1492,1499,888 ст.,"въ собственность недвижимость № 175 и сапожную лавку, совершили мировую сдѣлку, названную ими актомъ раздѣла, и что, посему, въ силу 2-й ч. 888 ст. гр. код., истица, Пикульская, не въ правѣ оспаривать означенный актъ по случаю его убыточности, такъ какъ актъ этотъ, по содержанію своему,",прямое название акта рядом с номером,номер статьи извлечён из OCR; сверяйте со сканом,https://ivseliv.github.io/senat/lex/#/d/1905-091,1905-091:0-1871,https://ivseliv.github.io/senat/lex/#/d/1905-091?mode=laws&c=%D0%93%D0%9A%D0%9F&q=%D1%81%D1%82.+888&at=0&end=1871,true
1905-057:ГКП:913:453,ГКП ст. 913,ГКП,ст. 913,1905-057,1905,57,453,460,ст. 913,"и по отношенію къ половинѣ усадьбы, владѣемой Иваномъ Гумели на основаніи духовнаго завѣщанія, совершеннаго Дмитріемъ Гумели съ нарушеніемъ ст. 913 гр. код., подлежитъ удовлетворенію, рѣшеніе гминнаго суда отмѣнилъ и возвратилъ дѣло въ тотъ же гминный судъ для производства раздѣла. Въ к",прямое название акта рядом с номером,номер статьи извлечён из OCR; сверяйте со сканом,https://ivseliv.github.io/senat/lex/#/d/1905-057,1905-057:0-1590,https://ivseliv.github.io/senat/lex/#/d/1905-057?mode=laws&c=%D0%93%D0%9A%D0%9F&q=%D1%81%D1%82.+913&at=0&end=1590,true
1897-060:СЗГ:1:1255,СЗГ ст. 1,СЗГ,ст. 1,1897-060,1897,60,1255,1260,ст. 1,"основаны на томъ, что право наслѣдованія принадлежитъ по закону только лицамъ, связаннымъ кровнымъ родствомъ съ наслѣдодателемъ (1111 и др. ст. 1 ч. X т.). Усыновленный вступаетъ въ права родныхъ дѣтей, и слѣдовательно въ отношенія кровнаго родства, только къ одному усыновителю (151—1",прямое название акта рядом с номером,номер статьи извлечён из OCR; сверяйте со сканом,https://ivseliv.github.io/senat/lex/#/d/1897-060,1897-060:0-1694,https://ivseliv.github.io/senat/lex/#/d/1897-060?mode=laws&c=%D0%A1%D0%97%D0%93&q=%D1%81%D1%82.+1&at=0&end=1694,true
1897-071:СЗГ:1:556,СЗГ ст. 1,СЗГ,ст. 1,1897-071,1897,71,556,561,ст. 1,"дѣлить, что Моссаковскій, какъ сынъ единоутробнаго брата наслѣдодательницы, оказывается ближайшимъ наслѣдникомъ ея на основаніи 1140 и 1163 ст. 1 ч. X т. въ благопріобрѣтенномъ и родовомъ, доставшемся ей отъ матери имѣніи, четыре же брата Коревицкіе, какъ двоюродные племян- ники наслѣ",прямое название акта рядом с номером,номер статьи извлечён из OCR; сверяйте со сканом,https://ivseliv.github.io/senat/lex/#/d/1897-071,1897-071:0-1952,https://ivseliv.github.io/senat/lex/#/d/1897-071?mode=laws&c=%D0%A1%D0%97%D0%93&q=%D1%81%D1%82.+1&at=0&end=1952,true
1897-096:СЗГ:1:568,СЗГ ст. 1,СЗГ,ст. 1,1897-096,1897,96,568,573,ст. 1,"къ о признаніи вышеозначенной дарственной записи и вводнаго по ней листа недѣйствительными въ виду пун. 7 правилъ 27 декабря 1884 г. и 1529 ст. 1 ч. X т. и объ изъятіи имѣнія изъ незаконнаго владѣнія Скоповской. Отвѣтчики, ссылаясь на 1 п. прилож. къ 694 ст. (прим.) 1 ч. X т. и на рѣш",прямое название акта рядом с номером,номер статьи извлечён из OCR; сверяйте со сканом,https://ivseliv.github.io/senat/lex/#/d/1897-096,1897-096:0-1923,https://ivseliv.github.io/senat/lex/#/d/1897-096?mode=laws&c=%D0%A1%D0%97%D0%93&q=%D1%81%D1%82.+1&at=0&end=1923,true
1904-015:СЗГ:1:6870,СЗГ ст. 1,СЗГ,ст. 1,1904-015,1904,15,6870,6875,ст. 1,"ной судомъ, части обратиться къ выкупу оной, для чего и заявить о своемъ желаніи въ шестимѣсячный срокъ со дня вступленія въ законную силу (ст. 1 и 5 прил. къ ст. 1130 т. X ч. 1) того рѣшенія суда, постановленія котораго требуетъ палата для возникновенія правъ братьевъ на оставленіе з",прямое название акта рядом с номером,номер статьи извлечён из OCR; сверяйте со сканом,https://ivseliv.github.io/senat/lex/#/d/1904-015,1904-015:6130-7413,https://ivseliv.github.io/senat/lex/#/d/1904-015?mode=laws&c=%D0%A1%D0%97%D0%93&q=%D1%81%D1%82.+1&at=6130&end=7413,true
1904-042:СЗГ:1:3966,СЗГ ст. 1,СЗГ,ст. 1,1904-042,1904,42,3966,3971,ст. 1,"составленія завѣщательныхъ распоряженій относительно родовыхъ недвижимыхъ имѣній, расположенныхъ въ предѣлахъ Россіи, изображенный въ 1068 ст. 1 ч. X т. Несомнѣнно, что порядокъ этотъ, совершенно обязательный для русскихъ подданныхъ, не можетъ быть признанъ необязательнымъ для иностр",прямое название акта рядом с номером,номер статьи извлечён из OCR; сверяйте со сканом,https://ivseliv.github.io/senat/lex/#/d/1904-042,1904-042:2758-4524,https://ivseliv.github.io/senat/lex/#/d/1904-042?mode=laws&c=%D0%A1%D0%97%D0%93&q=%D1%81%D1%82.+1&at=2758&end=4524,true
1904-120:СЗГ:1 п. 683:2253,СЗГ ст. 1 п. 683,СЗГ,ст. 1 п. 683,1904-120,1904,120,2253,2265,1 п. 683 ст.,"деніе за причиненіе разстройства здоровья, то таковое при- надлежитъ при жизни лица, коему оно причинено, исключительно ему (ст. 660, 661 и 1 п. 683 ст. X т. 1 ч.), какъ это разъяснено уже Правительствующимъ Сенатомъ (рѣш. 1900 г. № 107). Если, затѣмъ, законъ даетъ лицу, потерпѣвшему разстро",прямое название акта рядом с номером,номер статьи извлечён из OCR; сверяйте со сканом,https://ivseliv.github.io/senat/lex/#/d/1904-120,1904-120:1810-3445,https://ivseliv.github.io/senat/lex/#/d/1904-120?mode=laws&c=%D0%A1%D0%97%D0%93&q=%D1%81%D1%82.+1+%D0%BF.+683&at=1810&end=3445,true
1904-076:СЗГ:1001:909,СЗГ ст. 1001,СЗГ,ст. 1001,1904-076,1904,76,909,917,ст. 1001,"сти имѣло примѣненіе лишь къ случаямъ выхода замужъ дѣвицы совершеннолѣтней; 2) что по самому существу приданаго, составляющаго, по закону (ст. 1001 т. X ч. 1), выдѣлъ дочерей и родственницъ по случаю замужества и предназначеннаго для основанія самостоятельнаго хозяйства новобрачныхъ и д",прямое название акта рядом с номером,номер статьи извлечён из OCR; сверяйте со сканом,https://ivseliv.github.io/senat/lex/#/d/1904-076,1904-076:0-1543,https://ivseliv.github.io/senat/lex/#/d/1904-076?mode=laws&c=%D0%A1%D0%97%D0%93&q=%D1%81%D1%82.+1001&at=0&end=1543,true
1904-076:СЗГ:1005:454,СЗГ ст. 1005,СЗГ,ст. 1005,1904-076,1904,76,454,462,ст. 1005,"несовершеннолѣтнею и со времени достиженія совершеннолѣтія давности не пропустила,—Правительствующій Сенатъ находитъ: 1) что, согласно п. 7 ст. 1005 X т. 1 ч., право сестры на отысканіе въ Черниговской и Полтавской губерніяхъ съ братьевъ приданаго возникаетъ со времени выхода ея замужъ и",прямое название акта рядом с номером,номер статьи извлечён из OCR; сверяйте со сканом,https://ivseliv.github.io/senat/lex/#/d/1904-076,1904-076:0-1543,https://ivseliv.github.io/senat/lex/#/d/1904-076?mode=laws&c=%D0%A1%D0%97%D0%93&q=%D1%81%D1%82.+1005&at=0&end=1543,true
1904-076:СЗГ:1007:1213,СЗГ ст. 1007,СЗГ,ст. 1007,1904-076,1904,76,1213,1221,ст. 1007,"ной ихъ жизни, время для выдѣла приданаго должно совпадать съ выходомъ въ замужество дѣвицы, что подтверждается и правиломъ, изложеннымъ въ ст. 1007 т. X ч. 1., въ силу котораго рядныя записи могутъ быть совершаемы если не прежде брака, то не позднѣе шести мѣсяцевъ послѣ бракосочетанія,",прямое название акта рядом с номером,номер статьи извлечён из OCR; сверяйте со сканом,https://ivseliv.github.io/senat/lex/#/d/1904-076,1904-076:0-1543,https://ivseliv.github.io/senat/lex/#/d/1904-076?mode=laws&c=%D0%A1%D0%97%D0%93&q=%D1%81%D1%82.+1007&at=0&end=1543,true
1905-076:СЗГ:1010:15424,СЗГ ст. 1010,СЗГ,ст. 1010,1905-076,1905,76,15424,15432,1010 ст.,"уховное завѣщаніе Игнатія Афендика, совершенное 22 августа 1883 г., имѣющимъ силу домашняго духовнаго завѣщанія, судебная палата, по разуму 1010 ст. 1 ч. X т. и согласно рѣш. гр. касс. д-та 1871 г. № 392 и 1880 г. № 56, признала Ольгу Иваненко собственницею всего завѣщаннаго ей имущества",прямое название акта рядом с номером,номер статьи извлечён из OCR; сверяйте со сканом,https://ivseliv.github.io/senat/lex/#/d/1905-076,1905-076:14485-16064,https://ivseliv.github.io/senat/lex/#/d/1905-076?mode=laws&c=%D0%A1%D0%97%D0%93&q=%D1%81%D1%82.+1010&at=14485&end=16064,true
1905-035:СЗГ:1012:1606,СЗГ ст. 1012,СЗГ,ст. 1012,1905-035,1905,35,1606,1614,ст. 1012,"обытій, для которыхъ, по закону, требуется письменное удостовѣреніе. Духовное завѣщаніе есть актъ, который долженъ быть изложенъ на письмѣ (ст. 1012, 1046 и 1048 т. X ч. 1), ибо словесныя завѣщанія никакой силы не имѣютъ (ст. 1023). Но и завѣщанія, хотя бы изложенныя на письмѣ, но состав",прямое название акта рядом с номером,номер статьи извлечён из OCR; сверяйте со сканом,https://ivseliv.github.io/senat/lex/#/d/1905-035,1905-035:0-1698,https://ivseliv.github.io/senat/lex/#/d/1905-035?mode=laws&c=%D0%A1%D0%97%D0%93&q=%D1%81%D1%82.+1012&at=0&end=1698,true
1897-051:СЗГ:1013:5158,СЗГ ст. 1013,СЗГ,ст. 1013,1897-051,1897,51,5158,5166,ст. 1013,"установленную для сего книгу отъ слова до слова, точно такъ же, какъ сіе установлено и для крѣпостныхъ духовныхъ завѣщаній (ст. 4 прил. къ ст. 1013 (прим.) т. X ч. I св. зак. гр.). Если затѣмъ въ 16 ст. уст. конс., опредѣляющей порядокъ совершенія удостовѣреній, выдаваемыхъ консуломъ, г",прямое название акта рядом с номером,номер статьи извлечён из OCR; сверяйте со сканом,https://ivseliv.github.io/senat/lex/#/d/1897-051,1897-051:4309-6168,https://ivseliv.github.io/senat/lex/#/d/1897-051?mode=laws&c=%D0%A1%D0%97%D0%93&q=%D1%81%D1%82.+1013&at=4309&end=6168,true
1905-076:СЗГ:1013:14008,СЗГ ст. 1013,СЗГ,ст. 1013,1905-076,1905,76,14008,14016,1013 ст.,"ьзя дѣлать вывода, что нотаріальное завѣщаніе, въ виду возможности перехода его въ домашнее, должно, независимо отъ правилъ, установленныхъ 1013 ст. 1 ч. X т., удовлетворять и всѣмъ условіямъ, которыя требуются для домашнихъ завѣщаній. Принявъ же въ руководство это высказанное Сенатомъ п",прямое название акта рядом с номером,номер статьи извлечён из OCR; сверяйте со сканом,https://ivseliv.github.io/senat/lex/#/d/1905-076,1905-076:13071-14728,https://ivseliv.github.io/senat/lex/#/d/1905-076?mode=laws&c=%D0%A1%D0%97%D0%93&q=%D1%81%D1%82.+1013&at=13071&end=14728,true
1905-035:СЗГ:1023:1688,СЗГ ст. 1023,СЗГ,ст. 1023,1905-035,1905,35,1688,1696,ст. 1023,"щаніе есть актъ, который долженъ быть изложенъ на письмѣ (ст. 1012, 1046 и 1048 т. X ч. 1), ибо словесныя завѣщанія никакой силы не имѣютъ (ст. 1023). Но и завѣщанія, хотя бы изложенныя на письмѣ, но составленныя вопреки установленнымъ въ законѣ формамъ, къ утвержденію не принимаются (ст",прямое название акта рядом с номером,номер статьи извлечён из OCR; сверяйте со сканом,https://ivseliv.github.io/senat/lex/#/d/1905-035,1905-035:0-1698,https://ivseliv.github.io/senat/lex/#/d/1905-035?mode=laws&c=%D0%A1%D0%97%D0%93&q=%D1%81%D1%82.+1023&at=0&end=1698,true
1897-012:СЗГ:1025:5180,СЗГ ст. 1025,СЗГ,ст. 1025,1897-012,1897,12,5180,5188,1025 ст.,"сь Высочайше утвержденное 17-го сентября 1862 г. мнѣніе Государственнаго Совѣта, которымъ, въ прод. 1863 года, дополнено было примѣчаніе къ 1025 ст. 1 ч. X т., изд. 1857 г., и которое въ изданіи 1887 года включено текстуально во вторую часть 1187 ст., въ 394 ст. т. IX зак. о сост. изд. 1",прямое название акта рядом с номером,номер статьи извлечён из OCR; сверяйте со сканом,https://ivseliv.github.io/senat/lex/#/d/1897-012,1897-012:4579-6153,https://ivseliv.github.io/senat/lex/#/d/1897-012?mode=laws&c=%D0%A1%D0%97%D0%93&q=%D1%81%D1%82.+1025&at=4579&end=6153,true
1897-024:СЗГ:1025:12145,СЗГ ст. 1025,СЗГ,ст. 1025,1897-024,1897,24,12145,12153,1025 ст.,"а Блудова, съ которымъ согласились Святѣйшій Правительствующій Синодъ и Государственный Совѣтъ, легло въ основаніе 361 ст. IX т. и прим. къ 1025 ст. 1 ч. X т. въ настоящей ихъ редакціи. Въ этомъ законодательномъ актѣ установлено приведенное выше понятіе о сущности монашества и сдѣлано об",прямое название акта рядом с номером,номер статьи извлечён из OCR; сверяйте со сканом,https://ivseliv.github.io/senat/lex/#/d/1897-024,1897-024:10897-12731,https://ivseliv.github.io/senat/lex/#/d/1897-024?mode=laws&c=%D0%A1%D0%97%D0%93&q=%D1%81%D1%82.+1025&at=10897&end=12731,true
1905-076:СЗГ:1030:5562,СЗГ ст. 1030,СЗГ,ст. 1030,1905-076,1905,76,5562,5570,ст. 1030,"е свидѣтелей равняется тремъ, какъ это и требуется закономъ. Противъ иска этого повѣренный Бутовича, прис. пов. Кацъ, возражалъ: 1) что, по ст. 1030 1 ч. X т., нотаріальное завѣщаніе можетъ быть измѣняемо и отмѣняемо лишь такимъ же нотаріальнымъ завѣщаніемъ или особымъ нотаріальнымъ акто",прямое название акта рядом с номером,номер статьи извлечён из OCR; сверяйте со сканом,https://ivseliv.github.io/senat/lex/#/d/1905-076,1905-076:5300-6556,https://ivseliv.github.io/senat/lex/#/d/1905-076?mode=laws&c=%D0%A1%D0%97%D0%93&q=%D1%81%D1%82.+1030&at=5300&end=6556,true
1905-076:СЗГ:1037:11314,СЗГ ст. 1037,СЗГ,ст. 1037,1905-076,1905,76,11314,11322,1037 ст.,"вленнаго 1030 ст. 1 ч. X т., независимо отъ того, что тотъ же актъ въ порядкѣ совершенія онаго не удовлетворяетъ требованію, предъявляемому 1037 ст. 1 ч. X т. къ нотаріальнымъ завѣщаніямъ, почему и былъ признанъ, какъ нотаріальное духовное завѣщаніе, недѣйствительнымъ. Такимъ образомъ, н",прямое название акта рядом с номером,номер статьи извлечён из OCR; сверяйте со сканом,https://ivseliv.github.io/senat/lex/#/d/1905-076,1905-076:10576-11731,https://ivseliv.github.io/senat/lex/#/d/1905-076?mode=laws&c=%D0%A1%D0%97%D0%93&q=%D1%81%D1%82.+1037&at=10576&end=11731,true
1905-076:СЗГ:1049:6671,СЗГ ст. 1049,СЗГ,ст. 1049,1905-076,1905,76,6671,6679,1049 ст.,"иску Бутовича къ Слинко. Черниговскій окружный судъ нашелъ, что означенное завѣщаніе Афендика не подлежитъ утвержденію по нарушенію 1048 и 1049 ст. 1 ч. X т., такъ какъ переписчикъ его до истеченія года со дня смерти завѣщателя не явился и нѣтъ отъ него письменнаго заявленія, почему не",прямое название акта рядом с номером,номер статьи извлечён из OCR; сверяйте со сканом,https://ivseliv.github.io/senat/lex/#/d/1905-076,1905-076:6334-7949,https://ivseliv.github.io/senat/lex/#/d/1905-076?mode=laws&c=%D0%A1%D0%97%D0%93&q=%D1%81%D1%82.+1049&at=6334&end=7949,true
1905-076:СЗГ:1050:9269,СЗГ ст. 1050,СЗГ,ст. 1050,1905-076,1905,76,9269,9277,1050 ст.,"то былъ переписчикомъ онаго, неявкѣ этого переписчика въ годовой срокъ и неимѣніи въ подписяхъ свидѣтелей удостовѣренія условій, требуемыхъ 1050 ст. 1 ч. X т.",прямое название акта рядом с номером,номер статьи извлечён из OCR; сверяйте со сканом,https://ivseliv.github.io/senat/lex/#/d/1905-076,1905-076:7671-9287,https://ivseliv.github.io/senat/lex/#/d/1905-076?mode=laws&c=%D0%A1%D0%97%D0%93&q=%D1%81%D1%82.+1050&at=7671&end=9287,true
1905-076:СЗГ:1054:5321,СЗГ ст. 1054,СЗГ,ст. 1054,1905-076,1905,76,5321,5329,1054 ст.,"на основаніи 87 ст. пол. о нот. части, будучи по отношенію къ Ольгѣ Иваненко, какъ двоюродный дядя, родственникомъ въ 5 степени, по смыслу 1054 ст. 1 ч. X т., не устраняется отъ свидѣтельства, и, такимъ образомъ, число подписавшихъ завѣщаніе свидѣтелей равняется тремъ, какъ это и требуе",прямое название акта рядом с номером,номер статьи извлечён из OCR; сверяйте со сканом,https://ivseliv.github.io/senat/lex/#/d/1905-076,1905-076:4133-5533,https://ivseliv.github.io/senat/lex/#/d/1905-076?mode=laws&c=%D0%A1%D0%97%D0%93&q=%D1%81%D1%82.+1054&at=4133&end=5533,true
1897-075:СЗГ:106:3304,СЗГ ст. 106,СЗГ,ст. 106,1897-075,1897,75,3304,3311,106 ст.,"аніе довѣренности при заявленіи является тѣмъ болѣе излишнею формальностью, что въ интересахъ истицы дѣйствовалъ ея мужъ, который и въ силу 106 ст. 1 ч. X т. обязанъ защищать свою жену. Хотя статья эта и помѣщена въ отдѣлѣ о личныхъ правахъ супруговъ, тѣмъ не менѣе она можетъ быть примѣ",прямое название акта рядом с номером,номер статьи извлечён из OCR; сверяйте со сканом,https://ivseliv.github.io/senat/lex/#/d/1897-075,1897-075:2948-4578,https://ivseliv.github.io/senat/lex/#/d/1897-075?mode=laws&c=%D0%A1%D0%97%D0%93&q=%D1%81%D1%82.+106&at=2948&end=4578,true
1905-072:СЗГ:1060:10196,СЗГ ст. 1060,СЗГ,ст. 1060,1905-072,1905,72,10196,10204,1060 ст.,"ицу составляетъ нарушеніе 50 и 65 ст. полож. о городск. общественныхъ банкахъ по изд. 1893 г. (49 и 64 ст. по изд. 1903 г.), а равно 1012 и 1060 ст. X т. 1 ч.,—Правительствующій Сенатъ опредѣляетъ: рѣшеніе Московской судебной палаты, за нарушеніемъ 50 и 65 ст. полож. о городск. обществен",прямое название акта рядом с номером,номер статьи извлечён из OCR; сверяйте со сканом,https://ivseliv.github.io/senat/lex/#/d/1905-072,1905-072:9574-10490,https://ivseliv.github.io/senat/lex/#/d/1905-072?mode=laws&c=%D0%A1%D0%97%D0%93&q=%D1%81%D1%82.+1060&at=9574&end=10490,true
1905-035:СЗГ:1066¹:1834,СЗГ ст. 1066¹,СЗГ,ст. 1066¹,1905-035,1905,35,1834,1843,ст. 1066¹,"23). Но и завѣщанія, хотя бы изложенныя на письмѣ, но составленныя вопреки установленнымъ въ законѣ формамъ, къ утвержденію не принимаются (ст. 1066¹); изъ чего слѣдуетъ, что соблюденіе этихъ формъ составляетъ необходимое условіе дѣйствительности завѣщательнаго акта. Наблюденіе за исполне",акт определён по контексту решения,номер статьи извлечён из OCR; сверяйте со сканом,https://ivseliv.github.io/senat/lex/#/d/1905-035,1905-035:1474-3224,https://ivseliv.github.io/senat/lex/#/d/1905-035?mode=laws&c=%D0%A1%D0%97%D0%93&q=%D1%81%D1%82.+1066%C2%B9&at=1474&end=3224,true
1904-021:СЗГ:1066¹²:1025,СЗГ ст. 1066¹²,СЗГ,ст. 1066¹²,1904-021,1904,21,1025,1035,ст. 1066¹²,Гражд. 1904 г. 565 и 566 никакихъ особыхъ правилъ о давности для малолѣтнихъ не содержится; въ ст. 1066¹² говорится лишь о спеціальномъ срокѣ для споровъ противъ завѣщаній. Основаніе для разрѣшенія даннаго вопроса имѣется только въ 1 п. статьи 2,акт определён по контексту решения,номер статьи извлечён из OCR; сверяйте со сканом,https://ivseliv.github.io/senat/lex/#/d/1904-021,1904-021:0-1552,https://ivseliv.github.io/senat/lex/#/d/1904-021?mode=laws&c=%D0%A1%D0%97%D0%93&q=%D1%81%D1%82.+1066%C2%B9%C2%B2&at=0&end=1552,true
1897-065:СЗГ:1066¹⁰:2111,СЗГ ст. 1066¹⁰,СЗГ,ст. 1066¹⁰,1897-065,1897,65,2111,2121,ст. 1066¹⁰,"ѣ судопроизводства, по чьей либо односторонней просьбѣ, не препятствуетъ предъявленію иска, который разрѣшается судомъ на общемъ основаніи (ст. 1066¹⁰, 1066¹², 1241 т. X ч. 1, 1180, 1420 уст. гр. суд.). Такимъ образомъ, законъ предоставляетъ окончательное установленіе гражданскихъ правъ тя",прямое название акта рядом с номером,номер статьи извлечён из OCR; сверяйте со сканом,https://ivseliv.github.io/senat/lex/#/d/1897-065,1897-065:1297-3054,https://ivseliv.github.io/senat/lex/#/d/1897-065?mode=laws&c=%D0%A1%D0%97%D0%93&q=%D1%81%D1%82.+1066%C2%B9%E2%81%B0&at=1297&end=3054,true
1897-011:СЗГ:1067:2765,СЗГ ст. 1067,СЗГ,ст. 1067,1897-011,1897,11,2765,2773,1067 ст.,"имѣніемъ на правѣ собственности; вслѣдствіе чего братъ Шкотиной, какъ первый (съ 1864 года) собственникъ имѣнія, имѣлъ, на основаніи 397 и 1067 ст. 1 ч. X т., право сдѣлать завѣщаніе на это имѣніе, благопріобрѣтенное имъ самимъ.—Такое рѣшеніе судебной палаты не можетъ быть оставлено въ",прямое название акта рядом с номером,номер статьи извлечён из OCR; сверяйте со сканом,https://ivseliv.github.io/senat/lex/#/d/1897-011,1897-011:1364-2986,https://ivseliv.github.io/senat/lex/#/d/1897-011?mode=laws&c=%D0%A1%D0%97%D0%93&q=%D1%81%D1%82.+1067&at=1364&end=2986,true
1904-042:СЗГ:1068:1489,СЗГ ст. 1068,СЗГ,ст. 1068,1904-042,1904,42,1489,1497,1068 ст.,"аго, 1077 и 1078 ст. X т. 1 ч., 4 и 10 п. конвенціи о наслѣдствахъ, заключенной между Россіею и Франціею 20 марта 1874 г., и въ противность 1068 ст. т. X. ч. 1, по силѣ которой распоряженія о родовыхъ имѣніяхъ, въ Россіи находящихся, когда они могутъ быть завѣщаемы, должны быть совершаем",прямое название акта рядом с номером,номер статьи извлечён из OCR; сверяйте со сканом,https://ivseliv.github.io/senat/lex/#/d/1904-042,1904-042:0-1756,https://ivseliv.github.io/senat/lex/#/d/1904-042?mode=laws&c=%D0%A1%D0%97%D0%93&q=%D1%81%D1%82.+1068&at=0&end=1756,true
1904-097:СЗГ:1068:1800,СЗГ ст. 1068,СЗГ,ст. 1068,1904-097,1904,97,1800,1808,ст. 1068,"ховой только 1/7 часть или 11/98 частей, а въ отношеніи остальныхъ 66/98 частей завода духовное завѣщаніе представляется недѣйствительнымъ (ст. 1068 т. X ч. 1), предъявилъ въ С.-Петербургскомъ окружномъ судѣ къ Александрѣ Шуховой искъ о признаніи: 1) за нимъ, какъ наслѣдникомъ Дмитрія Шу",прямое название акта рядом с номером,номер статьи извлечён из OCR; сверяйте со сканом,https://ivseliv.github.io/senat/lex/#/d/1904-097,1904-097:0-2118,https://ivseliv.github.io/senat/lex/#/d/1904-097?mode=laws&c=%D0%A1%D0%97%D0%93&q=%D1%81%D1%82.+1068&at=0&end=2118,true
1904-042:СЗГ:1077:10567,СЗГ ст. 1077,СЗГ,ст. 1077,1904-042,1904,42,10567,10575,ст. 1077,"нъ-При, относящихся до его благопріобрѣтеннаго имѣнія, находящагося въ Россіи, и о взысканіи съ истицы исковой пошлины 949 р., по нарушенію ст. 1077 и 915 т. X ч. 1, конвенціи Россіи съ Франціею о наслѣдствахъ 20 марта 1874 г. и ст. 273, 274 и 849 уст. гр. суд. Противъ кассаціонной жалоб",прямое название акта рядом с номером,номер статьи извлечён из OCR; сверяйте со сканом,https://ivseliv.github.io/senat/lex/#/d/1904-042,1904-042:9293-10833,https://ivseliv.github.io/senat/lex/#/d/1904-042?mode=laws&c=%D0%A1%D0%97%D0%93&q=%D1%81%D1%82.+1077&at=9293&end=10833,true
1897-051:СЗГ:1078:1653,СЗГ ст. 1078,СЗГ,ст. 1078,1897-051,1897,51,1653,1661,ст. 1078,"нія завѣщанія крѣпостнаго или нотаріальнаго; 3) что такой взглядъ повѣреннаго Ратманова не можетъ быть признанъ правильнымъ, ибо, по смыслу ст. 1078 т. X ч. 1 св. зак. гр., явка въ Россійской миссіи или консульствѣ духовныхъ завѣщаній, за границею совершаемыхъ, замѣняетъ совершеніе духов",прямое название акта рядом с номером,номер статьи извлечён из OCR; сверяйте со сканом,https://ivseliv.github.io/senat/lex/#/d/1897-051,1897-051:0-1669,https://ivseliv.github.io/senat/lex/#/d/1897-051?mode=laws&c=%D0%A1%D0%97%D0%93&q=%D1%81%D1%82.+1078&at=0&end=1669,true
1904-042:СЗГ:1078:1361,СЗГ ст. 1078,СЗГ,ст. 1078,1904-042,1904,42,1361,1369,1078 ст.,"нымъ, такъ какъ оно совершено русскимъ подданнымъ и безъ соблюденія порядка, указаннаго въ 4 п. 12, 75 и 80 ст. устава консульскаго, 1077 и 1078 ст. X т. 1 ч., 4 и 10 п. конвенціи о наслѣдствахъ, заключенной между Россіею и Франціею 20 марта 1874 г., и въ противность 1068 ст. т. X. ч. 1,",прямое название акта рядом с номером,номер статьи извлечён из OCR; сверяйте со сканом,https://ivseliv.github.io/senat/lex/#/d/1904-042,1904-042:0-1756,https://ivseliv.github.io/senat/lex/#/d/1904-042?mode=laws&c=%D0%A1%D0%97%D0%93&q=%D1%81%D1%82.+1078&at=0&end=1756,true
1897-069:СЗГ:1084:522,СЗГ ст. 1084,СЗГ,ст. 1084,1897-069,1897,69,522,530,1084 ст.,"скъ по этимъ векселямъ безъ довѣренности со стороны душеприказчика по завѣщанію Зелинской и, такимъ образомъ, 4, 24, 25 ст. уст. гр. суд. и 1084 ст. 1 ч. X т. не нарушены съѣздомъ; во 2-хъ) искъ былъ предъявленъ къ просителямъ и къ сыну ихъ Фишелю по векселямъ, такъ какъ, всѣ трое принял",прямое название акта рядом с номером,номер статьи извлечён из OCR; сверяйте со сканом,https://ivseliv.github.io/senat/lex/#/d/1897-069,1897-069:0-1505,https://ivseliv.github.io/senat/lex/#/d/1897-069?mode=laws&c=%D0%A1%D0%97%D0%93&q=%D1%81%D1%82.+1084&at=0&end=1505,true
1904-099:СЗГ:1086:7566,СЗГ ст. 1086,СЗГ,ст. 1086,1904-099,1904,99,7566,7574,ст. 1086,"стоимость перешедшаго къ нимъ, по завѣщанію отца, имущества, за вычетомъ платежа, на нихъ по завѣщанію въ пользу сонаслѣдницы наложеннаго (ст. 1086 X т. 1 ч. и рѣш. гр. касс. д-та 1874 г. № 596 и 1879 г. № 340). При такихъ, устанавливаемыхъ судомъ юридическихъ отношеніяхъ равноправныхъ",прямое название акта рядом с номером,номер статьи извлечён из OCR; сверяйте со сканом,https://ivseliv.github.io/senat/lex/#/d/1904-099,1904-099:6417-7987,https://ivseliv.github.io/senat/lex/#/d/1904-099?mode=laws&c=%D0%A1%D0%97%D0%93&q=%D1%81%D1%82.+1086&at=6417&end=7987,true
1897-065:СЗГ:1093:3773,СЗГ ст. 1093,СЗГ,ст. 1093,1897-065,1897,65,3773,3781,ст. 1093,"въ дѣлѣ лица раскольники, для которыхъ 19 апрѣля 1874 года изданы особыя правила о метрической записи браковъ, рожденія и смерти (прил. къ ст. 1093 т. IX зак. о сост. изд. 1876 г.). Эти правила послужили источникомъ для статьи 78 X т. 1 ч., изд. 1887 г., и имѣлись въ виду при составлені",прямое название акта рядом с номером,номер статьи извлечён из OCR; сверяйте со сканом,https://ivseliv.github.io/senat/lex/#/d/1897-065,1897-065:2773-4176,https://ivseliv.github.io/senat/lex/#/d/1897-065?mode=laws&c=%D0%A1%D0%97%D0%93&q=%D1%81%D1%82.+1093&at=2773&end=4176,true
1897-065:СЗГ:11:4311,СЗГ ст. 11,СЗГ,ст. 11,1897-065,1897,65,4311,4317,ст. 11,"анія. Предшествовавшее записи брака исполненіе соблюдаемыхъ между раскольниками брачныхъ обрядовъ вѣдѣнію полицейскихъ чиновъ не подлежитъ (ст. 11 и 17); дѣти раскольниковъ подлежатъ записи въ метрическую книгу въ такомъ только случаѣ, если бракъ ихъ родителей записанъ въ такой книгѣ;",акт определён по контексту решения,номер статьи извлечён из OCR; сверяйте со сканом,https://ivseliv.github.io/senat/lex/#/d/1897-065,1897-065:3911-5544,https://ivseliv.github.io/senat/lex/#/d/1897-065?mode=laws&c=%D0%A1%D0%97%D0%93&q=%D1%81%D1%82.+11&at=3911&end=5544,true
1904-048:СЗГ:1104:4319,СЗГ ст. 1104,СЗГ,ст. 1104,1904-048,1904,48,4319,4327,1104 ст.,"ъ оказывается указаніе просителя на то, что право Т. на ходатайство ея объ узаконеніи ея отца родителямъ его находитъ себѣ подтвержденіе въ 1104 ст. 1 ч. X т. св. зак., ибо, какъ онъ полагаетъ, если къ наслѣднику переходитъ вся совокупность правъ наслѣдодателя, то тѣмъ самымъ переходитъ",прямое название акта рядом с номером,номер статьи извлечён из OCR; сверяйте со сканом,https://ivseliv.github.io/senat/lex/#/d/1904-048,1904-048:3909-5029,https://ivseliv.github.io/senat/lex/#/d/1904-048?mode=laws&c=%D0%A1%D0%97%D0%93&q=%D1%81%D1%82.+1104&at=3909&end=5029,true
1905-076:СЗГ:1104:15982,СЗГ ст. 1104,СЗГ,ст. 1104,1905-076,1905,76,15982,15990,1104 ст.,"на наслѣдованіе по закону въ по- ловинѣ имущества Игнатія Афендика и на совмѣстное съ Ольгой Иваненко владѣніе тѣмъ имуществомъ, по смыслу 1104 ст. 1 ч. X т., въ виду завѣщательнаго распоряженія собственника, погашенными. Обратившись, засимъ, къ разрѣшенію иска Владиміра Бутовича къ Анд",прямое название акта рядом с номером,номер статьи извлечён из OCR; сверяйте со сканом,https://ivseliv.github.io/senat/lex/#/d/1905-076,1905-076:14485-16064,https://ivseliv.github.io/senat/lex/#/d/1905-076?mode=laws&c=%D0%A1%D0%97%D0%93&q=%D1%81%D1%82.+1104&at=14485&end=16064,true
1897-005:СЗГ:1111:486,СЗГ ст. 1111,СЗГ,ст. 1111,1897-005,1897,5,486,494,ст. 1111,"оваться наслѣдствомъ, можетъ ли служить основаніемъ къ отказу сыну ея въ искѣ о наслѣдствѣ послѣ дяди? По коренному правилу, выраженному въ ст. 1111 т. X ч. 1, право наслѣдованія, въ порядкѣ закономъ опредѣленномъ простирается на всѣхъ членовъ рода, одно кровное родство составляющихъ. То",прямое название акта рядом с номером,номер статьи извлечён из OCR; сверяйте со сканом,https://ivseliv.github.io/senat/lex/#/d/1897-005,1897-005:0-1527,https://ivseliv.github.io/senat/lex/#/d/1897-005?mode=laws&c=%D0%A1%D0%97%D0%93&q=%D1%81%D1%82.+1111&at=0&end=1527,true
1897-061:СЗГ:1111:734,СЗГ ст. 1111,СЗГ,ст. 1111,1897-061,1897,61,734,742,1111 ст.,"усыновленные не наслѣдуютъ въ имуществѣ родственниковъ усыновителя, ибо право наслѣдованія основано на кровномъ родствѣ съ наслѣдодателемъ (1111 ст. 1 ч. X т. и др.), усыновленный-же вступаетъ только въ права родныхъ дѣтей усыновителя, не становясь ни въ какія новыя отношенія къ его родс",прямое название акта рядом с номером,номер статьи извлечён из OCR; сверяйте со сканом,https://ivseliv.github.io/senat/lex/#/d/1897-061,1897-061:0-1714,https://ivseliv.github.io/senat/lex/#/d/1897-061?mode=laws&c=%D0%A1%D0%97%D0%93&q=%D1%81%D1%82.+1111&at=0&end=1714,true
1897-060:СЗГ:1112:1456,СЗГ ст. 1112,СЗГ,ст. 1112,1897-060,1897,60,1456,1464,1112 ст.,", и слѣдовательно въ отношенія кровнаго родства, только къ одному усыновителю (151—154 ст. 1 ч. X т. изд. 1887 г.), а не ко всему его роду (1112 ст. 1 ч. X т.). Допущеніе вступать въ отношенія кровнаго родства чрезъ усыновленіе, помимо рожденія, составляетъ исключеніе изъ общихъ правилъ,",прямое название акта рядом с номером,номер статьи извлечён из OCR; сверяйте со сканом,https://ivseliv.github.io/senat/lex/#/d/1897-060,1897-060:0-1694,https://ivseliv.github.io/senat/lex/#/d/1897-060?mode=laws&c=%D0%A1%D0%97%D0%93&q=%D1%81%D1%82.+1112&at=0&end=1694,true
1897-060:СЗГ:1119:3021,СЗГ ст. 1119,СЗГ,ст. 1119,1897-060,1897,60,3021,3029,1119 ст.,"принадлежащія“, которымъ единственно только и опредѣлялись права усыновленныхъ до изданія закона 12 марта 1891 г. Одни, руководствуясь 1 ч. 1119 ст. 1 ч. X т., полагали, что усыновленные во всѣхъ линіяхъ и степеняхъ должны быть признаваемы наравнѣ съ законными дѣтьми усыновителя, слѣдова",прямое название акта рядом с номером,номер статьи извлечён из OCR; сверяйте со сканом,https://ivseliv.github.io/senat/lex/#/d/1897-060,1897-060:1450-3265,https://ivseliv.github.io/senat/lex/#/d/1897-060?mode=laws&c=%D0%A1%D0%97%D0%93&q=%D1%81%D1%82.+1119&at=1450&end=3265,true
1904-023:СЗГ:1120:2406,СЗГ ст. 1120,СЗГ,ст. 1120,1904-023,1904,23,2406,2414,ст. 1120,"ный. Вдова не предполагается наслѣдницей; она получаетъ вдовью долю лишь при томъ условіи, если этого потребуетъ (зак. гражд. ст. 1152, ср. ст. 1120). Законный наслѣдникъ воленъ, и не оглашая своихъ правъ, осуществить ихъ фактическимъ вступленіемъ во владѣніе наслѣдствомъ,— тогда какъ су",прямое название акта рядом с номером,номер статьи извлечён из OCR; сверяйте со сканом,https://ivseliv.github.io/senat/lex/#/d/1904-023,1904-023:1169-2416,https://ivseliv.github.io/senat/lex/#/d/1904-023?mode=laws&c=%D0%A1%D0%97%D0%93&q=%D1%81%D1%82.+1120&at=1169&end=2416,true
1897-005:СЗГ:1121:963,СЗГ ст. 1121,СЗГ,ст. 1121,1897-005,1897,5,963,971,ст. 1121,"енникомъ, а необходимо еще быть призваннымъ къ наслѣдованію въ порядкѣ, для сего опредѣленномъ въ законѣ. Порядокъ-же этотъ опредѣляется въ ст. 1121 и 1122 т. X ч. 1 по линіямъ и степенямъ родства, причемъ по общему началу, выраженному въ 1122 ст. X т. 1 ч., „въ каждой линіи ближайшая ст",прямое название акта рядом с номером,номер статьи извлечён из OCR; сверяйте со сканом,https://ivseliv.github.io/senat/lex/#/d/1897-005,1897-005:0-1527,https://ivseliv.github.io/senat/lex/#/d/1897-005?mode=laws&c=%D0%A1%D0%97%D0%93&q=%D1%81%D1%82.+1121&at=0&end=1527,true
1897-065:СЗГ:1121:8479,СЗГ ст. 1121,СЗГ,ст. 1121,1897-065,1897,65,8479,8487,ст. 1121,"ему доляхъ и, въ силу этого, уже само собою устраняется право наслѣдованія Егора Волкова, какъ родственника наслѣдодателя въ боковой линии (ст. 1121,1127 и 1134 X т. 1 ч.). Независимо отъ сего, право наслѣдованія Егора Волкова, по признанію палаты, падаетъ еще и потому, что рожденіе друг",прямое название акта рядом с номером,номер статьи извлечён из OCR; сверяйте со сканом,https://ivseliv.github.io/senat/lex/#/d/1897-065,1897-065:7881-9509,https://ivseliv.github.io/senat/lex/#/d/1897-065?mode=laws&c=%D0%A1%D0%97%D0%93&q=%D1%81%D1%82.+1121&at=7881&end=9509,true
1897-005:СЗГ:1122:1062,СЗГ ст. 1122,СЗГ,ст. 1122,1897-005,1897,5,1062,1070,1122 ст.,"аконѣ. Порядокъ-же этотъ опредѣляется въ ст. 1121 и 1122 т. X ч. 1 по линіямъ и степенямъ родства, причемъ по общему началу, выраженному въ 1122 ст. X т. 1 ч., „въ каждой линіи ближайшая степень исключаетъ дальнѣйшую.“ Для устраненія всякаго сомнѣнія въ значеніи этихъ словъ, та же статья",прямое название акта рядом с номером,номер статьи извлечён из OCR; сверяйте со сканом,https://ivseliv.github.io/senat/lex/#/d/1897-005,1897-005:0-1527,https://ivseliv.github.io/senat/lex/#/d/1897-005?mode=laws&c=%D0%A1%D0%97%D0%93&q=%D1%81%D1%82.+1122&at=0&end=1527,true
1897-005:СЗГ:1123:1924,СЗГ ст. 1123,СЗГ,ст. 1123,1897-005,1897,5,1924,1932,ст. 1123,"ѣ или матери не наслѣдуетъ своему дядѣ, ихъ брату. Постановленія закона, допускающія, рядомъ съ этимъ, наслѣдованіе и дальнѣйшихъ степеней (ст. 1123, 1127 и 1336 т. X ч. 1), не только не содержатъ въ себѣ какого либо отступленія отъ означеннаго начала, но, напротивъ того, проводя его со",прямое название акта рядом с номером,номер статьи извлечён из OCR; сверяйте со сканом,https://ivseliv.github.io/senat/lex/#/d/1897-005,1897-005:1278-2802,https://ivseliv.github.io/senat/lex/#/d/1897-005?mode=laws&c=%D0%A1%D0%97%D0%93&q=%D1%81%D1%82.+1123&at=1278&end=2802,true
1897-061:СЗГ:1123:214,СЗГ ст. 1123,СЗГ,ст. 1123,1897-061,1897,61,214,222,1123 ст.,"айствовала въ охранительномъ порядкѣ объ утвержденіи ея въ правахъ наслѣдства къ имуществу матери усыновителя Пелагеи Лукиной, на основаніи 1123 ст. 1 ч. X т., въ виду смерти усыновителя. Московская судебная палата оставила ходатайство это безъ послѣдствій.",прямое название акта рядом с номером,номер статьи извлечён из OCR; сверяйте со сканом,https://ivseliv.github.io/senat/lex/#/d/1897-061,1897-061:0-1714,https://ivseliv.github.io/senat/lex/#/d/1897-061?mode=laws&c=%D0%A1%D0%97%D0%93&q=%D1%81%D1%82.+1123&at=0&end=1714,true
1897-005:СЗГ:1127:2480,СЗГ ст. 1127,СЗГ,ст. 1127,1897-005,1897,5,2480,2488,ст. 1127,"о дѣти, а за смертью оныхъ—внуки, принадлежащіе къ дальнѣйшимъ степенямъ. Постановляя это общее правило, законъ воспроизводитъ его опять въ ст. 1127 и 1136 т. X ч. 1, опредѣляющихъ, въ частности, порядокъ наслѣдованія въ линіи нисходящей и въ боковыхъ линіяхъ. Точный разумъ приведенныхъ",прямое название акта рядом с номером,номер статьи извлечён из OCR; сверяйте со сканом,https://ivseliv.github.io/senat/lex/#/d/1897-005,1897-005:1278-2802,https://ivseliv.github.io/senat/lex/#/d/1897-005?mode=laws&c=%D0%A1%D0%97%D0%93&q=%D1%81%D1%82.+1127&at=1278&end=2802,true
1904-015:СЗГ:1130:169,СЗГ ст. 1130,СЗГ,ст. 1130,1904-015,1904,15,169,177,ст. 1130,"азсмотрѣвъ по частной жалобѣ кн. Бектабеговыхъ дѣло о выкупѣ указной доли сестры ихъ, Софіи Чернявской, нашла, что, по силѣ п. 1 прилож. къ ст. 1130 (примѣч.) зак. гражд. т. X ч. 1, право братьевъ на выкупъ указной доли сестры изъ наслѣдственнаго недвижимаго имѣнія можетъ возникнуть лишь",прямое название акта рядом с номером,номер статьи извлечён из OCR; сверяйте со сканом,https://ivseliv.github.io/senat/lex/#/d/1904-015,1904-015:0-1638,https://ivseliv.github.io/senat/lex/#/d/1904-015?mode=laws&c=%D0%A1%D0%97%D0%93&q=%D1%81%D1%82.+1130&at=0&end=1638,true
1904-042:СЗГ:1134:7284,СЗГ ст. 1134,СЗГ,ст. 1134,1904-042,1904,42,7284,7292,1134 ст.,"выя имѣнія графа Георгія Сенъ-При, Нижегородскаго уѣзда, остались внѣ законныхъ завѣщательныхъ распоряженій, и потому, согласно 1 п. 1110 и 1134 ст. 1 ч. X т., истица, Жилона Катуаръ-де-Біонкуръ, какъ дочь и единственная наслѣдница сестры графа Сенъ-При,—графини Елизаветы д'Аркуръ, имѣет",прямое название акта рядом с номером,номер статьи извлечён из OCR; сверяйте со сканом,https://ivseliv.github.io/senat/lex/#/d/1904-042,1904-042:5747-7687,https://ivseliv.github.io/senat/lex/#/d/1904-042?mode=laws&c=%D0%A1%D0%97%D0%93&q=%D1%81%D1%82.+1134&at=5747&end=7687,true
1897-071:СЗГ:1135:739,СЗГ ст. 1135,СЗГ,ст. 1135,1897-071,1897,71,739,747,ст. 1135,"вомъ, доставшемся ей отъ матери имѣніи, четыре же брата Коревицкіе, какъ двоюродные племян- ники наслѣдодательницы, состоять ближайшими ея (ст. 1135 и 1136 т. X ч. 1) наслѣдниками въ родовомъ имѣніи, доставшемся ей изъ рода отца; остальныхъ лицъ, заявившихъ о своихъ правахъ наслѣдованія,",прямое название акта рядом с номером,номер статьи извлечён из OCR; сверяйте со сканом,https://ivseliv.github.io/senat/lex/#/d/1897-071,1897-071:0-1952,https://ivseliv.github.io/senat/lex/#/d/1897-071?mode=laws&c=%D0%A1%D0%97%D0%93&q=%D1%81%D1%82.+1135&at=0&end=1952,true
1905-024:СЗГ:1135:1131,СЗГ ст. 1135,СЗГ,ст. 1135,1905-024,1905,24,1131,1139,1135 ст.,"ія Д., Александра Л., Марія К., а равно мужъ и потомство Варвары З., при наличности у нихъ брата Николая Л., не могутъ наслѣдовать за силою 1135 ст. т. X ч. 1 зак. гр. Въ принесенной на это опредѣленіе частной жалобѣ повѣренный Д., Л. и К. объяснилъ, что порядокъ наслѣдованія внѣбрачныхъ",прямое название акта рядом с номером,номер статьи извлечён из OCR; сверяйте со сканом,https://ivseliv.github.io/senat/lex/#/d/1905-024,1905-024:0-1724,https://ivseliv.github.io/senat/lex/#/d/1905-024?mode=laws&c=%D0%A1%D0%97%D0%93&q=%D1%81%D1%82.+1135&at=0&end=1724,true
1905-058:СЗГ:1135:641,СЗГ ст. 1135,СЗГ,ст. 1135,1905-058,1905,58,641,649,1135 ст.,"во, въ правахъ наслѣдства къ которому утверждены отвѣтчики опредѣленіемъ того же суда. Между тѣмъ, единственнымъ наслѣдникомъ, на основаніи 1135 ст. 1 ч. X т., можетъ быть только Семенъ Базилевичъ, какъ родной племянникъ наслѣдодателя. А потому истецъ просилъ: 1) признать приведенное опр",прямое название акта рядом с номером,номер статьи извлечён из OCR; сверяйте со сканом,https://ivseliv.github.io/senat/lex/#/d/1905-058,1905-058:0-1346,https://ivseliv.github.io/senat/lex/#/d/1905-058?mode=laws&c=%D0%A1%D0%97%D0%93&q=%D1%81%D1%82.+1135&at=0&end=1346,true
1897-005:СЗГ:1136:1441,СЗГ ст. 1136,СЗГ,ст. 1136,1897-005,1897,5,1441,1449,ст. 1136,"общее правило, столь явственно изображенное въ законѣ и положенное въ основу всего нашего наслѣдственнаго права, воспроизводится особо и въ ст. 1136 т. X ч. 1, опредѣляющей спеціально порядокъ наслѣдованія въ боковыхъ линіяхъ. На основаніи этой статьи въ боковыхъ линіяхъ, „также какъ и в",прямое название акта рядом с номером,номер статьи извлечён из OCR; сверяйте со сканом,https://ivseliv.github.io/senat/lex/#/d/1897-005,1897-005:0-1527,https://ivseliv.github.io/senat/lex/#/d/1897-005?mode=laws&c=%D0%A1%D0%97%D0%93&q=%D1%81%D1%82.+1136&at=0&end=1527,true
1897-015:СЗГ:1138:9972,СЗГ ст. 1138,СЗГ,ст. 1138,1897-015,1897,15,9972,9980,1138 ст.,"а въ родъ отца, а материнское не просто къ родственникамъ по матери, а всегда въ родъ матери. Это общее и безусловное правило содержится въ 1138 ст. X т. 1 ч. и изъясняется въ томъ смыслѣ, что для наслѣдованія боковыми родственниками родоваго имѣнія требуется не близость родства, а стари",прямое название акта рядом с номером,номер статьи извлечён из OCR; сверяйте со сканом,https://ivseliv.github.io/senat/lex/#/d/1897-015,1897-015:9711-11323,https://ivseliv.github.io/senat/lex/#/d/1897-015?mode=laws&c=%D0%A1%D0%97%D0%93&q=%D1%81%D1%82.+1138&at=9711&end=11323,true
1905-096:СЗГ:1138:1499,СЗГ ст. 1138,СЗГ,ст. 1138,1905-096,1905,96,1499,1507,1138 ст.,"видѣ указной доли, тѣмъ не менѣе, въ виду принадлежности ея къ одному роду съ мужемъ, сохранило у нея свойство родоваго; что выраженное въ 1138 ст. 1 ч. X т. противоположеніе между родомъ отца и родомъ матери наслѣдодателя возможно лишь тогда, когда отецъ и мать наслѣдодателя принадлежа",прямое название акта рядом с номером,номер статьи извлечён из OCR; сверяйте со сканом,https://ivseliv.github.io/senat/lex/#/d/1905-096,1905-096:0-1603,https://ivseliv.github.io/senat/lex/#/d/1905-096?mode=laws&c=%D0%A1%D0%97%D0%93&q=%D1%81%D1%82.+1138&at=0&end=1603,true
1897-068:СЗГ:1148:3000,СЗГ ст. 1148,СЗГ,ст. 1148,1897-068,1897,68,3000,3008,1148 ст.,"роса по разсмотрѣніи историческихъ данныхъ о томъ, какъ образовалась 1151 ст. X т. 1 ч. (сборн. рѣш. 1868 г. № 869), и по соображеніи ея съ 1148 ст. X т. 1 ч. о свободномъ распоряженіи владѣльцевъ благопріобрѣтенными имѣніями. Притомъ постановленіе 1151 статьи, совершенно исключительное,",прямое название акта рядом с номером,номер статьи извлечён из OCR; сверяйте со сканом,https://ivseliv.github.io/senat/lex/#/d/1897-068,1897-068:2166-3814,https://ivseliv.github.io/senat/lex/#/d/1897-068?mode=laws&c=%D0%A1%D0%97%D0%93&q=%D1%81%D1%82.+1148&at=2166&end=3814,true
1897-068:СЗГ:1151:168,СЗГ ст. 1151,СЗГ,ст. 1151,1897-068,1897,68,168,176,1151 ст.,"а оберъ-прокурора, Правительствующій Сенатъ находитъ, что по иску Евдокимовой о выдѣлѣ ей свекромъ ея Ивановымъ указной части, на основаніи 1151 ст. 1 ч. X т., судебная палата признала имѣніе отвѣтчика Иванова, бывшее у отца его благопріобрѣтеннымъ и дошедшее къ отвѣтчику по дарственной",прямое название акта рядом с номером,номер статьи извлечён из OCR; сверяйте со сканом,https://ivseliv.github.io/senat/lex/#/d/1897-068,1897-068:0-1302,https://ivseliv.github.io/senat/lex/#/d/1897-068?mode=laws&c=%D0%A1%D0%97%D0%93&q=%D1%81%D1%82.+1151&at=0&end=1302,true
1904-023:СЗГ:1152:2392,СЗГ ст. 1152,СЗГ,ст. 1152,1904-023,1904,23,2392,2400,ст. 1152,"въ ней указанный. Вдова не предполагается наслѣдницей; она получаетъ вдовью долю лишь при томъ условіи, если этого потребуетъ (зак. гражд. ст. 1152, ср. ст. 1120). Законный наслѣдникъ воленъ, и не оглашая своихъ правъ, осуществить ихъ фактическимъ вступленіемъ во владѣніе наслѣдствомъ,—",прямое название акта рядом с номером,номер статьи извлечён из OCR; сверяйте со сканом,https://ivseliv.github.io/senat/lex/#/d/1904-023,1904-023:1169-2416,https://ivseliv.github.io/senat/lex/#/d/1904-023?mode=laws&c=%D0%A1%D0%97%D0%93&q=%D1%81%D1%82.+1152&at=1169&end=2416,true
1897-068:СЗГ:1154:566,СЗГ ст. 1154,СЗГ,ст. 1154,1897-068,1897,68,566,574,1154 ст.,"ространяется, притомъ имѣніе это получено свекромъ истицы уже послѣ смерти ея мужа, а потому палата отказала ей въ искѣ въ силу 397, 1151 и 1154 ст. X т. 1 ч.—По кассаціонной жалобѣ Евдокимовой подлежитъ разрѣшенію первый вопросъ: благопріобрѣтенное имѣніе родителей, перешедшее къ нимъ о",прямое название акта рядом с номером,номер статьи извлечён из OCR; сверяйте со сканом,https://ivseliv.github.io/senat/lex/#/d/1897-068,1897-068:0-1302,https://ivseliv.github.io/senat/lex/#/d/1897-068?mode=laws&c=%D0%A1%D0%97%D0%93&q=%D1%81%D1%82.+1154&at=0&end=1302,true
1897-071:СЗГ:1163:551,СЗГ ст. 1163,СЗГ,ст. 1163,1897-071,1897,71,551,559,1163 ст.,"опредѣлить, что Моссаковскій, какъ сынъ единоутробнаго брата наслѣдодательницы, оказывается ближайшимъ наслѣдникомъ ея на основаніи 1140 и 1163 ст. 1 ч. X т. въ благопріобрѣтенномъ и родовомъ, доставшемся ей отъ матери имѣніи, четыре же брата Коревицкіе, какъ двоюродные племян- ники нас",прямое название акта рядом с номером,номер статьи извлечён из OCR; сверяйте со сканом,https://ivseliv.github.io/senat/lex/#/d/1897-071,1897-071:0-1952,https://ivseliv.github.io/senat/lex/#/d/1897-071?mode=laws&c=%D0%A1%D0%97%D0%93&q=%D1%81%D1%82.+1163&at=0&end=1952,true
1904-115:СЗГ:1185:607,СЗГ ст. 1185,СЗГ,ст. 1185,1904-115,1904,115,607,615,1185 ст.,"а отказала просителю въ этомъ искѣ.—Въ принесенной на это рѣшеніе со стороны истца кассаціонной жалобѣ указывается на нарушеніе 1531, 1536, 1185 ст. X т. 1 ч., 41, 43, 45 ст. прил. къ 420 ст. X т. 1 ч., § 7 положенія 1827 г. и § 10 положенія 1882 г.",прямое название акта рядом с номером,номер статьи извлечён из OCR; сверяйте со сканом,https://ivseliv.github.io/senat/lex/#/d/1904-115,1904-115:0-1622,https://ivseliv.github.io/senat/lex/#/d/1904-115?mode=laws&c=%D0%A1%D0%97%D0%93&q=%D1%81%D1%82.+1185&at=0&end=1622,true
1897-012:СЗГ:1187:349,СЗГ ст. 1187,СЗГ,ст. 1187,1897-012,1897,12,349,357,ст. 1187,"внесенный имъ вкладомъ по 5 билетамъ въ Вольскій городской общественный банкъ, просилъ Саратовскій окружный судъ о признаніи, на основаніи ст. 1187 т. X ч. 1 и 123 уст. дух. конс., права собственности монастыря на сей капиталъ и объ учиненіи соотвѣтственной надписи на представленныхъ им",прямое название акта рядом с номером,номер статьи извлечён из OCR; сверяйте со сканом,https://ivseliv.github.io/senat/lex/#/d/1897-012,1897-012:0-2028,https://ivseliv.github.io/senat/lex/#/d/1897-012?mode=laws&c=%D0%A1%D0%97%D0%93&q=%D1%81%D1%82.+1187&at=0&end=2028,true
1897-039:СЗГ:1187:1177,СЗГ ст. 1187,СЗГ,ст. 1187,1897-039,1897,39,1177,1185,1187 ст.,"омъ, какое можетъ остаться послѣ ея смерти, а тѣмъ, которое дѣйствительно состояло въ ея обладаніи до постриженія въ монашество; 2) что, по 1187 ст. 1 ч. X т., монастырямъ принадлежитъ право лишь только на то имущество, которое пріобрѣтено монашествующими во время состоянія ихъ въ этомъ",прямое название акта рядом с номером,номер статьи извлечён из OCR; сверяйте со сканом,https://ivseliv.github.io/senat/lex/#/d/1897-039,1897-039:0-1588,https://ivseliv.github.io/senat/lex/#/d/1897-039?mode=laws&c=%D0%A1%D0%97%D0%93&q=%D1%81%D1%82.+1187&at=0&end=1588,true
1905-080:СЗГ:119:3573,СЗГ ст. 119,СЗГ,ст. 119,1905-080,1905,80,3573,3580,119 ст.,"ъясненію противорѣчащее, оставлено въ силѣ быть не можетъ, и потому опредѣляетъ: рѣшеніе Чигиринскаго мироваго съѣзда отмѣнить по нарушенію 119 ст. X т. 1 ч. и 1348 уст. гр. суд., передавъ дѣло въ Черкасскій (Кіевской губ.) мировой съѣздъ.",прямое название акта рядом с номером,номер статьи извлечён из OCR; сверяйте со сканом,https://ivseliv.github.io/senat/lex/#/d/1905-080,1905-080:2760-3672,https://ivseliv.github.io/senat/lex/#/d/1905-080?mode=laws&c=%D0%A1%D0%97%D0%93&q=%D1%81%D1%82.+119&at=2760&end=3672,true
1904-042:СЗГ:12:5584,СЗГ ст. 12,СЗГ,ст. 12,1904-042,1904,42,5584,5590,12 ст.,"ядокъ, указанный въ 1068 ст. 1 ч. X т., а именно: или 1) составить нотаріальное завѣщаніе, или 2) согласно 1077 и 1078 ст. 1 ч. X т. и 4 п. 12 ст. уст. конс., явить въ Россійскомъ консульствѣ, посольствѣ или миссіи домашнее завѣщаніе, составленное, если пожелаетъ, по обряду той страны,",прямое название акта рядом с номером,номер статьи извлечён из OCR; сверяйте со сканом,https://ivseliv.github.io/senat/lex/#/d/1904-042,1904-042:4241-5964,https://ivseliv.github.io/senat/lex/#/d/1904-042?mode=laws&c=%D0%A1%D0%97%D0%93&q=%D1%81%D1%82.+12&at=4241&end=5964,true
1905-080:СЗГ:120:2357,СЗГ ст. 120,СЗГ,ст. 120,1905-080,1905,80,2357,2364,120 ст.,"амужества имѣла половыя сношенія и котораго считаетъ отцомъ означеннаго ребенка. Рѣшеніемъ 1902 г. № 108 разъяснено, что законами, въ 119 и 120 ст. X т. 1 ч. изложенными, устанавливается законное предположеніе, состоящее въ томъ, что если рожденіе даннаго лица воспослѣдовало при существ",прямое название акта рядом с номером,номер статьи извлечён из OCR; сверяйте со сканом,https://ivseliv.github.io/senat/lex/#/d/1905-080,1905-080:1400-2971,https://ivseliv.github.io/senat/lex/#/d/1905-080?mode=laws&c=%D0%A1%D0%97%D0%93&q=%D1%81%D1%82.+120&at=1400&end=2971,true
1897-071:СЗГ:1222:1069,СЗГ ст. 1222,СЗГ,ст. 1222,1897-071,1897,71,1069,1077,ст. 1222,"хъ правъ и состоящими въ болѣе дальнихъ степеняхъ родства. По принесеніи судебной палатѣ 16 частныхъ жалобъ судебная палата, по соображеніи ст. 1222, 1224—1226, 1239, 1241, 1254 т. X ч. 1, ст. 1401—1408 уст. г. с. и рѣшеній Правительствующаго Сената (собр. гражд. касс. департ. 1867 г. №",прямое название акта рядом с номером,номер статьи извлечён из OCR; сверяйте со сканом,https://ivseliv.github.io/senat/lex/#/d/1897-071,1897-071:0-1952,https://ivseliv.github.io/senat/lex/#/d/1897-071?mode=laws&c=%D0%A1%D0%97%D0%93&q=%D1%81%D1%82.+1222&at=0&end=1952,true
1897-024:СЗГ:1223:18046,СЗГ ст. 1223,СЗГ,ст. 1223,1897-024,1897,24,18046,18054,1223 ст.,"щества и долженъ распорядиться имъ ранѣе по своему желанію. Въ отношеніи недвижимыхъ имѣній такое правило прямо выражено въ 354 ст. IX т. и 1223 ст. 1 ч. X т. Оба эти постановленія древняго происхожденія (1649 г. гл. XVII, ст. 43) и имѣли въ виду устранить существовавшій тогда фактъ влад",прямое название акта рядом с номером,номер статьи извлечён из OCR; сверяйте со сканом,https://ivseliv.github.io/senat/lex/#/d/1897-024,1897-024:17285-18828,https://ivseliv.github.io/senat/lex/#/d/1897-024?mode=laws&c=%D0%A1%D0%97%D0%93&q=%D1%81%D1%82.+1223&at=17285&end=18828,true
1897-039:СЗГ:1223:2253,СЗГ ст. 1223,СЗГ,ст. 1223,1897-039,1897,39,2253,2261,1223 ст.,"лѣдованіе по закону. Удерживать за собою имущество, пріобрѣтенное до пострижения, монашествующимъ воспрещается (354 ст. IX т. зак. о сост., 1223 ст. 1 ч. X т.). Такимъ образомъ, со времени постриженія, монашествующій порываетъ всякую связь съ имуществомъ, пріобрѣтеннымъ ранѣе того, если",прямое название акта рядом с номером,номер статьи извлечён из OCR; сверяйте со сканом,https://ivseliv.github.io/senat/lex/#/d/1897-039,1897-039:1333-3531,https://ivseliv.github.io/senat/lex/#/d/1897-039?mode=laws&c=%D0%A1%D0%97%D0%93&q=%D1%81%D1%82.+1223&at=1333&end=3531,true
1897-071:СЗГ:1239:5693,СЗГ ст. 1239,СЗГ,ст. 1239,1897-071,1897,71,5693,5701,1239 ст.,"кивать имѣніе изъ чужаго владѣнія. Когда при открытіи наслѣдства всѣ или нѣкоторые наслѣдники отсутствуютъ, производится вызовъ ихъ (1226 и 1239 ст. 1 ч. X т.) и принимаются мѣры охраненія наслѣдства (1403 ст. уст. гражд. суд.). Буде отсутствующіе наслѣдники не явятся въ теченіи полугода",прямое название акта рядом с номером,номер статьи извлечён из OCR; сверяйте со сканом,https://ivseliv.github.io/senat/lex/#/d/1897-071,1897-071:5028-6679,https://ivseliv.github.io/senat/lex/#/d/1897-071?mode=laws&c=%D0%A1%D0%97%D0%93&q=%D1%81%D1%82.+1239&at=5028&end=6679,true
1897-005:СЗГ:1241:3075,СЗГ ст. 1241,СЗГ,ст. 1241,1897-005,1897,5,3075,3083,1241 ст.,"я послѣ дяди. Не имѣя по закону означеннаго права, онъ не можетъ присвоивать его себѣ въ силу того только обстоятельства, что мать, вопреки 1241 ст. X т. 1 ч., не явилась на учиненный въ публикаціяхъ вызовъ и не заявляетъ желанія своего воспользоваться означеннымъ наслѣдствомъ. Статья 12",прямое название акта рядом с номером,номер статьи извлечён из OCR; сверяйте со сканом,https://ivseliv.github.io/senat/lex/#/d/1897-005,1897-005:2507-4133,https://ivseliv.github.io/senat/lex/#/d/1897-005?mode=laws&c=%D0%A1%D0%97%D0%93&q=%D1%81%D1%82.+1241&at=2507&end=4133,true
1897-071:СЗГ:1241:6101,СЗГ ст. 1241,СЗГ,ст. 1241,1897-071,1897,71,6101,6109,1241 ст.,наслѣдствомъ; но симъ отсутствующіе наслѣдники не теряютъ своего права на открытіе спора установленнымъ порядкомъ и въ опредѣленные сроки (1241 ст. 1 ч. X т.). По ст. 1408 уст. гражд. суд. на судъ въ порядкѣ охранительнаго судопроизводства возложена обязанность оказывать содѣйствіе явив,прямое название акта рядом с номером,номер статьи извлечён из OCR; сверяйте со сканом,https://ivseliv.github.io/senat/lex/#/d/1897-071,1897-071:5028-6679,https://ivseliv.github.io/senat/lex/#/d/1897-071?mode=laws&c=%D0%A1%D0%97%D0%93&q=%D1%81%D1%82.+1241&at=5028&end=6679,true
1905-058:СЗГ:1243:2592,СЗГ ст. 1243,СЗГ,ст. 1243,1905-058,1905,58,2592,2600,1243 ст.,"о рѣшеніе кассаціонной жалобѣ повѣренный упомянутой опеки, присяжный повѣренный Познанскій, ходатайствуетъ объ отмѣнѣ рѣшенія, по нарушенію 1243 ст. 1 ч. X т. и 1453 ст. уст. гр. суд. Въ объясненіи на кассаціонную жалобу повѣренный Платониды Базилевичъ, Владиміра и Елены Навродскихъ и др",прямое название акта рядом с номером,номер статьи извлечён из OCR; сверяйте со сканом,https://ivseliv.github.io/senat/lex/#/d/1905-058,1905-058:1056-2960,https://ivseliv.github.io/senat/lex/#/d/1905-058?mode=laws&c=%D0%A1%D0%97%D0%93&q=%D1%81%D1%82.+1243&at=1056&end=2960,true
1905-097:СЗГ:1243:2866,СЗГ ст. 1243,СЗГ,ст. 1243,1905-097,1905,97,2866,2874,ст. 1243,"ава объ удостовѣреніи въ безвѣстномъ отсутствіи, какъ сказано въ мотивахъ подъ ст. 1451 уст. гр. суд. изд. Гос. Канц., есть только развитіе ст. 1243 т. X ч. 1, по которой имѣніе лица, въ безвѣстномъ отсутствіи находящагося, по надлежащемъ въ томъ удостовѣреніи, берется въ казенный присмо",прямое название акта рядом с номером,номер статьи извлечён из OCR; сверяйте со сканом,https://ivseliv.github.io/senat/lex/#/d/1905-097,1905-097:1609-3214,https://ivseliv.github.io/senat/lex/#/d/1905-097?mode=laws&c=%D0%A1%D0%97%D0%93&q=%D1%81%D1%82.+1243&at=1609&end=3214,true
1905-058:СЗГ:1246:9896,СЗГ ст. 1246,СЗГ,ст. 1246,1905-058,1905,58,9896,9904,ст. 1246,"зависитъ отъ воли наслѣдника (ст. 1255 т. X ч. 1), и неявившійся наслѣдникъ въ теченіе десяти лѣтъ можетъ явиться для полученія наслѣдства (ст. 1246), но эти положенія не лишаютъ опекуна безвѣстно-отсутствующаго права, въ качествѣ его законнаго представителя, изъявлять за него согласіе н",прямое название акта рядом с номером,номер статьи извлечён из OCR; сверяйте со сканом,https://ivseliv.github.io/senat/lex/#/d/1905-058,1905-058:8719-10606,https://ivseliv.github.io/senat/lex/#/d/1905-058?mode=laws&c=%D0%A1%D0%97%D0%93&q=%D1%81%D1%82.+1246&at=8719&end=10606,true
1897-071:СЗГ:1254:4920,СЗГ ст. 1254,СЗГ,ст. 1254,1897-071,1897,71,4920,4928,1254 ст.,"ыслу законовъ, Правительствующій Сенатъ находитъ, что право на открывшееся наслѣдство принадлежитъ наслѣдникамъ съ самой кончины владѣльца (1254 ст. 1 ч. X т.). Какъ признавалъ Государственный Совѣтъ (судебные уставы съ изложеніемъ разсужденій, на коихъ они основаны, изд. 1866 г. т. I, с",прямое название акта рядом с номером,номер статьи извлечён из OCR; сверяйте со сканом,https://ivseliv.github.io/senat/lex/#/d/1897-071,1897-071:3420-5275,https://ivseliv.github.io/senat/lex/#/d/1897-071?mode=laws&c=%D0%A1%D0%97%D0%93&q=%D1%81%D1%82.+1254&at=3420&end=5275,true
1904-015:СЗГ:1254:5074,СЗГ ст. 1254,СЗГ,ст. 1254,1904-015,1904,15,5074,5082,ст. 1254,"вленіе за собою указной доли сестры въ недвижимомъ имуществѣ, возникая, какъ и всѣ вообще права наслѣдства, съ самой кончины наслѣдодателя (ст. 1254 т. X ч. 1), не поставлены въ исключительную зависимость отъ требованія сестеръ о выдѣлѣ имъ указной части изъ наслѣдственной недвижимости,",прямое название акта рядом с номером,номер статьи извлечён из OCR; сверяйте со сканом,https://ivseliv.github.io/senat/lex/#/d/1904-015,1904-015:4283-5475,https://ivseliv.github.io/senat/lex/#/d/1904-015?mode=laws&c=%D0%A1%D0%97%D0%93&q=%D1%81%D1%82.+1254&at=4283&end=5475,true
1897-071:СЗГ:1255:5442,СЗГ ст. 1255,СЗГ,ст. 1255,1897-071,1897,71,5442,5450,ст. 1255,"тически принято на лицо находящимися при смерти владѣльца наслѣдниками, которые могутъ владѣть и пользоваться онымъ въ личную себѣ прибыль (ст. 1255, 1258 и 1261 1 ч. X т.), а равно наслѣдники и безъ утвержденія въ правахъ наслѣдства имѣютъ право отыскивать имѣніе изъ чужаго владѣнія. Ко",прямое название акта рядом с номером,номер статьи извлечён из OCR; сверяйте со сканом,https://ivseliv.github.io/senat/lex/#/d/1897-071,1897-071:5028-6679,https://ivseliv.github.io/senat/lex/#/d/1897-071?mode=laws&c=%D0%A1%D0%97%D0%93&q=%D1%81%D1%82.+1255&at=5028&end=6679,true
1905-058:СЗГ:1255:9786,СЗГ ст. 1255,СЗГ,ст. 1255,1905-058,1905,58,9786,9794,ст. 1255,"вовать осторожно и собрать всѣ доступныя имъ свѣдѣнія объ активѣ и пассивѣ наслѣдодателя. Принятіе наслѣдства зависитъ отъ воли наслѣдника (ст. 1255 т. X ч. 1), и неявившійся наслѣдникъ въ теченіе десяти лѣтъ можетъ явиться для полученія наслѣдства (ст. 1246), но эти положенія не лишаютъ",прямое название акта рядом с номером,номер статьи извлечён из OCR; сверяйте со сканом,https://ivseliv.github.io/senat/lex/#/d/1905-058,1905-058:8719-10606,https://ivseliv.github.io/senat/lex/#/d/1905-058?mode=laws&c=%D0%A1%D0%97%D0%93&q=%D1%81%D1%82.+1255&at=8719&end=10606,true
1897-069:СЗГ:1258:318,СЗГ ст. 1258,СЗГ,ст. 1258,1897-069,1897,69,318,326,1258 ст.,"шеній неосновательно, такъ какъ: во 1-хъ) Козловская, состоя наследницею Каролины Зелинской, получившей отъ просителей два векселя, въ силу 1258 ст. 1 ч. X т., имѣла несомнѣнное право предъявить къ нимъ искъ по этимъ векселямъ безъ довѣренности со стороны душеприказчика по завѣщанію Зели",прямое название акта рядом с номером,номер статьи извлечён из OCR; сверяйте со сканом,https://ivseliv.github.io/senat/lex/#/d/1897-069,1897-069:0-1505,https://ivseliv.github.io/senat/lex/#/d/1897-069?mode=laws&c=%D0%A1%D0%97%D0%93&q=%D1%81%D1%82.+1258&at=0&end=1505,true
1897-069:СЗГ:1259:3184,СЗГ ст. 1259,СЗГ,ст. 1259,1897-069,1897,69,3184,3192,1259 ст.,"слѣдниковъ имѣетъ право требовать только тѣ суммы и по тѣмъ только документамъ, которые ему отказаны, соразмѣрно своей наслѣдственной долѣ (1259 ст. 1 ч. X т.), если онъ не является представителемъ и другихъ наслѣдниковъ или не проситъ объ обращеніи взыскиваемой суммы въ наслѣдственную п",прямое название акта рядом с номером,номер статьи извлечён из OCR; сверяйте со сканом,https://ivseliv.github.io/senat/lex/#/d/1897-069,1897-069:2676-4719,https://ivseliv.github.io/senat/lex/#/d/1897-069?mode=laws&c=%D0%A1%D0%97%D0%93&q=%D1%81%D1%82.+1259&at=2676&end=4719,true
1904-070:СЗГ:1259:593,СЗГ ст. 1259,СЗГ,ст. 1259,1904-070,1904,70,593,601,1259 ст.,"и его Татьянѣ Б., незаконныя же его дѣти остались безъ всякихъ средствъ къ жизни и безъ возможности получить образованіе. Ссылаясь на 172 и 1259 ст. X т. 1 ч. и объясняя, что послѣ Р. осталось состояніе до 200,000 рубл., повѣренный З. просилъ обязать отвѣтчицъ выплачивать, соотвѣтственно",прямое название акта рядом с номером,номер статьи извлечён из OCR; сверяйте со сканом,https://ivseliv.github.io/senat/lex/#/d/1904-070,1904-070:0-1585,https://ivseliv.github.io/senat/lex/#/d/1904-070?mode=laws&c=%D0%A1%D0%97%D0%93&q=%D1%81%D1%82.+1259&at=0&end=1585,true
1905-102:СЗГ:1259:785,СЗГ ст. 1259,СЗГ,ст. 1259,1905-102,1905,102,785,793,1259 ст.,"рентій Тымчукъ, завладѣвъ землею отца по наслѣдству, отказывается отъ исполненія означеннаго договора; посему Школяръ просилъ, на основаніи 1259 ст. 1 ч. X т., обязать Лаврентія Тымчука исполнить этотъ договоръ и передать ему въ арендное содержаніе 4½ дес. пахатной, сѣнокосной и усадебно",прямое название акта рядом с номером,номер статьи извлечён из OCR; сверяйте со сканом,https://ivseliv.github.io/senat/lex/#/d/1905-102,1905-102:0-1530,https://ivseliv.github.io/senat/lex/#/d/1905-102?mode=laws&c=%D0%A1%D0%97%D0%93&q=%D1%81%D1%82.+1259&at=0&end=1530,true
1905-004:СЗГ:1261:2941,СЗГ ст. 1261,СЗГ,ст. 1261,1905-004,1905,4,2941,2949,ст. 1261,"ствомъ или же совершеніемъ имъ какого-либо инаго дѣйствія, проявляющаго принятіе имъ, наслѣдникомъ, дошедшаго къ нему по закону наслѣдства (ст. 1261 зак. гражд.). Приходя по симъ основаніямъ къ разрѣшенію поставленнаго выше вопроса въ отрицательномъ смыслѣ и признавая, въ виду сего, обжа",прямое название акта рядом с номером,номер статьи извлечён из OCR; сверяйте со сканом,https://ivseliv.github.io/senat/lex/#/d/1905-004,1905-004:1743-3242,https://ivseliv.github.io/senat/lex/#/d/1905-004?mode=laws&c=%D0%A1%D0%97%D0%93&q=%D1%81%D1%82.+1261&at=1743&end=3242,true
1897-005:СЗГ:1265:6636,СЗГ ст. 1265,СЗГ,ст. 1265,1897-005,1897,5,6636,6644,1265 ст.,"въ смыслѣ безмолвнаго отреченія отъ онаго. Законъ, приравнивая неявку наслѣдника въ установленные сроки къ отрече- нію отъ наслѣдства (2 п. 1265 ст. X т. 1 ч.), въ то же время предоставляетъ наслѣднику, не явившемуся въ 6-ти мѣсячный срокъ на учиненный вызовъ, право на открытіе спора о н",прямое название акта рядом с номером,номер статьи извлечён из OCR; сверяйте со сканом,https://ivseliv.github.io/senat/lex/#/d/1897-005,1897-005:5301-6899,https://ivseliv.github.io/senat/lex/#/d/1897-005?mode=laws&c=%D0%A1%D0%97%D0%93&q=%D1%81%D1%82.+1265&at=5301&end=6899,true
1904-097:СЗГ:1265:4793,СЗГ ст. 1265,СЗГ,ст. 1265,1904-097,1904,97,4793,4801,1265 ст.,"Приступая къ разрѣшенію этого вопроса, Правительствующій Сенатъ находитъ, что, по точному смыслу 1265 ст. Х т. 1 ч., отреченіемъ признается невступленіе наслѣдникомъ въ наслѣдство, т.-е. непользованіе имъ правомъ, сопряженнымъ съ обладаніемъ нас",прямое название акта рядом с номером,номер статьи извлечён из OCR; сверяйте со сканом,https://ivseliv.github.io/senat/lex/#/d/1904-097,1904-097:4429-6178,https://ivseliv.github.io/senat/lex/#/d/1904-097?mode=laws&c=%D0%A1%D0%97%D0%93&q=%D1%81%D1%82.+1265&at=4429&end=6178,true
1904-042:СЗГ:1284:17479,СЗГ ст. 1284,СЗГ,ст. 1284,1904-042,1904,42,17479,17487,1284 ст.,"Россіи какъ для русскихъ подданныхъ, такъ и для пребывающихъ въ Россіи иностранцевъ (ср. ст. 822 и 834 IX т. св. зак. изд. 1899 г., 1047 и 1284 ст. X т. 1 ч.), но, за силою 464 и 707 ст. у. г. с., необязательны при составленіи иностранцами въ ихъ отечествѣ духовныхъ завѣщаній вообще, а",прямое название акта рядом с номером,номер статьи извлечён из OCR; сверяйте со сканом,https://ivseliv.github.io/senat/lex/#/d/1904-042,1904-042:16944-18848,https://ivseliv.github.io/senat/lex/#/d/1904-042?mode=laws&c=%D0%A1%D0%97%D0%93&q=%D1%81%D1%82.+1284&at=16944&end=18848,true
1904-040:СЗГ:1287:2067,СЗГ ст. 1287,СЗГ,ст. 1287,1904-040,1904,40,2067,2075,ст. 1287,"о находится въ Малой-Русавѣ, Ямпольскаго у., Каменецъ-Подольской губерніи, гдѣ дѣйствуютъ общеимперскіе законы, должно имѣть мѣсто согласно ст. 1287 т. X ч. 1, потому что мѣстомъ водворенія умершаго наслѣдодателя должна признаваться Варшавская губернія, къ дворянамъ которой онъ былъ прип",прямое название акта рядом с номером,номер статьи извлечён из OCR; сверяйте со сканом,https://ivseliv.github.io/senat/lex/#/d/1904-040,1904-040:1616-3503,https://ivseliv.github.io/senat/lex/#/d/1904-040?mode=laws&c=%D0%A1%D0%97%D0%93&q=%D1%81%D1%82.+1287&at=1616&end=3503,true
1904-023:СЗГ:1301:3332,СЗГ ст. 1301,СЗГ,ст. 1301,1904-023,1904,23,3332,3340,1301 ст.,"доводовъ кассаціонной жалобы,—Правительствующій Сенатъ опредѣляетъ: рѣшеніе Тифлисской судебной палаты, по нарушенію ст. 9 уст. гр. суд. и 1301 ст. X т. 1 ч., отмѣнить и передать дѣло на разсмотрѣніе другаго ея департамента.",прямое название акта рядом с номером,номер статьи извлечён из OCR; сверяйте со сканом,https://ivseliv.github.io/senat/lex/#/d/1904-023,1904-023:2193-3417,https://ivseliv.github.io/senat/lex/#/d/1904-023?mode=laws&c=%D0%A1%D0%97%D0%93&q=%D1%81%D1%82.+1301&at=2193&end=3417,true
1905-076:СЗГ:1301:4069,СЗГ ст. 1301,СЗГ,ст. 1301,1905-076,1905,76,4069,4077,1301 ст.,"процессѣ; почему купчая крѣпость на продажу ему, Слинко, 147 д. 2123 с. въ отношеніи половины этого имущества недѣйствительна, и б) что, по 1301 ст. 1 ч. X т., тѣ только акты отчужденія остаются въ силѣ, которые совершены наслѣдникомъ по завѣщанію до открытія спора наслѣдниками по закону",прямое название акта рядом с номером,номер статьи извлечён из OCR; сверяйте со сканом,https://ivseliv.github.io/senat/lex/#/d/1905-076,1905-076:2863-4383,https://ivseliv.github.io/senat/lex/#/d/1905-076?mode=laws&c=%D0%A1%D0%97%D0%93&q=%D1%81%D1%82.+1301&at=2863&end=4383,true
1904-015:СЗГ:1313:6547,СЗГ ст. 1313,СЗГ,ст. 1313,1904-015,1904,15,6547,6555,ст. 1313,"естры не лишены, конечно, права оставаться въ общемъ владѣніи или просить о выдѣлѣ въ натуру своихъ частей изъ наслѣдственной недвижимости (ст. 1313 т. X ч. 1); въ послѣднемъ случаѣ братья, не воспользовавшіеся правомъ оставленія доли сестры, а допустившіе выдѣлъ ей указной части, должны",прямое название акта рядом с номером,номер статьи извлечён из OCR; сверяйте со сканом,https://ivseliv.github.io/senat/lex/#/d/1904-015,1904-015:6130-7413,https://ivseliv.github.io/senat/lex/#/d/1904-015?mode=laws&c=%D0%A1%D0%97%D0%93&q=%D1%81%D1%82.+1313&at=6130&end=7413,true
1904-088:СЗГ:1314:3316,СЗГ ст. 1314,СЗГ,ст. 1314,1904-088,1904,88,3316,3324,1314 ст.,"латѣ и ею устранено ссылкою на рѣшеніе гражд. касс. д-та 1875 г. № 178, по коему, какъ говоритъ палата, осуществленіе права, основаннаго на 1314 ст. 1 ч. X т. и нарушеннаго продажею безъ согласія сонаслѣдниковъ части общаго ихъ наслѣдственнаго имѣнія, можетъ состояться только по общимъ п",прямое название акта рядом с номером,номер статьи извлечён из OCR; сверяйте со сканом,https://ivseliv.github.io/senat/lex/#/d/1904-088,1904-088:2838-4491,https://ivseliv.github.io/senat/lex/#/d/1904-088?mode=laws&c=%D0%A1%D0%97%D0%93&q=%D1%81%D1%82.+1314&at=2838&end=4491,true
1904-015:СЗГ:1315:5800,СЗГ ст. 1315,СЗГ,ст. 1315,1904-015,1904,15,5800,5808,ст. 1315,"съ нею наслѣдственнаго имѣнія путемъ оставленія этой доли за собою на основаніи полюбовнаго соглашенія или посредствомъ судебнаго раздѣла (ст. 1315 и прим. къ ст. 1 прилож. къ ст. 1130) съ удовлетвореніемъ сестры въ обоихъ случаяхъ деньгами по оцѣнкѣ, установленной также—или по соглашен",акт определён по контексту решения,номер статьи извлечён из OCR; сверяйте со сканом,https://ivseliv.github.io/senat/lex/#/d/1904-015,1904-015:5208-6350,https://ivseliv.github.io/senat/lex/#/d/1904-015?mode=laws&c=%D0%A1%D0%97%D0%93&q=%D1%81%D1%82.+1315&at=5208&end=6350,true
1905-007:СЗГ:1315:4619,СЗГ ст. 1315,СЗГ,ст. 1315,1905-007,1905,7,4619,4627,ст. 1315,"іе въ правахъ наслѣдства, само по себѣ, не могло создать какого бы то ни было договора о раздѣлѣ наслѣдства. Полюбовный раздѣлъ наслѣдства (ст. 1315 т. X ч. 1) имѣетъ значеніе договора, силою котораго, по добровольному согласію наслѣдниковъ, общая собственность замѣняется отдѣленными опр",прямое название акта рядом с номером,номер статьи извлечён из OCR; сверяйте со сканом,https://ivseliv.github.io/senat/lex/#/d/1905-007,1905-007:4343-5960,https://ivseliv.github.io/senat/lex/#/d/1905-007?mode=laws&c=%D0%A1%D0%97%D0%93&q=%D1%81%D1%82.+1315&at=4343&end=5960,true
1897-058:СЗГ:1317:29346,СЗГ ст. 1317,СЗГ,ст. 1317,1897-058,1897,58,29346,29354,1317 ст.,"а на исполненіе рѣшенія, отмѣнить, по нарушенію 339, 706, 711 ст. уст. гр. суд. и по неправильному примѣненію 389 и 504 ст. уст. гр. суд. и 1317 ст. X т. 1 ч., и передать дѣло, для обсужденія его по симъ предметамъ, въ другой департаментъ той же палаты.",прямое название акта рядом с номером,номер статьи извлечён из OCR; сверяйте со сканом,https://ivseliv.github.io/senat/lex/#/d/1897-058,1897-058:28541-29459,https://ivseliv.github.io/senat/lex/#/d/1897-058?mode=laws&c=%D0%A1%D0%97%D0%93&q=%D1%81%D1%82.+1317&at=28541&end=29459,true
1905-059:СЗГ:131¹:2842,СЗГ ст. 131¹,СЗГ,ст. 131¹,1905-059,1905,59,2842,2850,131¹ ст.,"у, между прочимъ, улучшить положеніе дѣтей, происшедшихъ отъ брака, признаннаго недѣйствительнымъ, и, съ обнародованіемъ этого закона (нынѣ 131¹ ст. X т. 1 ч. св. зак.), всѣ такія дѣти получили права законныхъ дѣтей, безотносительно ко времени признанія брака ихъ родителей недѣйствительн",прямое название акта рядом с номером,номер статьи извлечён из OCR; сверяйте со сканом,https://ivseliv.github.io/senat/lex/#/d/1905-059,1905-059:1474-2994,https://ivseliv.github.io/senat/lex/#/d/1905-059?mode=laws&c=%D0%A1%D0%97%D0%93&q=%D1%81%D1%82.+131%C2%B9&at=1474&end=2994,true
1904-094:СЗГ:132:4555,СЗГ ст. 132,СЗГ,ст. 132,1904-094,1904,94,4555,4562,ст. 132,"язать ему новую фамилію противъ воли заинтересованныхъ въ томъ лицъ. Это указаніе неосновательно, ибо законы, касающіеся внѣбрачныхъ дѣтей (ст. 132, 132¹—132¹⁵ 1 ч. X т., согласно мнѣнію Гос. Сов. 3 іюня 1902 г.), существенно отличаются отъ постановленій о дѣтяхъ узаконенныхъ (ст. 144¹",прямое название акта рядом с номером,номер статьи извлечён из OCR; сверяйте со сканом,https://ivseliv.github.io/senat/lex/#/d/1904-094,1904-094:4245-5692,https://ivseliv.github.io/senat/lex/#/d/1904-094?mode=laws&c=%D0%A1%D0%97%D0%93&q=%D1%81%D1%82.+132&at=4245&end=5692,true
1905-059:СЗГ:132:3396,СЗГ ст. 132,СЗГ,ст. 132,1905-059,1905,59,3396,3403,132 ст.,"ка, признаннаго недѣйствительнымъ до изданія закона 3 іюня 1902 года, просьбы о возста- новленіи ихъ въ правахъ, коихъ они лишились въ силу 132 ст. 1 ч. X т. изд. 1900 г., подлежатъ на общемъ основаніи разсмотрѣнію окружнаго суда (9, 1346—1356, 1460¹—1460¹² ст. уст. гр. суд.). По изложе",прямое название акта рядом с номером,номер статьи извлечён из OCR; сверяйте со сканом,https://ivseliv.github.io/senat/lex/#/d/1905-059,1905-059:2739-3978,https://ivseliv.github.io/senat/lex/#/d/1905-059?mode=laws&c=%D0%A1%D0%97%D0%93&q=%D1%81%D1%82.+132&at=2739&end=3978,true
1904-015:СЗГ:1322:5964,СЗГ ст. 1322,СЗГ,ст. 1322,1904-015,1904,15,5964,5972,ст. 1322,"1 прилож. къ ст. 1130) съ удовлетвореніемъ сестры въ обоихъ случаяхъ деньгами по оцѣнкѣ, установленной также—или по соглашенію, или судомъ (ст. 1322 т. X ч. 1 и слѣд. и ст. 1413 и слѣд. уст. гр. суд.); заставлять же братьевъ оставаться съ сестрами въ общемъ владѣніи и выжидать требованія",прямое название акта рядом с номером,номер статьи извлечён из OCR; сверяйте со сканом,https://ivseliv.github.io/senat/lex/#/d/1904-015,1904-015:5208-6350,https://ivseliv.github.io/senat/lex/#/d/1904-015?mode=laws&c=%D0%A1%D0%97%D0%93&q=%D1%81%D1%82.+1322&at=5208&end=6350,true
1904-094:СЗГ:132³:4897,СЗГ ст. 132³,СЗГ,ст. 132³,1904-094,1904,94,4897,4905,ст. 132³,"ъ дѣтей (въ томъ числѣ и правомъ на фамилію отца), каковое преимущество внѣбрачнымъ дѣтямъ закономъ 1902 г. не предоставлено. Поэтому, если ст. 132³ 1 ч. X т. разрѣшаетъ внѣбрачному ребенку, съ согласія матери и отца (если онъ находится въ живыхъ), именоваться фамиліею матери, принадлежа",прямое название акта рядом с номером,номер статьи извлечён из OCR; сверяйте со сканом,https://ivseliv.github.io/senat/lex/#/d/1904-094,1904-094:4245-5692,https://ivseliv.github.io/senat/lex/#/d/1904-094?mode=laws&c=%D0%A1%D0%97%D0%93&q=%D1%81%D1%82.+132%C2%B3&at=4245&end=5692,true
1905-024:СЗГ:132¹²:3079,СЗГ ст. 132¹²,СЗГ,ст. 132¹²,1905-024,1905,24,3079,3088,ст. 132¹²,"ъ составляетъ исключеніе изъ общаго правила, но и самый законъ 3 іюня 1902 г. составляетъ собою совершенно особый спеціальный законъ; 4) въ ст. 132¹² т. X ч. 1 сдѣлана ссылка на общій законъ, потому что въ ней говорится о наслѣдованіи дѣтей законныхъ и внѣбрачныхъ; слѣдовательно, если къ",прямое название акта рядом с номером,номер статьи извлечён из OCR; сверяйте со сканом,https://ivseliv.github.io/senat/lex/#/d/1905-024,1905-024:1508-3553,https://ivseliv.github.io/senat/lex/#/d/1905-024?mode=laws&c=%D0%A1%D0%97%D0%93&q=%D1%81%D1%82.+132%C2%B9%C2%B2&at=1508&end=3553,true
1905-024:СЗГ:132¹⁴:1857,СЗГ ст. 132¹⁴,СЗГ,ст. 132¹⁴,1905-024,1905,24,1857,1866,ст. 132¹⁴,"доляхъ. С.-Петербургская судебная палата нашла, что такой порядокъ наслѣдованія, какого домогаются просительницы, вовсе не предусмотрѣно въ ст. 132¹⁴ т. X ч. 1 и не можетъ быть выведенъ изъ общаго смысла законовъ о внѣбрачныхъ дѣтяхъ. Если же, по общему закону, при наслѣдованіи въ боковых",прямое название акта рядом с номером,номер статьи извлечён из OCR; сверяйте со сканом,https://ivseliv.github.io/senat/lex/#/d/1905-024,1905-024:1508-3553,https://ivseliv.github.io/senat/lex/#/d/1905-024?mode=laws&c=%D0%A1%D0%97%D0%93&q=%D1%81%D1%82.+132%C2%B9%E2%81%B4&at=1508&end=3553,true
1904-080:СЗГ:1336:1724,СЗГ ст. 1336,СЗГ,ст. 1336,1904-080,1904,80,1724,1732,ст. 1336,"Соотношеніе между властью опекуновъ и властью опекунскихъ учрежденій при продажѣ имущества опекаемыхъ выражено въ ст. 277 зак. гражд. (ср. ст. 1336). Только „жизненные припасы и вещи, скорому тлѣнію и другимъ тратамъ подверженныя, предоставляется опекунамъ продавать безъ особаго разрѣше",прямое название акта рядом с номером,номер статьи извлечён из OCR; сверяйте со сканом,https://ivseliv.github.io/senat/lex/#/d/1904-080,1904-080:0-1734,https://ivseliv.github.io/senat/lex/#/d/1904-080?mode=laws&c=%D0%A1%D0%97%D0%93&q=%D1%81%D1%82.+1336&at=0&end=1734,true
1905-007:СЗГ:1337:4918,СЗГ ст. 1337,СЗГ,ст. 1337,1905-007,1905,7,4918,4926,ст. 1337,"частями, назначаемыми каждому изъ дѣлящихся (рѣш. 1868 г. № 891). Раздѣльный актъ на недвижимое имѣніе совершается нотаріальнымъ порядкомъ (ст. 1337 т. X ч. 1), для раздѣла же движимости не установлено никакой формы (рѣш. 1875 г. № 395). Точное опредѣленіе частей дѣлящихся составляетъ не",прямое название акта рядом с номером,номер статьи извлечён из OCR; сверяйте со сканом,https://ivseliv.github.io/senat/lex/#/d/1905-007,1905-007:4343-5960,https://ivseliv.github.io/senat/lex/#/d/1905-007?mode=laws&c=%D0%A1%D0%97%D0%93&q=%D1%81%D1%82.+1337&at=4343&end=5960,true
1897-035:СЗГ:1338:3909,СЗГ ст. 1338,СЗГ,ст. 1338,1897-035,1897,35,3909,3917,ст. 1338,"ри, при двухъ братьяхъ, матери и бабки, на основаніи гражданскаго постановленія корана (шаріата), причемъ истица сослалась между прочимъ на ст. 1338 т. X ч. 1 зак. гражд.—Въ ст. 1338, помѣщенной въ главѣ V о раздѣлѣ наслѣдства, выражено, что: „раздѣлъ имуществъ, оставшихся послѣ магомета",прямое название акта рядом с номером,номер статьи извлечён из OCR; сверяйте со сканом,https://ivseliv.github.io/senat/lex/#/d/1897-035,1897-035:2490-4283,https://ivseliv.github.io/senat/lex/#/d/1897-035?mode=laws&c=%D0%A1%D0%97%D0%93&q=%D1%81%D1%82.+1338&at=2490&end=4283,true
1905-082:СЗГ:1347:518,СЗГ ст. 1347,СЗГ,ст. 1347,1905-082,1905,82,518,526,1347 ст.,"обратился въ окружный судъ съ прошеніемъ о выкупѣ означеннаго имѣнія, но въ этомъ судомъ было ему отказано на томъ основаніи, что, по силѣ 1347 ст. т. X ч. 1 св. зак., родовое имѣніе, купленное чужеродцемъ, не подлежитъ выкупу, если оно, какъ въ настоящемъ случаѣ, опять перешло въ тотъ",прямое название акта рядом с номером,номер статьи извлечён из OCR; сверяйте со сканом,https://ivseliv.github.io/senat/lex/#/d/1905-082,1905-082:0-1481,https://ivseliv.github.io/senat/lex/#/d/1905-082?mode=laws&c=%D0%A1%D0%97%D0%93&q=%D1%81%D1%82.+1347&at=0&end=1481,true
1904-088:СЗГ:1350:769,СЗГ ст. 1350,СЗГ,ст. 1350,1904-088,1904,88,769,777,1350 ст.,окружный судъ съ прошеніемъ о выкупѣ вышеозначеннаго родоваго недвижимаго имѣнія. Окружный судъ отказалъ въ этомъ ходатайствѣ на основаніи 1350 ст. 1 ч.,прямое название акта рядом с номером,номер статьи извлечён из OCR; сверяйте со сканом,https://ivseliv.github.io/senat/lex/#/d/1904-088,1904-088:0-1643,https://ivseliv.github.io/senat/lex/#/d/1904-088?mode=laws&c=%D0%A1%D0%97%D0%93&q=%D1%81%D1%82.+1350&at=0&end=1643,true
1905-082:СЗГ:1363:1141,СЗГ ст. 1363,СЗГ,ст. 1363,1905-082,1905,82,1141,1149,ст. 1363,"ю, обсуждаться примѣнительно къ моменту обращенія къ судебной защитѣ, при чемъ подтвержденіе такого мнѣнія палата усмотрѣла какъ въ законѣ (ст. 1363 и 1369 т. X ч. 1 св. зак.), такъ и въ кассаціонной практикѣ. Посему и не соглашаясь съ доводами Землякова, что возвращеніе имѣнія въ тотъ ж",прямое название акта рядом с номером,номер статьи извлечён из OCR; сверяйте со сканом,https://ivseliv.github.io/senat/lex/#/d/1905-082,1905-082:0-1481,https://ivseliv.github.io/senat/lex/#/d/1905-082?mode=laws&c=%D0%A1%D0%97%D0%93&q=%D1%81%D1%82.+1363&at=0&end=1481,true
1904-012:СЗГ:1368:684,СЗГ ст. 1368,СЗГ,ст. 1368,1904-012,1904,12,684,692,1368 ст.,"щій выкупить родовое имущество долженъ уплатить за выкупаемое имущество цѣну, означенную въ крѣпостяхъ, по коимъ оно перешло въ чужой родъ (1368 ст. 1 ч. X т.), при чемъ, въ случаѣ переукрѣпленія потомъ этого имущества въ другія руки продажею или закладомъ, желающій выкупить долженъ запл",прямое название акта рядом с номером,номер статьи извлечён из OCR; сверяйте со сканом,https://ivseliv.github.io/senat/lex/#/d/1904-012,1904-012:0-1781,https://ivseliv.github.io/senat/lex/#/d/1904-012?mode=laws&c=%D0%A1%D0%97%D0%93&q=%D1%81%D1%82.+1368&at=0&end=1781,true
1904-012:СЗГ:1369:2399,СЗГ ст. 1369,СЗГ,ст. 1369,1904-012,1904,12,2399,2407,1369 ст.,"сумму, за которую продано это имѣніе по упомянутымъ купчимъ крѣпостямъ Ротермунду, и, вопреки утвержденію просителя, ни въ чемъ не нарушила 1369 ст. X т. 1 ч.— Посему, Правительствующій Сенатъ опредѣляетъ: кассаціонную жалобу оставить безъ послѣдствій.",прямое название акта рядом с номером,номер статьи извлечён из OCR; сверяйте со сканом,https://ivseliv.github.io/senat/lex/#/d/1904-012,1904-012:1530-2511,https://ivseliv.github.io/senat/lex/#/d/1904-012?mode=laws&c=%D0%A1%D0%97%D0%93&q=%D1%81%D1%82.+1369&at=1530&end=2511,true
1905-076:СЗГ:1384:16714,СЗГ ст. 1384,СЗГ,ст. 1384,1905-076,1905,76,16714,16722,1384 ст.,"о имѣнія оказывается она, продавщица, и при томъ собственницею со дня смерти завѣщателя; а слѣдовательно продажа, ею учиненная, согласно съ 1384 ст. 1 ч. X т., какъ вполнѣ законная, уничтожена быть не можетъ. На основаніи изложеннаго, судебная палата постановила: 1) духовное завѣщаніе ум",прямое название акта рядом с номером,номер статьи извлечён из OCR; сверяйте со сканом,https://ivseliv.github.io/senat/lex/#/d/1905-076,1905-076:15824-17475,https://ivseliv.github.io/senat/lex/#/d/1905-076?mode=laws&c=%D0%A1%D0%97%D0%93&q=%D1%81%D1%82.+1384&at=15824&end=17475,true
1897-071:СЗГ:1408:6125,СЗГ ст. 1408,СЗГ,ст. 1408,1897-071,1897,71,6125,6133,ст. 1408,тсутствующіе наслѣдники не теряютъ своего права на открытіе спора установленнымъ порядкомъ и въ опредѣленные сроки (1241 ст. 1 ч. X т.). По ст. 1408 уст. гражд. суд. на судъ въ порядкѣ охранительнаго судопроизводства возложена обязанность оказывать содѣйствіе явившимся наслѣдникамъ для о,прямое название акта рядом с номером,номер статьи извлечён из OCR; сверяйте со сканом,https://ivseliv.github.io/senat/lex/#/d/1897-071,1897-071:5028-6679,https://ivseliv.github.io/senat/lex/#/d/1897-071?mode=laws&c=%D0%A1%D0%97%D0%93&q=%D1%81%D1%82.+1408&at=5028&end=6679,true
1897-009:СЗГ:1420:11251,СЗГ ст. 1420,СЗГ,ст. 1420,1897-009,1897,9,11251,11259,1420 ст.,"и сдѣланы Ярошинскимъ въ 1871 году. 4) Судебная палата, присудивъ Танасійчуку стоимость отошедшей крестьянамъ земли 65 дес., нарушила этимъ 1420 ст. 1 ч. X т., ибо по купчей покупщикъ принялъ на себя всѣ обязательства по имѣнію, а къ такимъ обязательствамъ безспорно относится и надѣлъ кр",прямое название акта рядом с номером,номер статьи извлечён из OCR; сверяйте со сканом,https://ivseliv.github.io/senat/lex/#/d/1897-009,1897-009:9671-11622,https://ivseliv.github.io/senat/lex/#/d/1897-009?mode=laws&c=%D0%A1%D0%97%D0%93&q=%D1%81%D1%82.+1420&at=9671&end=11622,true
1904-012:СЗГ:1420:1291,СЗГ ст. 1420,СЗГ,ст. 1420,1904-012,1904,12,1291,1299,ст. 1420,венника. Для пріобрѣтенія же права собственности на купленное недвижимое имѣніе требуется совершеніе купчей крѣпости крѣпостнымъ порядкомъ (ст. 1420 X т. 1 ч.);,прямое название акта рядом с номером,номер статьи извлечён из OCR; сверяйте со сканом,https://ivseliv.github.io/senat/lex/#/d/1904-012,1904-012:0-1781,https://ivseliv.github.io/senat/lex/#/d/1904-012?mode=laws&c=%D0%A1%D0%97%D0%93&q=%D1%81%D1%82.+1420&at=0&end=1781,true
1897-093:СЗГ:1425:14320,СЗГ ст. 1425,СЗГ,ст. 1425,1897-093,1897,93,14320,14328,1425 ст.,"я въ кассаціонной жалобѣ повѣреннаго Гвоздева на непривлеченіе, въ качествѣ отвѣтчика по этому иску, продавца Сабурова, на нарушеніе 1424 и 1425 ст. 1 ч. X т. и на то, что прочіе договоры по имѣнію „Саратовщина“ не могутъ имѣть вліянія на купчую крѣпость 17 февраля 1882 г. 6) При оставле",прямое название акта рядом с номером,номер статьи извлечён из OCR; сверяйте со сканом,https://ivseliv.github.io/senat/lex/#/d/1897-093,1897-093:13740-15607,https://ivseliv.github.io/senat/lex/#/d/1897-093?mode=laws&c=%D0%A1%D0%97%D0%93&q=%D1%81%D1%82.+1425&at=13740&end=15607,true
1897-009:СЗГ:1427:9887,СЗГ ст. 1427,СЗГ,ст. 1427,1897-009,1897,9,9887,9895,1427 ст.,"Уклоненіе судебной палаты отъ обсужденія указаннаго выше возраженія Ярошинскаго привело палату къ нарушенію точнаго смысла 1427 ст. 1 ч. X т. Изъ дѣла видно, что сдѣланное Ярошинскимъ въ купчей объявленіе о свободности имѣнія было совершенно справедливо; крестьяне села Л",прямое название акта рядом с номером,номер статьи извлечён из OCR; сверяйте со сканом,https://ivseliv.github.io/senat/lex/#/d/1897-009,1897-009:8243-9905,https://ivseliv.github.io/senat/lex/#/d/1897-009?mode=laws&c=%D0%A1%D0%97%D0%93&q=%D1%81%D1%82.+1427&at=8243&end=9905,true
1904-094:СЗГ:144¹:1322,СЗГ ст. 144¹,СЗГ,ст. 144¹,1904-094,1904,94,1322,1330,144¹ ст.,въ У. оставить безъ послѣдствій. Въ кассаціонной жалобѣ повѣренный супруговъ У. проситъ отмѣнить это опредѣленіе палаты по нарушенію 132² и 144¹ ст. т. X ч. 1 зак. гр. и 1460¹ ст. уст. гр. суд.,прямое название акта рядом с номером,номер статьи извлечён из OCR; сверяйте со сканом,https://ivseliv.github.io/senat/lex/#/d/1904-094,1904-094:0-1768,https://ivseliv.github.io/senat/lex/#/d/1904-094?mode=laws&c=%D0%A1%D0%97%D0%93&q=%D1%81%D1%82.+144%C2%B9&at=0&end=1768,true
1905-059:СЗГ:144¹:2291,СЗГ ст. 144¹,СЗГ,ст. 144¹,1905-059,1905,59,2291,2299,144¹ ст.,"тъ тому назадъ сына, могутъ, по вступленіи въ бракъ, просить объ узаконеніи этого сына, и просьба ихъ подлежитъ удовлетворенію въ силу 1 п. 144¹ ст. ч. 1 т. X св. зак. по новой редакціи. Вопросъ можетъ возбудиться лишь по отношенію срока заявленія ходатайства объ узаконеніи такими родите",акт определён по контексту решения,номер статьи извлечён из OCR; сверяйте со сканом,https://ivseliv.github.io/senat/lex/#/d/1905-059,1905-059:1474-2994,https://ivseliv.github.io/senat/lex/#/d/1905-059?mode=laws&c=%D0%A1%D0%97%D0%93&q=%D1%81%D1%82.+144%C2%B9&at=1474&end=2994,true
1897-060:СЗГ:145:6063,СЗГ ст. 145,СЗГ,ст. 145,1897-060,1897,60,6063,6070,145 ст.,"т. изд. 1887 г., какъ это видно изъ самаго содержанія ея и изъ источниковъ. Законъ этотъ относится къ потомственнымъ дворянамъ, которымъ по 145 ст. 1 ч. X т. изд. 1887 г. дозволено было усыновлять только ближайшихъ своихъ родственниковъ. Общаго примѣненія означенный законъ имѣть не може",прямое название акта рядом с номером,номер статьи извлечён из OCR; сверяйте со сканом,https://ivseliv.github.io/senat/lex/#/d/1897-060,1897-060:5810-7785,https://ivseliv.github.io/senat/lex/#/d/1897-060?mode=laws&c=%D0%A1%D0%97%D0%93&q=%D1%81%D1%82.+145&at=5810&end=7785,true
1897-060:СЗГ:147:5908,СЗГ ст. 147,СЗГ,ст. 147,1897-060,1897,60,5908,5915,147 ст.,"зовъ при опредѣленіи предоставленныхъ ими правъ дѣтямъ, сопричтеннымъ къ законнымъ. 2-я часть 1119 ст. 1 ч. X т. есть собственно повтореніе 147 ст. 1 ч. X т. изд. 1887 г., какъ это видно изъ самаго содержанія ея и изъ источниковъ. Законъ этотъ относится къ потомственнымъ дворянамъ, кото",прямое название акта рядом с номером,номер статьи извлечён из OCR; сверяйте со сканом,https://ivseliv.github.io/senat/lex/#/d/1897-060,1897-060:4435-5998,https://ivseliv.github.io/senat/lex/#/d/1897-060?mode=laws&c=%D0%A1%D0%97%D0%93&q=%D1%81%D1%82.+147&at=4435&end=5998,true
1897-098:СЗГ:1503:9153,СЗГ ст. 1503,СЗГ,ст. 1503,1897-098,1897,98,9153,9161,1503 ст.,"я продажа съ публичнаго торга городскихъ недвижимостей въ тѣхъ мѣстностяхъ, въ которыхъ введено городовое положеніе 1870 года. На основаніи 1503 ст. 1 ч. X т., до введенія городоваго положенія 1870 года продажа ненужныхъ городскихъ недвижимостей производилась съ публичнаго торга такъ же,",прямое название акта рядом с номером,номер статьи извлечён из OCR; сверяйте со сканом,https://ivseliv.github.io/senat/lex/#/d/1897-098,1897-098:8551-10094,https://ivseliv.github.io/senat/lex/#/d/1897-098?mode=laws&c=%D0%A1%D0%97%D0%93&q=%D1%81%D1%82.+1503&at=8551&end=10094,true
1897-098:СЗГ:1504:3697,СЗГ ст. 1504,СЗГ,ст. 1504,1897-098,1897,98,3697,3705,1504 ст.,"ли даже, согласно 7 ст. гор. положенія, примѣнить къ настоящему дѣлу правила о продажѣ казенныхъ недвижимыхъ имѣній, то оказывается, что по 1504 ст. X т. ч. 1 гор. управленіе могло, руководствуясь 1494 ст. того же тома и части, назначить на спорный домъ переторжку, находя, что его хозяйс",акт определён по контексту решения,номер статьи извлечён из OCR; сверяйте со сканом,https://ivseliv.github.io/senat/lex/#/d/1897-098,1897-098:2769-4397,https://ivseliv.github.io/senat/lex/#/d/1897-098?mode=laws&c=%D0%A1%D0%97%D0%93&q=%D1%81%D1%82.+1504&at=2769&end=4397,true
1897-098:СЗГ:1507:1789,СЗГ ст. 1507,СЗГ,ст. 1507,1897-098,1897,98,1789,1797,1507 ст.,"чной продажѣ недвижимаго имѣнія, лишь съ момента утвержденія торговъ тѣмъ мѣстомъ, гдѣ они производились, каковое утвержденіе необходимо по 1507 ст. X т. 1 ч., переходитъ къ покупщику на торгахъ право собственности на продаваемое имѣніе; къ такому убѣжденію приводитъ палату и сопоставлен",прямое название акта рядом с номером,номер статьи извлечён из OCR; сверяйте со сканом,https://ivseliv.github.io/senat/lex/#/d/1897-098,1897-098:1275-3030,https://ivseliv.github.io/senat/lex/#/d/1897-098?mode=laws&c=%D0%A1%D0%97%D0%93&q=%D1%81%D1%82.+1507&at=1275&end=3030,true
1897-098:СЗГ:1509:9377,СЗГ ст. 1509,СЗГ,ст. 1509,1897-098,1897,98,9377,9385,1509 ст.,"одскихъ недвижимостей производилась съ публичнаго торга такъ же, какъ и продажа казенныхъ имѣній, на основаніи правилъ, изложенныхъ въ 1504 1509 ст. 1 ч. X т. Но послѣ изданія городоваго положенія ст. 1503, какъ это видно изъ 1-го примѣчанія къ ней, утратила силу тамъ, гдѣ введено это по",прямое название акта рядом с номером,номер статьи извлечён из OCR; сверяйте со сканом,https://ivseliv.github.io/senat/lex/#/d/1897-098,1897-098:8551-10094,https://ivseliv.github.io/senat/lex/#/d/1897-098?mode=laws&c=%D0%A1%D0%97%D0%93&q=%D1%81%D1%82.+1509&at=8551&end=10094,true
1904-079:СЗГ:1509:6272,СЗГ ст. 1509,СЗГ,ст. 1509,1904-079,1904,79,6272,6280,1509 ст.,"твенности, которое возникло еще на торгахъ, а лишь укрѣпляютъ за покупателемъ это принадлежащее уже ему право. Хотя въ приводимой въ жалобѣ 1509 ст. X т. 1 ч. и говорится, что, по полученіи на пріобрѣтенное съ публичнаго торга имѣніе данной или купчей, пріобрѣтатель таковаго имѣнія вступ",прямое название акта рядом с номером,номер статьи извлечён из OCR; сверяйте со сканом,https://ivseliv.github.io/senat/lex/#/d/1904-079,1904-079:5470-7150,https://ivseliv.github.io/senat/lex/#/d/1904-079?mode=laws&c=%D0%A1%D0%97%D0%93&q=%D1%81%D1%82.+1509&at=5470&end=7150,true
1897-093:СЗГ:1524:3574,СЗГ ст. 1524,СЗГ,ст. 1524,1897-093,1897,93,3574,3582,1524 ст.,"кружнаго суда, послужившія для него основаніемъ къ постановленію его рѣшенія, судебная палата нашла: 1) что 2-хъ лѣтній срокъ, указанный въ 1524 ст. 1 ч. X т., не примѣнимъ въ настоящемъ случаѣ, 2) что представляется неправильнымъ указаніе Гвоздева на невозможность признанія недѣйствител",прямое название акта рядом с номером,номер статьи извлечён из OCR; сверяйте со сканом,https://ivseliv.github.io/senat/lex/#/d/1897-093,1897-093:2572-4275,https://ivseliv.github.io/senat/lex/#/d/1897-093?mode=laws&c=%D0%A1%D0%97%D0%93&q=%D1%81%D1%82.+1524&at=2572&end=4275,true
1897-093:СЗГ:1525:1981,СЗГ ст. 1525,СЗГ,ст. 1525,1897-093,1897,93,1981,1989,1525 ст.,"Сабурова, участвовавшаго въ лицѣ своего повѣреннаго въ совершеніи этой купчей, и за пропускомъ 2-хъ годичнаго срока, установленнаго 1524 и 1525 ст. X т. 1 ч., на оспариваніе купчихъ, какъ актовъ укрѣпленія; вмѣстѣ съ симъ Яновскій указывать, что купчая совершена на имя лица правоспособн",прямое название акта рядом с номером,номер статьи извлечён из OCR; сверяйте со сканом,https://ivseliv.github.io/senat/lex/#/d/1897-093,1897-093:1282-2830,https://ivseliv.github.io/senat/lex/#/d/1897-093?mode=laws&c=%D0%A1%D0%97%D0%93&q=%D1%81%D1%82.+1525&at=1282&end=2830,true
1904-045:СЗГ:1528:4677,СЗГ ст. 1528,СЗГ,ст. 1528,1904-045,1904,45,4677,4685,ст. 1528,"нконадписателя, и противъ него протестовалъ вексель. Въ кассаціонной жалобѣ повѣреннымъ Супруновскаго товарищества указывается на нарушеніе ст. 1528 т. X ч. 1, 15—29 уст. о векс., 339, 367, 711, 409, 410 уст. гр. суд. и § 32 уст. Супруновскаго товарищества.",прямое название акта рядом с номером,номер статьи извлечён из OCR; сверяйте со сканом,https://ivseliv.github.io/senat/lex/#/d/1904-045,1904-045:4323-5992,https://ivseliv.github.io/senat/lex/#/d/1904-045?mode=laws&c=%D0%A1%D0%97%D0%93&q=%D1%81%D1%82.+1528&at=4323&end=5992,true
1905-019:СЗГ:1528:1167,СЗГ ст. 1528,СЗГ,ст. 1528,1905-019,1905,19,1167,1175,ст. 1528,"ѣреннаго Крючкова, принесъ кассаціонную жалобу, въ которой ходатайствуетъ опредѣленіе палаты отмѣнить по слѣдующимъ основаніямъ: 1) по силѣ ст. 1528, 2293 и 2294 т. X ч. 1, довѣренность, какъ договоръ, должна быть продуктомъ вполнѣ свободнаго со стороны довѣрителя избранія себѣ повѣренна",прямое название акта рядом с номером,номер статьи извлечён из OCR; сверяйте со сканом,https://ivseliv.github.io/senat/lex/#/d/1905-019,1905-019:0-1743,https://ivseliv.github.io/senat/lex/#/d/1905-019?mode=laws&c=%D0%A1%D0%97%D0%93&q=%D1%81%D1%82.+1528&at=0&end=1743,true
1905-105:СЗГ:1528:2520,СЗГ ст. 1528,СЗГ,ст. 1528,1905-105,1905,105,2520,2528,1528 ст.,"олжженъ быть признанъ недѣйствительнымъ на основаніи 1529 ст. X т. 1 ч. зак. гр.; сверхъ того договоръ этотъ недѣйствителенъ и на основаніи 1528 ст. тѣхъ же законовъ, какъ фиктивный, такъ какъ ни Надежда Шабельская, ни Веровинъ не были дѣйствительными арендаторами, а только подставными л",прямое название акта рядом с номером,номер статьи извлечён из OCR; сверяйте со сканом,https://ivseliv.github.io/senat/lex/#/d/1905-105,1905-105:1524-3353,https://ivseliv.github.io/senat/lex/#/d/1905-105?mode=laws&c=%D0%A1%D0%97%D0%93&q=%D1%81%D1%82.+1528&at=1524&end=3353,true
1897-003:СЗГ:1529:646,СЗГ ст. 1529,СЗГ,ст. 1529,1897-003,1897,3,646,654,ст. 1529,"стойки, и 100 руб. за убытки, причиненные ему Ляминымъ взысканіемъ денегъ по неустоичной записи, на томъ основаніи, что эта запись, въ виду ст. 1529 и 2023 св. зак. т. X ч. 1 и ст. 180 уст. о наказ., должна быть признана недѣйствительной. Симферопольскій окружный судъ, принимая во вниман",прямое название акта рядом с номером,номер статьи извлечён из OCR; сверяйте со сканом,https://ivseliv.github.io/senat/lex/#/d/1897-003,1897-003:0-1418,https://ivseliv.github.io/senat/lex/#/d/1897-003?mode=laws&c=%D0%A1%D0%97%D0%93&q=%D1%81%D1%82.+1529&at=0&end=1418,true
1897-006:СЗГ:1529:9575,СЗГ ст. 1529,СЗГ,ст. 1529,1897-006,1897,6,9575,9583,1529 ст.,"688 ст. улож. о наказ. Съ открытіемъ несостоятельности явилась, по объясненію апелляторовъ, возможность оспорить договоры на основаніи 2 п. 1529 ст. 1 ч. X т. Но нельзя предположить, чтобы Талышхановъ желалъ прибѣгнуть къ этому закону, такъ какъ тогда необходимо бы было установить, что п",прямое название акта рядом с номером,номер статьи извлечён из OCR; сверяйте со сканом,https://ivseliv.github.io/senat/lex/#/d/1897-006,1897-006:8295-9954,https://ivseliv.github.io/senat/lex/#/d/1897-006?mode=laws&c=%D0%A1%D0%97%D0%93&q=%D1%81%D1%82.+1529&at=8295&end=9954,true
1897-052:СЗГ:1529:2240,СЗГ ст. 1529,СЗГ,ст. 1529,1897-052,1897,52,2240,2248,1529 ст.,"договоръ заключенъ во вредъ его, Путяты, и, ссылаясь на рѣшенія Правительствующаго Сената 1879 г. № 63 и 1885 г. № 63, указывалъ, что 2 п. 1529 ст. т. X ч. 1 св. зак. гражд. непримѣнимъ въ данномъ случаѣ, почему и просилъ въ искѣ Путяты отказать. По апелляціонной жалобѣ Путяты на рѣшені",прямое название акта рядом с номером,номер статьи извлечён из OCR; сверяйте со сканом,https://ivseliv.github.io/senat/lex/#/d/1897-052,1897-052:914-2347,https://ivseliv.github.io/senat/lex/#/d/1897-052?mode=laws&c=%D0%A1%D0%97%D0%93&q=%D1%81%D1%82.+1529&at=914&end=2347,true
1897-062:СЗГ:1529:6171,СЗГ ст. 1529,СЗГ,ст. 1529,1897-062,1897,62,6171,6179,1529 ст.,"ихъ Иваницкимъ сумму въ погашеніе причитающихся имъ съ самого Зиновьева 9656 руб. 70 коп., отвѣтчики не доказали, какъ бы слѣдовало по 2 п. 1529 ст. зак. гр. 1 ч. X т., ни фактической несостоятельности Зиновьева, ни наличности своей собственной претензіи къ послѣднему, ибо изъ представле",прямое название акта рядом с номером,номер статьи извлечён из OCR; сверяйте со сканом,https://ivseliv.github.io/senat/lex/#/d/1897-062,1897-062:5230-6857,https://ivseliv.github.io/senat/lex/#/d/1897-062?mode=laws&c=%D0%A1%D0%97%D0%93&q=%D1%81%D1%82.+1529&at=5230&end=6857,true
1897-093:СЗГ:1529:3181,СЗГ ст. 1529,СЗГ,ст. 1529,1897-093,1897,93,3181,3189,1529 ст.,"ывающихъ собою сдѣлку объ уступкѣ имѣнія Сиратовщизна на правѣ собственности Мееру Новогрудскому, на основаніи закона 10 іюля 1864 г., 4 п. 1529 ст. X т. 1 ч., 7 и 11 п. п. правилъ 27 декабря 1884 г., опредѣлилъ: вышеозначенные акты и договоры признать недѣйствительными. Разсмотрѣвъ обст",прямое название акта рядом с номером,номер статьи извлечён из OCR; сверяйте со сканом,https://ivseliv.github.io/senat/lex/#/d/1897-093,1897-093:2572-4275,https://ivseliv.github.io/senat/lex/#/d/1897-093?mode=laws&c=%D0%A1%D0%97%D0%93&q=%D1%81%D1%82.+1529&at=2572&end=4275,true
1897-096:СЗГ:1529:563,СЗГ ст. 1529,СЗГ,ст. 1529,1897-096,1897,96,563,571,1529 ст.,"ой искъ о признаніи вышеозначенной дарственной записи и вводнаго по ней листа недѣйствительными въ виду пун. 7 правилъ 27 декабря 1884 г. и 1529 ст. 1 ч. X т. и объ изъятіи имѣнія изъ незаконнаго владѣнія Скоповской. Отвѣтчики, ссылаясь на 1 п. прилож. къ 694 ст. (прим.) 1 ч. X т. и на р",прямое название акта рядом с номером,номер статьи извлечён из OCR; сверяйте со сканом,https://ivseliv.github.io/senat/lex/#/d/1897-096,1897-096:0-1923,https://ivseliv.github.io/senat/lex/#/d/1897-096?mode=laws&c=%D0%A1%D0%97%D0%93&q=%D1%81%D1%82.+1529&at=0&end=1923,true
1905-105:СЗГ:1529:2433,СЗГ ст. 1529,СЗГ,ст. 1529,1905-105,1905,105,2433,2441,1529 ст.,"8 года, какъ заключенный въ обходъ закона, для достиженія цѣли, закономъ воспрещенной должженъ быть признанъ недѣйствительнымъ на основаніи 1529 ст. X т. 1 ч. зак. гр.; сверхъ того договоръ этотъ недѣйствителенъ и на основаніи 1528 ст. тѣхъ же законовъ, какъ фиктивный, такъ какъ ни Надеж",прямое название акта рядом с номером,номер статьи извлечён из OCR; сверяйте со сканом,https://ivseliv.github.io/senat/lex/#/d/1905-105,1905-105:1524-3353,https://ivseliv.github.io/senat/lex/#/d/1905-105?mode=laws&c=%D0%A1%D0%97%D0%93&q=%D1%81%D1%82.+1529&at=1524&end=3353,true
1904-087:СЗГ:1538:1734,СЗГ ст. 1538,СЗГ,ст. 1538,1904-087,1904,87,1734,1742,ст. 1538,"ѣмъ въ этомъ пунктѣ договора не сказано, чтобы онъ имѣлъ право обязывать торговый домъ неустойками по какимъ либо договорамъ; по закону же (ст. 1538 и 2326 т. X ч. 1) повѣренный можетъ обязывать своего довѣрителя неустойкою въ томъ лишь случаѣ, если это положительно выражено въ довѣренно",прямое название акта рядом с номером,номер статьи извлечён из OCR; сверяйте со сканом,https://ivseliv.github.io/senat/lex/#/d/1904-087,1904-087:1091-2363,https://ivseliv.github.io/senat/lex/#/d/1904-087?mode=laws&c=%D0%A1%D0%97%D0%93&q=%D1%81%D1%82.+1538&at=1091&end=2363,true
1897-060:СЗГ:154:1399,СЗГ ст. 154,СЗГ,ст. 154,1897-060,1897,60,1399,1406,154 ст.,"1 ч. X т.). Усыновленный вступаетъ въ права родныхъ дѣтей, и слѣдовательно въ отношенія кровнаго родства, только къ одному усыновителю (151—154 ст. 1 ч. X т. изд. 1887 г.), а не ко всему его роду (1112 ст. 1 ч. X т.). Допущеніе вступать въ отношенія кровнаго родства чрезъ усыновленіе, п",прямое название акта рядом с номером,номер статьи извлечён из OCR; сверяйте со сканом,https://ivseliv.github.io/senat/lex/#/d/1897-060,1897-060:0-1694,https://ivseliv.github.io/senat/lex/#/d/1897-060?mode=laws&c=%D0%A1%D0%97%D0%93&q=%D1%81%D1%82.+154&at=0&end=1694,true
1897-072:СЗГ:154:4364,СЗГ ст. 154,СЗГ,ст. 154,1897-072,1897,72,4364,4371,ст. 154,"реходъ имѣнія отъ одного лица къ другому; усыновленіе, хотя и вводитъ усыновленнаго во всѣ права, роднымъ дѣтямъ усыновителя принадлежащія (ст. 154 т. X ч. 1 издан. 1887 г. и 156¹ ст. того же X т. 1 ч. по прод. 1895 г.), но не можетъ создать кровнаго родства между ними, и по отношенію к",прямое название акта рядом с номером,номер статьи извлечён из OCR; сверяйте со сканом,https://ivseliv.github.io/senat/lex/#/d/1897-072,1897-072:2846-4693,https://ivseliv.github.io/senat/lex/#/d/1897-072?mode=laws&c=%D0%A1%D0%97%D0%93&q=%D1%81%D1%82.+154&at=2846&end=4693,true
1904-117:СЗГ:1545:14309,СЗГ ст. 1545,СЗГ,ст. 1545,1904-117,1904,117,14309,14317,ст. 1545,"то, что оный отмѣненъ впослѣдствіи уѣзднымъ съѣздомъ, обязателенъ для сторонъ, какъ не прекращенный ни однимъ изъ способовъ, указанныхъ въ ст. 1545 и 1547 т. X ч. 1, въ виду того, что договоръ этотъ налагаетъ, согласно ст. 570 и 1705 того же тома и части, на обѣ стороны, въ немъ участво",прямое название акта рядом с номером,номер статьи извлечён из OCR; сверяйте со сканом,https://ivseliv.github.io/senat/lex/#/d/1904-117,1904-117:12935-15098,https://ivseliv.github.io/senat/lex/#/d/1904-117?mode=laws&c=%D0%A1%D0%97%D0%93&q=%D1%81%D1%82.+1545&at=12935&end=15098,true
1905-007:СЗГ:1545:2546,СЗГ ст. 1545,СЗГ,ст. 1545,1905-007,1905,7,2546,2554,1545 ст.,"1/8 движимаго и 1/14 недвижимаго, и къ остальному—сыновья Петръ и Константинъ Орлинскіе. Послѣдующее соглашеніе наслѣдниковъ, на основаніи 1545 ст. X т. 1 ч., отмѣнило собою предшествующее, изложенное въ раздѣльномъ актѣ 28 іюля 1900 года. Дмоховская получила все то, что ей слѣдовало въ",прямое название акта рядом с номером,номер статьи извлечён из OCR; сверяйте со сканом,https://ivseliv.github.io/senat/lex/#/d/1905-007,1905-007:1315-2944,https://ivseliv.github.io/senat/lex/#/d/1905-007?mode=laws&c=%D0%A1%D0%97%D0%93&q=%D1%81%D1%82.+1545&at=1315&end=2944,true
1897-080:СЗГ:1547:8790,СЗГ ст. 1547,СЗГ,ст. 1547,1897-080,1897,80,8790,8798,1547 ст.,"съ переработкою онаго въ лѣсной товаръ, не могло лишить кредитора права на это обезпеченіе, не отмѣненное новымъ согласіемъ сторонъ (1545 и 1547 ст. X т. 1 ч.); 4) что въ такихъ условіяхъ отдѣленіе отъ земли лѣса могло, по отношенію къ нему, имѣть только одно законное послѣдствіе—превращ",прямое название акта рядом с номером,номер статьи извлечён из OCR; сверяйте со сканом,https://ivseliv.github.io/senat/lex/#/d/1897-080,1897-080:7421-9423,https://ivseliv.github.io/senat/lex/#/d/1897-080?mode=laws&c=%D0%A1%D0%97%D0%93&q=%D1%81%D1%82.+1547&at=7421&end=9423,true
1897-080:СЗГ:1554:8014,СЗГ ст. 1554,СЗГ,ст. 1554,1897-080,1897,80,8014,8022,1554 ст.,"вниманіе: 1) что какъ залогъ, такъ и закладъ подходятъ подъ одно общее понятіе вещнаго обезпеченія договоровъ даннымъ имуществомъ должника (1554 ст. X т. 1 ч.); 2) что по заключенію палаты, основанному на толкованіи договора, спорный долгъ былъ обезпеченъ по закладной какъ землею Пальмер",прямое название акта рядом с номером,номер статьи извлечён из OCR; сверяйте со сканом,https://ivseliv.github.io/senat/lex/#/d/1897-080,1897-080:7421-9423,https://ivseliv.github.io/senat/lex/#/d/1897-080?mode=laws&c=%D0%A1%D0%97%D0%93&q=%D1%81%D1%82.+1554&at=7421&end=9423,true
1905-010:СЗГ:156:368,СЗГ ст. 156,СЗГ,ст. 156,1905-010,1905,10,368,375,156 ст.,"ы въ срокъ Доновымъ означеннаго долга, взысканіе управою обращено было чрезъ полицейское управленіе къ поручителямъ въ срокъ, установленный 156 ст. X т. 10 ч. св. зак. Затѣмъ, по случаю ввеце- нія въ Сибири судебныхъ уставовъ 1864 г., производство въ полицейскомъ управленіи было прекращ",акт определён по контексту решения,номер статьи извлечён из OCR; сверяйте со сканом,https://ivseliv.github.io/senat/lex/#/d/1905-010,1905-010:0-1600,https://ivseliv.github.io/senat/lex/#/d/1905-010?mode=laws&c=%D0%A1%D0%97%D0%93&q=%D1%81%D1%82.+156&at=0&end=1600,true
1905-010:СЗГ:1560:1210,СЗГ ст. 1560,СЗГ,ст. 1560,1905-010,1905,10,1210,1218,1560 ст.,"послѣ прекращенія производства въ полицейскомъ управленіи, а такъ какъ этотъ срокъ имъ пропущенъ, то и потеряно право на взысканіе за силою 1560 ст. 1 ч. X т. св. зак. Уполномоченный управы, ходатайствуя объ отмѣнѣ этого рѣшенія, объясняетъ, что, предъявивъ къ поручителю въ полицейскомъ",прямое название акта рядом с номером,номер статьи извлечён из OCR; сверяйте со сканом,https://ivseliv.github.io/senat/lex/#/d/1905-010,1905-010:0-1600,https://ivseliv.github.io/senat/lex/#/d/1905-010?mode=laws&c=%D0%A1%D0%97%D0%93&q=%D1%81%D1%82.+1560&at=0&end=1600,true
1897-034:СЗГ:1575:1826,СЗГ ст. 1575,СЗГ,ст. 1575,1897-034,1897,34,1826,1834,1575 ст.,"омъ съ этимъ ограниченіемъ, другое—относительно права на взысканіе неустойки по тѣмъ же актамъ, имѣетъ также въ виду неустойку узаконенную (1575 ст. X т. 1 ч.), а не договорную (рѣш. 1871 г. № 722). Противное сему толкованіе этого закона не согласовалось бы и съ коренною мыслью, выраженн",прямое название акта рядом с номером,номер статьи извлечён из OCR; сверяйте со сканом,https://ivseliv.github.io/senat/lex/#/d/1897-034,1897-034:1332-3104,https://ivseliv.github.io/senat/lex/#/d/1897-034?mode=laws&c=%D0%A1%D0%97%D0%93&q=%D1%81%D1%82.+1575&at=1332&end=3104,true
1897-003:СЗГ:1583:809,СЗГ ст. 1583,СЗГ,ст. 1583,1897-003,1897,3,809,817,ст. 1583,". т. X ч. 1 и ст. 180 уст. о наказ., должна быть признана недѣйствительной. Симферопольскій окружный судъ, принимая во вниманіе: 1) что, по ст. 1583 св. зак. т. X ч. 1, договоръ о неустойкѣ допускается при всякихъ договорахъ, необезпечиваемыхъ законной неустойкою; 2) что опредѣленное въ",прямое название акта рядом с номером,номер статьи извлечён из OCR; сверяйте со сканом,https://ivseliv.github.io/senat/lex/#/d/1897-003,1897-003:0-1418,https://ivseliv.github.io/senat/lex/#/d/1897-003?mode=laws&c=%D0%A1%D0%97%D0%93&q=%D1%81%D1%82.+1583&at=0&end=1418,true
1905-052:СЗГ:1585:1680,СЗГ ст. 1585,СЗГ,ст. 1585,1905-052,1905,52,1680,1688,1585 ст.,"риступая къ обсужденію возбуждаемаго кассаціонною жалобою отвѣтчика вопроса о томъ: представляется-ли согласнымъ съ точнымъ смысломъ 1554 и 1585 ст. 1 ч. X т. св. зак. присужденіе съ должника условленной неустойки за нарушеніе договора, выразившееся въ недоплатѣ въ срокъ нѣсколькихъ копе",прямое название акта рядом с номером,номер статьи извлечён из OCR; сверяйте со сканом,https://ivseliv.github.io/senat/lex/#/d/1905-052,1905-052:1249-3077,https://ivseliv.github.io/senat/lex/#/d/1905-052?mode=laws&c=%D0%A1%D0%97%D0%93&q=%D1%81%D1%82.+1585&at=1249&end=3077,true
1897-065:СЗГ:16:23470,СЗГ ст. 16,СЗГ,ст. 16,1897-065,1897,65,23470,23476,ст. 16,"я, между прочимъ, объ „именныхъ спискахъ раскольниковъ“, причемъ не сказано, кѣмъ именно эти списки должны быть ведены. Изъ приложенныхъ къ ст. 16 уст. дух. консист. формъ для исповѣдныхъ росписей видно, что въ нихъ на церковный причтъ возложена обязанность вносить въ росписи какъ испо",акт определён по контексту решения,номер статьи извлечён из OCR; сверяйте со сканом,https://ivseliv.github.io/senat/lex/#/d/1897-065,1897-065:23069-24634,https://ivseliv.github.io/senat/lex/#/d/1897-065?mode=laws&c=%D0%A1%D0%97%D0%93&q=%D1%81%D1%82.+16&at=23069&end=24634,true
1897-081:СЗГ:164:13347,СЗГ ст. 164,СЗГ,ст. 164,1897-081,1897,81,13347,13354,ст. 164,"ріевыхъ, присяжный повѣренный де-Плянсонъ, ходатайствуетъ предъ Правительствующимъ Сенатомъ объ отмѣнѣ рѣшенія судебной палаты по нарушенію ст. 164, 172—174, 177—181 т. X ч. 1, 335, 339, 366—368, 515 и 711 ст. уст. гр. суд. Повѣренный княгини Трубецкой, присяжный повѣренный Биновичъ, въ",прямое название акта рядом с номером,номер статьи извлечён из OCR; сверяйте со сканом,https://ivseliv.github.io/senat/lex/#/d/1897-081,1897-081:11714-13430,https://ivseliv.github.io/senat/lex/#/d/1897-081?mode=laws&c=%D0%A1%D0%97%D0%93&q=%D1%81%D1%82.+164&at=11714&end=13430,true
1897-003:СЗГ:1649:957,СЗГ ст. 1649,СЗГ,ст. 1649,1897-003,1897,3,957,965,ст. 1649,"св. зак. т. X ч. 1, договоръ о неустойкѣ допускается при всякихъ договорахъ, необезпечиваемыхъ законной неустойкою; 2) что опредѣленное въ ст. 1649 и 2023 св. зак. т. X ч. 1 правило, по которому допускается досрочное погашеніе долга, можетъ имѣть безусловное примѣненіе лишь въ томъ случ",прямое название акта рядом с номером,номер статьи извлечён из OCR; сверяйте со сканом,https://ivseliv.github.io/senat/lex/#/d/1897-003,1897-003:0-1418,https://ivseliv.github.io/senat/lex/#/d/1897-003?mode=laws&c=%D0%A1%D0%97%D0%93&q=%D1%81%D1%82.+1649&at=0&end=1418,true
1897-002:СЗГ:1653:3523,СЗГ ст. 1653,СЗГ,ст. 1653,1897-002,1897,2,3523,3531,1653 ст.,"другаго имущества отвѣтчиковъ, и, слѣдовательно, Бакланова права на взысканіе такого долга, какъ долга вещнаго, передать истцу, Химотченкѣ (1653 ст. X т. 1 ч.), не могла, то и настоящій искъ Химотченки не можетъ быть признанъ подлежащимъ удовлетворенію, и потому въ искѣ Химотченкѣ отказа",прямое название акта рядом с номером,номер статьи извлечён из OCR; сверяйте со сканом,https://ivseliv.github.io/senat/lex/#/d/1897-002,1897-002:2780-4511,https://ivseliv.github.io/senat/lex/#/d/1897-002?mode=laws&c=%D0%A1%D0%97%D0%93&q=%D1%81%D1%82.+1653&at=2780&end=4511,true
1897-080:СЗГ:1663:7728,СЗГ ст. 1663,СЗГ,ст. 1663,1897-080,1897,80,7728,7736,1663 ст.,"силою одного этого факта, освобождались отъ дѣйствія залоговаго права, которому были подчинены до такого отдѣленія. Хотя по закону (1587 и 1663 ст. X т. 1 ч.) то, что отдѣлено отъ земли, въ качествѣ самостоятельной движимости, составляетъ предметъ заклада, а не залога, но принимая во вн",прямое название акта рядом с номером,номер статьи извлечён из OCR; сверяйте со сканом,https://ivseliv.github.io/senat/lex/#/d/1897-080,1897-080:7421-9423,https://ivseliv.github.io/senat/lex/#/d/1897-080?mode=laws&c=%D0%A1%D0%97%D0%93&q=%D1%81%D1%82.+1663&at=7421&end=9423,true
1905-087:СЗГ:1676:3766,СЗГ ст. 1676,СЗГ,ст. 1676,1905-087,1905,87,3766,3774,1676 ст.,"въ ломбарда на основаніи общихъ узаконеній. По свойству операцій ломбарда, закладодатель, отдавая вещь въ закладъ, въ правѣ, основываясь на 1676 ст. X т. 1 ч. зак. гр., расчитывать, что ломбардъ и хозяева его, какъ закладодержатель, приложатъ все стараніе къ сохраненію вещи въ цѣлости. Н",прямое название акта рядом с номером,номер статьи извлечён из OCR; сверяйте со сканом,https://ivseliv.github.io/senat/lex/#/d/1905-087,1905-087:2466-4145,https://ivseliv.github.io/senat/lex/#/d/1905-087?mode=laws&c=%D0%A1%D0%97%D0%93&q=%D1%81%D1%82.+1676&at=2466&end=4145,true
1904-028:СЗГ:1679:2711,СЗГ ст. 1679,СЗГ,ст. 1679,1904-028,1904,28,2711,2719,ст. 1679,"оспиской о задаткѣ“. Договоромъ, въ силу котораго одна сторона обязывается продать другой недвижимое имѣніе, признается запродажная запись (ст. 1679 и 1680 т. X ч. 1). Въ ней должны быть означены подробно и съ надлежащей точностью всѣ постановленныя съ общаго согласія продающимъ и покупа",прямое название акта рядом с номером,номер статьи извлечён из OCR; сверяйте со сканом,https://ivseliv.github.io/senat/lex/#/d/1904-028,1904-028:1510-3192,https://ivseliv.github.io/senat/lex/#/d/1904-028?mode=laws&c=%D0%A1%D0%97%D0%93&q=%D1%81%D1%82.+1679&at=1510&end=3192,true
1904-028:СЗГ:1685:863,СЗГ ст. 1685,СЗГ,ст. 1685,1904-028,1904,28,863,871,1685 ст.,"исужденіи 3500 рубл. убытковъ отказалъ. По апелляціонной жалобѣ повѣреннаго истцовъ, Харьковская судебная палата нашла, что, какъ видно изъ 1685 ст. 1 ч. X т., задаточная росписка имѣетъ назначеніе обезпечить исполненіе предварительнаго соглашенія сторонъ о продажѣ недвижимости посредств",прямое название акта рядом с номером,номер статьи извлечён из OCR; сверяйте со сканом,https://ivseliv.github.io/senat/lex/#/d/1904-028,1904-028:0-1760,https://ivseliv.github.io/senat/lex/#/d/1904-028?mode=laws&c=%D0%A1%D0%97%D0%93&q=%D1%81%D1%82.+1685&at=0&end=1760,true
1905-065:СЗГ:1686:3182,СЗГ ст. 1686,СЗГ,ст. 1686,1905-065,1905,65,3182,3190,1686 ст.,"вятисотъ семидесяти рублей Базановой отказать. Въ кассаціонной жалобѣ Базанова проситъ объ отмѣнѣ этого рѣшенія по неправильному толкованію 1686 ст. зак. гражд. и кромѣ того жалуется, что палата впала въ явную ошибку, говоря, что задатокъ находится въ депозитѣ окружнаго суда. Тамъ денегъ",прямое название акта рядом с номером,номер статьи извлечён из OCR; сверяйте со сканом,https://ivseliv.github.io/senat/lex/#/d/1905-065,1905-065:2728-4376,https://ivseliv.github.io/senat/lex/#/d/1905-065?mode=laws&c=%D0%A1%D0%97%D0%93&q=%D1%81%D1%82.+1686&at=2728&end=4376,true
1904-028:СЗГ:1688:1588,СЗГ ст. 1688,СЗГ,ст. 1688,1904-028,1904,28,1588,1596,ст. 1688,"лѣдствія его нарушенія сторонами приводятъ, по мнѣнію палаты, къ несомнѣнному заключенію, что примѣненіемъ единственно этихъ, указанныхъ въ ст. 1688 и 1689 ст. т. X ч. 1, послѣдствій окончательно исчерпываются отношенія сторонъ, возникающія изъ задаточной росписки въ случаѣ ея нарушенія",прямое название акта рядом с номером,номер статьи извлечён из OCR; сверяйте со сканом,https://ivseliv.github.io/senat/lex/#/d/1904-028,1904-028:0-1760,https://ivseliv.github.io/senat/lex/#/d/1904-028?mode=laws&c=%D0%A1%D0%97%D0%93&q=%D1%81%D1%82.+1688&at=0&end=1760,true
1904-064:СЗГ:1688:10501,СЗГ ст. 1688,СЗГ,ст. 1688,1904-064,1904,64,10501,10509,1688 ст.,"неніе условій задаточной росписки однимъ изъ контрагентовъ можетъ влечь за собою только ту специальную отвѣтственность, которая установлена 1688 ст. 1 ч. X т. и которая исключаетъ всецѣло иную отвѣтственность за убытки, происходящіе отъ неисполненія условій задаточной росписки. Поэтому и",прямое название акта рядом с номером,номер статьи извлечён из OCR; сверяйте со сканом,https://ivseliv.github.io/senat/lex/#/d/1904-064,1904-064:9314-10935,https://ivseliv.github.io/senat/lex/#/d/1904-064?mode=laws&c=%D0%A1%D0%97%D0%93&q=%D1%81%D1%82.+1688&at=9314&end=10935,true
1905-065:СЗГ:1688:5511,СЗГ ст. 1688,СЗГ,ст. 1688,1905-065,1905,65,5511,5519,ст. 1688,"признавъ за положеннымъ въ основаніе иска документомъ силы задаточной росписки и отказавъ истицѣ въ примѣненіи послѣдствій, установленныхъ ст. 1688 зак. гражд., только на томъ основаніи, что въ роспискѣ не содержится указаній, что полученнымъ задаткомъ обезпечивается исполненіе сторонам",прямое название акта рядом с номером,номер статьи извлечён из OCR; сверяйте со сканом,https://ivseliv.github.io/senat/lex/#/d/1905-065,1905-065:4149-5817,https://ivseliv.github.io/senat/lex/#/d/1905-065?mode=laws&c=%D0%A1%D0%97%D0%93&q=%D1%81%D1%82.+1688&at=4149&end=5817,true
1904-028:СЗГ:1689:1599,СЗГ ст. 1689,СЗГ,ст. 1689,1904-028,1904,28,1599,1607,1689 ст.,"о нарушенія сторонами приводятъ, по мнѣнію палаты, къ несомнѣнному заключенію, что примѣненіемъ единственно этихъ, указанныхъ въ ст. 1688 и 1689 ст. т. X ч. 1, послѣдствій окончательно исчерпываются отношенія сторонъ, возникающія изъ задаточной росписки въ случаѣ ея нарушенія тою или дру",прямое название акта рядом с номером,номер статьи извлечён из OCR; сверяйте со сканом,https://ivseliv.github.io/senat/lex/#/d/1904-028,1904-028:0-1760,https://ivseliv.github.io/senat/lex/#/d/1904-028?mode=laws&c=%D0%A1%D0%97%D0%93&q=%D1%81%D1%82.+1689&at=0&end=1760,true
1905-054:СЗГ:1697:5507,СЗГ ст. 1697,СЗГ,ст. 1697,1905-054,1905,54,5507,5515,ст. 1697,"лата имѣла правильное основаніе усмотрѣть въ нихъ законные признаки договора найма земли изъ выстройки, опредѣляемые для частныхъ имуществъ ст. 1697 т. X ч. 1, применяемой, въ силу 1710 ст. того же тома и части, и къ принадлежащимъ городскимъ обществамъ имуществамъ, и, согласно съ симъ,",прямое название акта рядом с номером,номер статьи извлечён из OCR; сверяйте со сканом,https://ivseliv.github.io/senat/lex/#/d/1905-054,1905-054:5076-6675,https://ivseliv.github.io/senat/lex/#/d/1905-054?mode=laws&c=%D0%A1%D0%97%D0%93&q=%D1%81%D1%82.+1697&at=5076&end=6675,true
1897-065:СЗГ:17:7895,СЗГ ст. 17,СЗГ,ст. 17,1897-065,1897,65,7895,7901,ст. 17,"тъ цѣлью только регистрацію браковъ и рожденій у раскольниковъ, а не контроль надъ самымъ обрядомъ вѣнчанія, который закономъ игнорируется (ст. 17 правилъ). При наличности упомянутыхъ доказательствъ было бы несогласно съ разумомъ приведенныхъ законовъ отвергнуть законность рожденія Афа",акт определён по контексту решения,номер статьи извлечён из OCR; сверяйте со сканом,https://ivseliv.github.io/senat/lex/#/d/1897-065,1897-065:6602-8159,https://ivseliv.github.io/senat/lex/#/d/1897-065?mode=laws&c=%D0%A1%D0%97%D0%93&q=%D1%81%D1%82.+17&at=6602&end=8159,true
1905-050:СЗГ:1700:3553,СЗГ ст. 1700,СЗГ,ст. 1700,1905-050,1905,50,3553,3561,1700 ст.,"цемъ права собственности на имѣніе, то по тѣмъ же основаніямъ недѣйствительна и передача такимъ владѣльцемъ указаннымъ въ законѣ способомъ (1700 ст. 1 ч. X т.) третьему лицу права владѣнія, а посему требованіе истца Тинькова, какъ основанное на томъ, что опека надъ имѣніемъ Корвинъ-Краси",прямое название акта рядом с номером,номер статьи извлечён из OCR; сверяйте со сканом,https://ivseliv.github.io/senat/lex/#/d/1905-050,1905-050:2785-4662,https://ivseliv.github.io/senat/lex/#/d/1905-050?mode=laws&c=%D0%A1%D0%97%D0%93&q=%D1%81%D1%82.+1700&at=2785&end=4662,true
1904-112:СЗГ:172:1932,СЗГ ст. 172,СЗГ,ст. 172,1904-112,1904,112,1932,1939,172 ст.,"аденца, составляетъ естественную обязанность отца содержать своего ребенка, подобно тому, какъ и при существованіи законнаго брака, въ силу 172 ст. 1 ч. X т., отецъ обязанъ доставлять содержаніе своимъ дѣтямъ, и эта обязанность въ основѣ своей имѣетъ естественную, присущую родителямъ за",прямое название акта рядом с номером,номер статьи извлечён из OCR; сверяйте со сканом,https://ivseliv.github.io/senat/lex/#/d/1904-112,1904-112:1531-3086,https://ivseliv.github.io/senat/lex/#/d/1904-112?mode=laws&c=%D0%A1%D0%97%D0%93&q=%D1%81%D1%82.+172&at=1531&end=3086,true
1897-081:СЗГ:173:1483,СЗГ ст. 173,СЗГ,ст. 173,1897-081,1897,81,1483,1490,ст. 173,"нкордіи. Искъ этотъ былъ удовлетворенъ рѣшеніемъ суда. Разсмотрѣвъ дѣло по апелляціи отвѣтчицы, С.-Петербургская судебная палата нашла, что ст. 173 и 177 т. X ч. 1 безспорно даютъ родителямъ право требовать отъ посторонняго лица возвращенія самовольно удерживаемаго имъ чужаго ребенка, н",прямое название акта рядом с номером,номер статьи извлечён из OCR; сверяйте со сканом,https://ivseliv.github.io/senat/lex/#/d/1897-081,1897-081:1162-2922,https://ivseliv.github.io/senat/lex/#/d/1897-081?mode=laws&c=%D0%A1%D0%97%D0%93&q=%D1%81%D1%82.+173&at=1162&end=2922,true
1904-030:СЗГ:1741:17936,СЗГ ст. 1741,СЗГ,ст. 1741,1904-030,1904,30,17936,17944,1741 ст.,"не только несогласно съ самою юридическою природою договора перевозки, однимъ изъ существенныхъ условій котораго является срочность (1738 и 1741 ст. 1 ч. X т.), но и прямо опровергается приложеннымъ къ дѣлу договоромъ, заключеннымъ пароходствомъ общества „Масисъ“ съ правленіемъ общества",прямое название акта рядом с номером,номер статьи извлечён из OCR; сверяйте со сканом,https://ivseliv.github.io/senat/lex/#/d/1904-030,1904-030:17491-19455,https://ivseliv.github.io/senat/lex/#/d/1904-030?mode=laws&c=%D0%A1%D0%97%D0%93&q=%D1%81%D1%82.+1741&at=17491&end=19455,true
1904-064:СЗГ:1745:7865,СЗГ ст. 1745,СЗГ,ст. 1745,1904-064,1904,64,7865,7873,1745 ст.,"ичитающихся ему за совершеніе подрядныхъ работъ платежей, а потому не указаны и послѣдствія задержанія сихъ платежей. Точно также и въ 1737—1745 ст. 1 ч. X т., устанавливающихъ правила о подрядахъ и поставкахъ, не предусмотрѣны послѣдствія удержанія одною стороною причитающихся другой по",прямое название акта рядом с номером,номер статьи извлечён из OCR; сверяйте со сканом,https://ivseliv.github.io/senat/lex/#/d/1904-064,1904-064:6610-8242,https://ivseliv.github.io/senat/lex/#/d/1904-064?mode=laws&c=%D0%A1%D0%97%D0%93&q=%D1%81%D1%82.+1745&at=6610&end=8242,true
1904-090:СЗГ:1747:19794,СЗГ ст. 1747,СЗГ,ст. 1747,1904-090,1904,90,19794,19802,ст. 1747,"соображеній, то рѣшеніе палаты и въ этой части подлежитъ отмѣнѣ за неправильнымъ примѣненіемъ 641 ст. 1 ч. X т., вмѣсто относящейся къ дѣлу ст. 1747 уст. тамож. изд. 1857 года. Не признавая, засимъ, нужнымъ останавливаться на прочихъ указаніяхъ просителя и признавая обжалованное рѣшеніе",прямое название акта рядом с номером,номер статьи извлечён из OCR; сверяйте со сканом,https://ivseliv.github.io/senat/lex/#/d/1904-090,1904-090:18701-20248,https://ivseliv.github.io/senat/lex/#/d/1904-090?mode=laws&c=%D0%A1%D0%97%D0%93&q=%D1%81%D1%82.+1747&at=18701&end=20248,true
1905-069:СЗГ:194:1126,СЗГ ст. 194,СЗГ,ст. 194,1905-069,1905,69,1126,1133,194 ст.,"ерть сына, если бы было доказано, что онъ по бѣдности, дряхлости или немощамъ не можетъ собственными средствами снискивать себѣ содержаніе (194 ст. 1 ч. X т. св. зак.). Судебная палата искъ удовлетворила въ суммѣ 1334 руб., признавъ оба возраженія повѣреннаго дороги неосновательными: пе",прямое название акта рядом с номером,номер статьи извлечён из OCR; сверяйте со сканом,https://ivseliv.github.io/senat/lex/#/d/1905-069,1905-069:0-1857,https://ivseliv.github.io/senat/lex/#/d/1905-069?mode=laws&c=%D0%A1%D0%97%D0%93&q=%D1%81%D1%82.+194&at=0&end=1857,true
1905-096:СЗГ:196:2609,СЗГ ст. 196,СЗГ,ст. 196,1905-096,1905,96,2609,2616,ст. 196,"утвердила. Оспаривая правильность рѣшенія судебной палаты, повѣренный истцовъ въ своей кассаціонной жалобѣ указываетъ на нарушеніе палатою ст. 196, 397 (п. 2 и 6), 399 (п. 1—3), 1112 и 1136—1138 т. X ч. 1 зак. гр.",прямое название акта рядом с номером,номер статьи извлечён из OCR; сверяйте со сканом,https://ivseliv.github.io/senat/lex/#/d/1905-096,1905-096:1387-2683,https://ivseliv.github.io/senat/lex/#/d/1905-096?mode=laws&c=%D0%A1%D0%97%D0%93&q=%D1%81%D1%82.+196&at=1387&end=2683,true
1904-040:СЗГ:2:2696,СЗГ ст. 2,СЗГ,ст. 2,1904-040,1904,40,2696,2701,ст. 2,"Подольской губерніи, то, прежде всего, подлежитъ разрѣшенію палаты этотъ споръ. На основаніи общихъ законовъ Имперіи, изображенныхъ въ п. 3 ст. 2 св. зак. т. XIV уст. о пас. изд. 1890 г., и, какъ это разъяснено въ указѣ гр. касс. д-та Правит. Сената на имя сей палаты отъ 16 декабря 18",акт определён по контексту решения,номер статьи извлечён из OCR; сверяйте со сканом,https://ivseliv.github.io/senat/lex/#/d/1904-040,1904-040:1616-3503,https://ivseliv.github.io/senat/lex/#/d/1904-040?mode=laws&c=%D0%A1%D0%97%D0%93&q=%D1%81%D1%82.+2&at=1616&end=3503,true
1905-034:СЗГ:20:1072,СЗГ ст. 20,СЗГ,ст. 20,1905-034,1905,34,1072,1078,ст. 20,"вѣтчиковъ 440 руб. и судебныя издержки. Въ кассаціонной жалобѣ отвѣтчики, указывая, между прочимъ, на то, что настоящій искъ, согласно 1 п. ст. 20 прав. о произв. суд. дѣлъ, какъ вытекающій изъ найма земельныхъ угодій и не превышающій 500 руб., подсуденъ земскому начальнику, а не уѣздн",акт определён по контексту решения,номер статьи извлечён из OCR; сверяйте со сканом,https://ivseliv.github.io/senat/lex/#/d/1905-034,1905-034:0-1438,https://ivseliv.github.io/senat/lex/#/d/1905-034?mode=laws&c=%D0%A1%D0%97%D0%93&q=%D1%81%D1%82.+20&at=0&end=1438,true
1897-003:СЗГ:2020:2571,СЗГ ст. 2020,СЗГ,ст. 2020,1897-003,1897,3,2571,2579,ст. 2020,"ъ. Если же оно допускается и опредѣленіе размѣра процента при займахъ предоставляется свободному соглашенію между кредиторомъ и должникомъ (ст. 2020), то изъ сего слѣдуетъ заключить, что вышеприведенное правило ст. 2023 имѣетъ въ виду лишь облегчить должнику исполненіе хотя и законной, н",акт определён по контексту решения,номер статьи извлечён из OCR; сверяйте со сканом,https://ivseliv.github.io/senat/lex/#/d/1897-003,1897-003:1184-2944,https://ivseliv.github.io/senat/lex/#/d/1897-003?mode=laws&c=%D0%A1%D0%97%D0%93&q=%D1%81%D1%82.+2020&at=1184&end=2944,true
1897-034:СЗГ:2020:706,СЗГ ст. 2020,СЗГ,ст. 2020,1897-034,1897,34,706,714,ст. 2020,"ли договорные, опредѣляемые соглашеніемъ сторонъ, и узаконенные или указные, установляемые, при отсутствіи такого соглашенія, волею закона (ст. 2020 и 2021 т. X ч. 1). Различая эти два вида процентовъ, законъ въ 365 ст. XVI т. 2 ч. предоставляетъ кредитору взыскивать съ неисправнаго долж",прямое название акта рядом с номером,номер статьи извлечён из OCR; сверяйте со сканом,https://ivseliv.github.io/senat/lex/#/d/1897-034,1897-034:0-1579,https://ivseliv.github.io/senat/lex/#/d/1897-034?mode=laws&c=%D0%A1%D0%97%D0%93&q=%D1%81%D1%82.+2020&at=0&end=1579,true
1905-107:СЗГ:2020:3689,СЗГ ст. 2020,СЗГ,ст. 2020,1905-107,1905,107,3689,3697,2020 ст.,"ымъ ему взаймы капиталомъ и въ правѣ заимодавца требовать вознагражденія за такое пользованіе въ видѣ условленныхъ процентовъ. На основаніи 2020 ст. X т. 1 ч. зак. гр., условленный ростъ дозволяется назначать по займамъ за пользованіе капиталомъ. Изъ сего видно, что ростъ или проценты до",прямое название акта рядом с номером,номер статьи извлечён из OCR; сверяйте со сканом,https://ivseliv.github.io/senat/lex/#/d/1905-107,1905-107:2576-4102,https://ivseliv.github.io/senat/lex/#/d/1905-107?mode=laws&c=%D0%A1%D0%97%D0%93&q=%D1%81%D1%82.+2020&at=2576&end=4102,true
1904-064:СЗГ:2021:7235,СЗГ ст. 2021,СЗГ,ст. 2021,1904-064,1904,64,7235,7243,2021 ст.,"я денежная сумма, имѣетъ-ли право за удержаніе этой суммы отыскивать, сверхъ узаконенныхъ на задержанный у него капиталъ процентовъ (2020 и 2021 ст. 1 ч. X т. и рѣш. 1872 г. № 756, 757 и 807; 1874 г. № 636; 1876 г. № 249 и др.), еще вознагражденіе за понесенные отъ задержанія капитала уб",прямое название акта рядом с номером,номер статьи извлечён из OCR; сверяйте со сканом,https://ivseliv.github.io/senat/lex/#/d/1904-064,1904-064:6610-8242,https://ivseliv.github.io/senat/lex/#/d/1904-064?mode=laws&c=%D0%A1%D0%97%D0%93&q=%D1%81%D1%82.+2021&at=6610&end=8242,true
1897-003:СЗГ:2022:2310,СЗГ ст. 2022,СЗГ,ст. 2022,1897-003,1897,3,2310,2318,ст. 2022,"равомъ, ему симъ закономъ предоставляемымъ. Но это предположеніе, очевидно, невѣрно. Если бы взиманіе при займѣ процента выше узаконеннаго (ст. 2022 св. зак. т. X ч. 1) признавалось несогласнымъ съ общественнымъ порядкомъ, то оно вовсе не допускалось бы закономъ. Если же оно допускается",прямое название акта рядом с номером,номер статьи извлечён из OCR; сверяйте со сканом,https://ivseliv.github.io/senat/lex/#/d/1897-003,1897-003:1184-2944,https://ivseliv.github.io/senat/lex/#/d/1897-003?mode=laws&c=%D0%A1%D0%97%D0%93&q=%D1%81%D1%82.+2022&at=1184&end=2944,true
1904-064:СЗГ:2022:9262,СЗГ ст. 2022,СЗГ,ст. 2022,1904-064,1904,64,9262,9270,2022 ст.,"ст. уст. гр. суд., къ долговымъ обязательствамъ, вытекающимъ изъ договора подряда, надлежитъ примѣнить тѣ правила, кои установлены въ 2020-2022 ст. 1 ч. X т. по отношенію къ обязательствамъ, возникающимъ изъ договора займа. Въ силу же означенныхъ статей должникъ, не уплатившій въ срокъ",прямое название акта рядом с номером,номер статьи извлечён из OCR; сверяйте со сканом,https://ivseliv.github.io/senat/lex/#/d/1904-064,1904-064:7990-9580,https://ivseliv.github.io/senat/lex/#/d/1904-064?mode=laws&c=%D0%A1%D0%97%D0%93&q=%D1%81%D1%82.+2022&at=7990&end=9580,true
1897-003:СЗГ:2023:1787,СЗГ ст. 2023,СЗГ,ст. 2023,1897-003,1897,3,1787,1795,ст. 2023,"ръ-прокурора, кассаціонную жалобу Куна, Правительствующій Сенатъ находитъ, что въ основаніи ея лежитъ предположеніе, будто бы выраженное въ ст. 2023 св.",прямое название акта рядом с номером,номер статьи извлечён из OCR; сверяйте со сканом,https://ivseliv.github.io/senat/lex/#/d/1897-003,1897-003:1184-2944,https://ivseliv.github.io/senat/lex/#/d/1897-003?mode=laws&c=%D0%A1%D0%97%D0%93&q=%D1%81%D1%82.+2023&at=1184&end=2944,true
1905-107:СЗГ:2023:2690,СЗГ ст. 2023,СЗГ,ст. 2023,1905-107,1905,107,2690,2698,2023 ст.,"дачи Протопопову 8 января 1904 г., и тѣмъ болѣе право Протопопова не могло быть уничтожено, что Зайцевъ не исполнилъ правила, указаннаго въ 2023 ст. X т. 1 ч., т.-е. не предупредилъ письменно Протопопова за три мѣсяца о погашеніи долга.",прямое название акта рядом с номером,номер статьи извлечён из OCR; сверяйте со сканом,https://ivseliv.github.io/senat/lex/#/d/1905-107,1905-107:1336-2786,https://ivseliv.github.io/senat/lex/#/d/1905-107?mode=laws&c=%D0%A1%D0%97%D0%93&q=%D1%81%D1%82.+2023&at=1336&end=2786,true
1904-064:СЗГ:2036:11418,СЗГ ст. 2036,СЗГ,ст. 2036,1904-064,1904,64,11418,11426,2036 ст.,"талъ по всѣмъ долговымъ обязательствамъ, за исключеніемъ тѣхъ, кои основаны на заемныхъ обязательствахъ совершенныхъ въ порядкѣ, указанномъ 2036 ст. 1 ч. X т., по которымъ, сверхъ 6%, взыскивается еще и три процента неустойки со всего незаплаченнаго капитала. Правильность такого вывода п",прямое название акта рядом с номером,номер статьи извлечён из OCR; сверяйте со сканом,https://ivseliv.github.io/senat/lex/#/d/1904-064,1904-064:10696-12086,https://ivseliv.github.io/senat/lex/#/d/1904-064?mode=laws&c=%D0%A1%D0%97%D0%93&q=%D1%81%D1%82.+2036&at=10696&end=12086,true
1904-064:СЗГ:2039:10977,СЗГ ст. 2039,СЗГ,ст. 2039,1904-064,1904,64,10977,10985,2039 ст.,"изойти отъ задержанія должной денежной суммы, если по договору онъ не выговорилъ себѣ этого права. При этомъ, какъ это явствуетъ изъ 1575 и 2039 ст. 1 ч. X т. и какъ это уже разъяснено Правительствующимъ Сенатомъ въ рѣшеніяхъ его за 1870 г. № 122 и 1211, за 1871 г. № 1073, за 1872 г. № 7",прямое название акта рядом с номером,номер статьи извлечён из OCR; сверяйте со сканом,https://ivseliv.github.io/senat/lex/#/d/1904-064,1904-064:10696-12086,https://ivseliv.github.io/senat/lex/#/d/1904-064?mode=laws&c=%D0%A1%D0%97%D0%93&q=%D1%81%D1%82.+2039&at=10696&end=12086,true
1905-107:СЗГ:2051:4494,СЗГ ст. 2051,СЗГ,ст. 2051,1905-107,1905,107,4494,4502,ст. 2051,"ономъ и не соотвѣтствуетъ ни справедливости, ни понятію о правѣ вознагражденія собственника за пользованіе его имуществомъ. Согласно сему и ст. 2051 т. X ч. 1 должна быть понимаема въ томъ смыслѣ, что платежъ по заемнымъ обязательствамъ долженъ быть произведенъ съ ростомъ, причитающимся",прямое название акта рядом с номером,номер статьи извлечён из OCR; сверяйте со сканом,https://ivseliv.github.io/senat/lex/#/d/1905-107,1905-107:3826-5258,https://ivseliv.github.io/senat/lex/#/d/1905-107?mode=laws&c=%D0%A1%D0%97%D0%93&q=%D1%81%D1%82.+2051&at=3826&end=5258,true
1897-065:СЗГ:209:10149,СЗГ ст. 209,СЗГ,ст. 209,1897-065,1897,65,10149,10156,209 ст.,"невписаннаго въ метрическія книги брака Ивана и Авдотьѣ Волковыхъ, хотя оба они пережили изданіе закона 19 апрѣля 1874 г.; 3) на нарушеніе 209 ст. 1 ч. X т., 339 и 1356⁵ ст. уст. гр. суд.: а) чрезъ принятіе по дѣлу о наслѣдствѣ такихъ доказательствъ, которыя въ 1-й изъ приведенныхъ ста",прямое название акта рядом с номером,номер статьи извлечён из OCR; сверяйте со сканом,https://ivseliv.github.io/senat/lex/#/d/1897-065,1897-065:9227-11113,https://ivseliv.github.io/senat/lex/#/d/1897-065?mode=laws&c=%D0%A1%D0%97%D0%93&q=%D1%81%D1%82.+209&at=9227&end=11113,true
1905-017:СЗГ:2108:5594,СЗГ ст. 2108,СЗГ,ст. 2108,1905-017,1905,17,5594,5602,2108 ст.,"анность хранить чужое имущество только до наступленія извѣстнаго момента, что во всякомъ случаѣ является обязательнымъ и для поклажедателя (2108 ст. 1 ч. X т. и рѣш. 1868 г. № 1327). Однако, срочность принятаго на себя дорогою обязательства хранить грузъ не можетъ освободить ее отъ обяза",прямое название акта рядом с номером,номер статьи извлечён из OCR; сверяйте со сканом,https://ivseliv.github.io/senat/lex/#/d/1905-017,1905-017:5043-7153,https://ivseliv.github.io/senat/lex/#/d/1905-017?mode=laws&c=%D0%A1%D0%97%D0%93&q=%D1%81%D1%82.+2108&at=5043&end=7153,true
1905-017:СЗГ:2112:5107,СЗГ ст. 2112,СЗГ,ст. 2112,1905-017,1905,17,5107,5115,2112 ст.,"нія съ нимъ сдѣлки относительно перевозки или отправки груза по назначенію, должно быть отнесено къ договору поклажи, предусмотрѣнному 2100—2112 ст. 1 ч. X т., такъ какъ принятіемъ груза въ складъ выражается со стороны дороги намѣреніе хранить этотъ грузъ до заключенія другаго имѣющагося",прямое название акта рядом с номером,номер статьи извлечён из OCR; сверяйте со сканом,https://ivseliv.github.io/senat/lex/#/d/1905-017,1905-017:3807-5281,https://ivseliv.github.io/senat/lex/#/d/1905-017?mode=laws&c=%D0%A1%D0%97%D0%93&q=%D1%81%D1%82.+2112&at=3807&end=5281,true
1905-055:СЗГ:2126:6121,СЗГ ст. 2126,СЗГ,ст. 2126,1905-055,1905,55,6121,6129,ст. 2126,"ва. Оно, какъ всякое товарищество, составляется изъ лицъ, соединенныхъ въ одинъ составъ и дѣйствующихъ въ ономъ подъ однимъ общимъ именемъ (ст. 2126 т. X ч. 1), и образуется посредствомъ договора, съ тою лишь разницею, что договоръ этотъ носитъ названіе устава и представляется на утвержд",прямое название акта рядом с номером,номер статьи извлечён из OCR; сверяйте со сканом,https://ivseliv.github.io/senat/lex/#/d/1905-055,1905-055:4453-6326,https://ivseliv.github.io/senat/lex/#/d/1905-055?mode=laws&c=%D0%A1%D0%97%D0%93&q=%D1%81%D1%82.+2126&at=4453&end=6326,true
1905-055:СЗГ:2131:6289,СЗГ ст. 2131,СЗГ,ст. 2131,1905-055,1905,55,6289,6297,ст. 2131,"уется посредствомъ договора, съ тою лишь разницею, что договоръ этотъ носитъ названіе устава и представляется на утвержденіе правительства (ст. 2131, 2132, 2189—2198 т. X ч. 1). Правленіе компаніи управляетъ ея дѣлами въ качествѣ уполномоченнаго. Вслѣдствіе сего, всякій споръ между акціо",прямое название акта рядом с номером,номер статьи извлечён из OCR; сверяйте со сканом,https://ivseliv.github.io/senat/lex/#/d/1905-055,1905-055:4453-6326,https://ivseliv.github.io/senat/lex/#/d/1905-055?mode=laws&c=%D0%A1%D0%97%D0%93&q=%D1%81%D1%82.+2131&at=4453&end=6326,true
1904-087:СЗГ:2134:2429,СЗГ ст. 2134,СЗГ,ст. 2134,1904-087,1904,87,2429,2437,2134 ст.,"и постановленія отъ 30 августа того же года; 2) что, по закону (2134 ст. X т. ч. 1 св. зак.), въ товариществѣ полномъ всѣ товарищи отвѣтствуютъ за всѣ долги онаго вообще и порознь всѣмъ своимъ имуществомъ, т.-е.",акт определён по контексту решения,номер статьи извлечён из OCR; сверяйте со сканом,https://ivseliv.github.io/senat/lex/#/d/1904-087,1904-087:2127-3765,https://ivseliv.github.io/senat/lex/#/d/1904-087?mode=laws&c=%D0%A1%D0%97%D0%93&q=%D1%81%D1%82.+2134&at=2127&end=3765,true
1905-093:СЗГ:2134:1591,СЗГ ст. 2134,СЗГ,ст. 2134,1905-093,1905,93,1591,1599,2134 ст.,"ь только полному товарищу, имѣла законное основаніе для признанія отвѣтственнымъ просителя передъ третьими лицами за долги товарищества, по 2134 ст. X т. 1 ч.,—Правительствующій Сенатъ опредѣляетъ: просьбу Беглярова оставить безъ послѣдствій.",прямое название акта рядом с номером,номер статьи извлечён из OCR; сверяйте со сканом,https://ivseliv.github.io/senat/lex/#/d/1905-093,1905-093:0-1693,https://ivseliv.github.io/senat/lex/#/d/1905-093?mode=laws&c=%D0%A1%D0%97%D0%93&q=%D1%81%D1%82.+2134&at=0&end=1693,true
1897-071:СЗГ:2141:13565,СЗГ ст. 2141,СЗГ,ст. 2141,1897-071,1897,71,13565,13573,2141 ст.,"этихъ не оспариваетъ; напротивъ, наслѣдникъ продолжаетъ юридическую личность наслѣдодателя; поэтому статья 215 уст. гражд. суд. согласно съ 2141 ст. 1 ч. X т. указываетъ отвѣтчиками по иску наслѣдниковъ, принявшихъ или вступившихъ во владѣніе наслѣдствомъ же, и самое существованіе опеки,",прямое название акта рядом с номером,номер статьи извлечён из OCR; сверяйте со сканом,https://ivseliv.github.io/senat/lex/#/d/1897-071,1897-071:12470-13838,https://ivseliv.github.io/senat/lex/#/d/1897-071?mode=laws&c=%D0%A1%D0%97%D0%93&q=%D1%81%D1%82.+2141&at=12470&end=13838,true
1904-078:СЗГ:2141:8831,СЗГ ст. 2141,СЗГ,ст. 2141,1904-078,1904,78,8831,8839,ст. 2141,"1), имѣютъ законную силу (рѣш. гр. касс. деп. 1882 г. № 96); это подтверждается тѣмъ, что учрежденіе компаніи разрѣшается правительствомъ (ст. 2141), образъ дѣйствій опредѣляется уставомъ, проектъ коего, единожды утвержденный правительствомъ, компанія безъ новаго разрѣшенія не можетъ пе",акт определён по контексту решения,номер статьи извлечён из OCR; сверяйте со сканом,https://ivseliv.github.io/senat/lex/#/d/1904-078,1904-078:7027-9090,https://ivseliv.github.io/senat/lex/#/d/1904-078?mode=laws&c=%D0%A1%D0%97%D0%93&q=%D1%81%D1%82.+2141&at=7027&end=9090,true
1904-078:СЗГ:2153:9099,СЗГ ст. 2153,СЗГ,ст. 2153,1904-078,1904,78,9099,9107,ст. 2153,"рѣшенія не можетъ перемѣнять (ст. 2153), правленіе распоряжается дѣлами и капиталами не иначе, какъ на основаніи устава (ст. 2178). Законъ (ст. 2153 т. X ч. 1), предоставляя самому правленію или общему собранію владѣльцевъ паевъ измѣненіе правилъ устава, относящихся къ подробностямъ дѣло",прямое название акта рядом с номером,номер статьи извлечён из OCR; сверяйте со сканом,https://ivseliv.github.io/senat/lex/#/d/1904-078,1904-078:8802-10531,https://ivseliv.github.io/senat/lex/#/d/1904-078?mode=laws&c=%D0%A1%D0%97%D0%93&q=%D1%81%D1%82.+2153&at=8802&end=10531,true
1905-049:СЗГ:2155:2674,СЗГ ст. 2155,СЗГ,ст. 2155,1905-049,1905,49,2674,2682,2155 ст.,"дѣйствіе, можетъ быть закрыто и подвергнуто ликвидаціи не иначе, какъ порядкомъ, опредѣленнымъ въ законѣ и въ уставѣ общества. На основаніи 2155 ст. X т. 1 ч. зак. гражд., существованіе компаніи прекращается, когда по приговору общаго собранія акціонеровъ признано будетъ невозможнымъ или",прямое название акта рядом с номером,номер статьи извлечён из OCR; сверяйте со сканом,https://ivseliv.github.io/senat/lex/#/d/1905-049,1905-049:1626-3499,https://ivseliv.github.io/senat/lex/#/d/1905-049?mode=laws&c=%D0%A1%D0%97%D0%93&q=%D1%81%D1%82.+2155&at=1626&end=3499,true
1904-078:СЗГ:2158:8675,СЗГ ст. 2158,СЗГ,ст. 2158,1904-078,1904,78,8675,8683,ст. 2158,"арищества, только состоявшіяся при точномъ соблюденіи правилъ своего устава, изданнаго въ огражденіе участниковъ въ товариществѣ и публики (ст. 2158 т. X ч. 1), имѣютъ законную силу (рѣш. гр. касс. деп. 1882 г. № 96); это подтверждается тѣмъ, что учрежденіе компаніи разрѣшается правитель",прямое название акта рядом с номером,номер статьи извлечён из OCR; сверяйте со сканом,https://ivseliv.github.io/senat/lex/#/d/1904-078,1904-078:7027-9090,https://ivseliv.github.io/senat/lex/#/d/1904-078?mode=laws&c=%D0%A1%D0%97%D0%93&q=%D1%81%D1%82.+2158&at=7027&end=9090,true
1904-078:СЗГ:2178:9080,СЗГ ст. 2178,СЗГ,ст. 2178,1904-078,1904,78,9080,9088,ст. 2178,"нія безъ новаго разрѣшенія не можетъ перемѣнять (ст. 2153), правленіе распоряжается дѣлами и капиталами не иначе, какъ на основаніи устава (ст. 2178). Законъ (ст. 2153 т. X ч. 1), предоставляя самому правленію или общему собранію владѣльцевъ паевъ измѣненіе правилъ устава, относящихся къ",прямое название акта рядом с номером,номер статьи извлечён из OCR; сверяйте со сканом,https://ivseliv.github.io/senat/lex/#/d/1904-078,1904-078:7027-9090,https://ivseliv.github.io/senat/lex/#/d/1904-078?mode=laws&c=%D0%A1%D0%97%D0%93&q=%D1%81%D1%82.+2178&at=7027&end=9090,true
1904-078:СЗГ:2181:5236,СЗГ ст. 2181,СЗГ,ст. 2181,1904-078,1904,78,5236,5244,ст. 2181,"повѣренный правленія Даниловской мануфактуры, указывая на нарушеніе палатою § 39, 41, 48 и 58 устава товарищества Даниловской мануфактуры, ст. 2181 и 2184 т. X ч. 1 и ст. 366, 409 и 711 уст. гр. суд., проситъ отмѣнить рѣшеніе. Противъ этой жалобы повѣренный Мещерина подалъ объясненіе, в",прямое название акта рядом с номером,номер статьи извлечён из OCR; сверяйте со сканом,https://ivseliv.github.io/senat/lex/#/d/1904-078,1904-078:3916-5436,https://ivseliv.github.io/senat/lex/#/d/1904-078?mode=laws&c=%D0%A1%D0%97%D0%93&q=%D1%81%D1%82.+2181&at=3916&end=5436,true
1904-002:СЗГ:2185:5088,СЗГ ст. 2185,СЗГ,ст. 2185,1904-002,1904,2,5088,5096,ст. 2185,"паевъ за двѣ недѣли до общаго собранія“. По грамматическому смыслу § 39 устава, упоминаемыя въ немъ книги и проч. относятся къ балансу; по ст. 2185 св. зак. т. X ч. 1, лежащей въ основаніи этого параграфа, открываемыя акціонерамъ книги и проч. относятся къ отчету правленія; въ позднѣйши",прямое название акта рядом с номером,номер статьи извлечён из OCR; сверяйте со сканом,https://ivseliv.github.io/senat/lex/#/d/1904-002,1904-002:4609-6239,https://ivseliv.github.io/senat/lex/#/d/1904-002?mode=laws&c=%D0%A1%D0%97%D0%93&q=%D1%81%D1%82.+2185&at=4609&end=6239,true
1904-111:СЗГ:2199:769,СЗГ ст. 2199,СЗГ,ст. 2199,1904-111,1904,111,769,777,ст. 2199,"страхъ постройки послѣ уничтоженія ея пожаромъ? Обращаясь къ обсужденію сего вопроса, Правительствующій Сенатъ усматриваетъ, что законъ въ ст. 2199 т. X ч. 1, опредѣляя существо договора страхованія, не содержитъ въ себѣ правилъ, коими определялись бы возникающія изъ договора права и об",прямое название акта рядом с номером,номер статьи извлечён из OCR; сверяйте со сканом,https://ivseliv.github.io/senat/lex/#/d/1904-111,1904-111:0-1844,https://ivseliv.github.io/senat/lex/#/d/1904-111?mode=laws&c=%D0%A1%D0%97%D0%93&q=%D1%81%D1%82.+2199&at=0&end=1844,true
1905-048:СЗГ:2199:1528,СЗГ ст. 2199,СЗГ,ст. 2199,1905-048,1905,48,1528,1536,ст. 2199,"ля на полученіе вознагражденія за пожарные убытки всегда должно быть признаваемо ему принадлежащимъ по самому существу страховаго договора (ст. 2199 т. X ч. 1 зак. гражд.), а потому тѣ постановленія устава, въ которыхъ не опредѣлено съ точностью, чтобы несоблюденіе ихъ влекло за собою ут",прямое название акта рядом с номером,номер статьи извлечён из OCR; сверяйте со сканом,https://ivseliv.github.io/senat/lex/#/d/1905-048,1905-048:0-1786,https://ivseliv.github.io/senat/lex/#/d/1905-048?mode=laws&c=%D0%A1%D0%97%D0%93&q=%D1%81%D1%82.+2199&at=0&end=1786,true
1905-049:СЗГ:2200:858,СЗГ ст. 2200,СЗГ,ст. 2200,1905-049,1905,49,858,866,ст. 2200,"ямъ этого комитета относится и постановленіе о закрытіи страховыхъ обществъ въ случаяхъ, предусмотрѣнныхъ законами гражданскими (прилож. къ ст. 2200 т. X ч. 1) и уставами, а также участіе въ ликвидаціи дѣлъ сихъ обществъ. Къ числу же этихъ случаевъ принадлежитъ и тотъ, на который указыва",прямое название акта рядом с номером,номер статьи извлечён из OCR; сверяйте со сканом,https://ivseliv.github.io/senat/lex/#/d/1905-049,1905-049:0-1899,https://ivseliv.github.io/senat/lex/#/d/1905-049?mode=laws&c=%D0%A1%D0%97%D0%93&q=%D1%81%D1%82.+2200&at=0&end=1899,true
1905-055:СЗГ:2200:2716,СЗГ ст. 2200,СЗГ,ст. 2200,1905-055,1905,55,2716,2724,ст. 2200,"рѣніе балансовъ и отчетовъ и назначеніе, въ случаѣ надобности, между прочимъ и вслѣдствіе заявленія акціонеровъ и страхователей (прилож. къ ст. 2200 т. X ч. 1 изд. 1900 г.), ревизій общества. Изъ сего слѣдуетъ, что дѣйствія страховыхъ обществъ и ихъ правленій, въ отношеніи расходованія с",прямое название акта рядом с номером,номер статьи извлечён из OCR; сверяйте со сканом,https://ivseliv.github.io/senat/lex/#/d/1905-055,1905-055:1574-3233,https://ivseliv.github.io/senat/lex/#/d/1905-055?mode=laws&c=%D0%A1%D0%97%D0%93&q=%D1%81%D1%82.+2200&at=1574&end=3233,true
1904-021:СЗГ:224:736,СЗГ ст. 224,СЗГ,ст. 224,1904-021,1904,21,736,743,ст. 224,"ченіемъ двухъ лѣтъ со дня совершеннолѣтія истца. Такое утвержденіе просителя Правительствующій Сенатъ не можетъ признать основательнымъ. По ст. 224 зак. гражд., „срокъ давности по дѣламъ малолѣтнихъ исчисляется на основаніи правилъ, постановленныхъ въ статьяхъ 565, 566, 1066¹² и въ прил",прямое название акта рядом с номером,номер статьи извлечён из OCR; сверяйте со сканом,https://ivseliv.github.io/senat/lex/#/d/1904-021,1904-021:0-1552,https://ivseliv.github.io/senat/lex/#/d/1904-021?mode=laws&c=%D0%A1%D0%97%D0%93&q=%D1%81%D1%82.+224&at=0&end=1552,true
1904-044:СЗГ:2291:1841,СЗГ ст. 2291,СЗГ,ст. 2291,1904-044,1904,44,1841,1849,ст. 2291,"но частному лицу. Такое уполномочіе, по закону, должно быть облечено въ форму засвидѣтельствованной въ установленномъ порядкѣ довѣренности (ст. 2291 т. X ч. 1). Довѣренность же есть двухсторонній договоръ, по которому одна сторона (вѣритель) даетъ другой сторонѣ (повѣренному) право совер",прямое название акта рядом с номером,номер статьи извлечён из OCR; сверяйте со сканом,https://ivseliv.github.io/senat/lex/#/d/1904-044,1904-044:0-1861,https://ivseliv.github.io/senat/lex/#/d/1904-044?mode=laws&c=%D0%A1%D0%97%D0%93&q=%D1%81%D1%82.+2291&at=0&end=1861,true
1897-065:СЗГ:23:5233,СЗГ ст. 23,СЗГ,ст. 23,1897-065,1897,65,5233,5239,ст. 23,"ицъ православнаго исповѣданія (ст. 35 X т. 1 ч. и 1356 уст. гр. суд.). Такое положеніе прямо вытекаетъ, по мнѣнію палаты, изъ того, что, по ст. 23 означенныхъ правилъ, законность рожденія, не записаннаго въ метрическую книгу, можетъ быть доказываема по суду. По смыслу ст. 1356⁵ уст. гр",прямое название акта рядом с номером,номер статьи извлечён из OCR; сверяйте со сканом,https://ivseliv.github.io/senat/lex/#/d/1897-065,1897-065:3911-5544,https://ivseliv.github.io/senat/lex/#/d/1897-065?mode=laws&c=%D0%A1%D0%97%D0%93&q=%D1%81%D1%82.+23&at=3911&end=5544,true
1904-087:СЗГ:2326:7292,СЗГ ст. 2326,СЗГ,ст. 2326,1904-087,1904,87,7292,7300,2326 ст.,"удетъ поручено заключеніе отъ ея имени обязательствъ съ посторонними. Указаніе просителя, что право обязываться неустойкою, за силою 1583 и 2326 ст. т. X ч. 1, должно быть прямо выражено въ довѣренности, правильно; но изъ сего не слѣдуетъ, чтобы это правило, касающееся лицъ, уполномоченн",прямое название акта рядом с номером,номер статьи извлечён из OCR; сверяйте со сканом,https://ivseliv.github.io/senat/lex/#/d/1904-087,1904-087:6313-8111,https://ivseliv.github.io/senat/lex/#/d/1904-087?mode=laws&c=%D0%A1%D0%97%D0%93&q=%D1%81%D1%82.+2326&at=6313&end=8111,true
1905-019:СЗГ:2326:5844,СЗГ ст. 2326,СЗГ,ст. 2326,1905-019,1905,19,5844,5852,ст. 2326,"дѣлы довѣренности, а довѣритель—отвѣтствовать за все сдѣланное повѣреннымъ, въ силу даннаго ему порученія, по отношенію къ третьимъ лицамъ (ст. 2326 X т. ч. 1 зак. гражд.); 8) въ соотвѣтствіе сему, по 2 п. 266 ст. уст. гр. суд., исковое прошеніе возвращается, когда оно представлено не са",прямое название акта рядом с номером,номер статьи извлечён из OCR; сверяйте со сканом,https://ivseliv.github.io/senat/lex/#/d/1905-019,1905-019:5539-7345,https://ivseliv.github.io/senat/lex/#/d/1905-019?mode=laws&c=%D0%A1%D0%97%D0%93&q=%D1%81%D1%82.+2326&at=5539&end=7345,true
1897-065:СЗГ:25:7180,СЗГ ст. 25,СЗГ,ст. 25,1897-065,1897,65,7180,7186,ст. 25,"возможнымъ относительно брака и рожденія лицъ православнаго исповѣданія, для коихъ внесеніе этихъ событій въ метрическія книги обязательно (ст. 25 и 31 X т. 1 ч., 1038, 1039 зак. о сост., 1354 уст. гр. суд.), принимать въ извѣстныхъ случаяхъ за доказательство брака и рожденія другія, к",прямое название акта рядом с номером,номер статьи извлечён из OCR; сверяйте со сканом,https://ivseliv.github.io/senat/lex/#/d/1897-065,1897-065:6602-8159,https://ivseliv.github.io/senat/lex/#/d/1897-065?mode=laws&c=%D0%A1%D0%97%D0%93&q=%D1%81%D1%82.+25&at=6602&end=8159,true
1905-081:СЗГ:251:4528,СЗГ ст. 251,СЗГ,ст. 251,1905-081,1905,81,4528,4535,ст. 251,"твія Иващенкова, представляется вполнѣ согласнымъ съ дѣйствующими по опекунскому праву законоположеніями. Согласно этимъ законоположеніямъ (ст. 251, 253, 256 и 257 т. X ч. 1 св. зак.), назначеніе опекуновъ, опредѣленіе ихъ числа, надзоръ за ихъ дѣятельностью по управленію имуществомъ оп",прямое название акта рядом с номером,номер статьи извлечён из OCR; сверяйте со сканом,https://ivseliv.github.io/senat/lex/#/d/1905-081,1905-081:4204-5590,https://ivseliv.github.io/senat/lex/#/d/1905-081?mode=laws&c=%D0%A1%D0%97%D0%93&q=%D1%81%D1%82.+251&at=4204&end=5590,true
1904-040:СЗГ:26:9160,СЗГ ст. 26,СЗГ,ст. 26,1904-040,1904,40,9160,9166,ст. 26,"ляка и каждаго жителя края, по отношенію къ пользованію гражданскими правами, считается то мѣсто, въ которомъ онъ имѣетъ главную осѣдлость (ст. 26); перемѣна мѣста жительства совершается посредствомъ дѣйствительнаго проживанія въ иномъ мѣстѣ, сопряженнаго съ намѣреніемъ установить въ н",акт определён по контексту решения,номер статьи извлечён из OCR; сверяйте со сканом,https://ivseliv.github.io/senat/lex/#/d/1904-040,1904-040:7695-9654,https://ivseliv.github.io/senat/lex/#/d/1904-040?mode=laws&c=%D0%A1%D0%97%D0%93&q=%D1%81%D1%82.+26&at=7695&end=9654,true
1904-080:СЗГ:277:1699,СЗГ ст. 277,СЗГ,ст. 277,1904-080,1904,80,1699,1706,ст. 277,"ъ опекѣ надъ малолѣтними. Соотношеніе между властью опекуновъ и властью опекунскихъ учрежденій при продажѣ имущества опекаемыхъ выражено въ ст. 277 зак. гражд. (ср. ст. 1336). Только „жизненные припасы и вещи, скорому тлѣнію и другимъ тратамъ подверженныя, предоставляется опекунамъ прод",прямое название акта рядом с номером,номер статьи извлечён из OCR; сверяйте со сканом,https://ivseliv.github.io/senat/lex/#/d/1904-080,1904-080:0-1734,https://ivseliv.github.io/senat/lex/#/d/1904-080?mode=laws&c=%D0%A1%D0%97%D0%93&q=%D1%81%D1%82.+277&at=0&end=1734,true
1905-081:СЗГ:284:281,СЗГ ст. 284,СЗГ,ст. 284,1905-081,1905,81,281,288,284 ст.,"1-го ранга Мантуровъ и тайный совѣтникъ Иващенковъ, а въ январѣ 1905 г. послѣдній заявилъ дворянской опекѣ, что онъ отъ слѣдующаго ему, по 284 ст. X т. ч. 1 св. зак., опекунскаго вознагражденія отказывается въ пользу подопечнаго. Въ концѣ того же года Мантурову, по его о томъ представл",акт определён по контексту решения,номер статьи извлечён из OCR; сверяйте со сканом,https://ivseliv.github.io/senat/lex/#/d/1905-081,1905-081:0-1504,https://ivseliv.github.io/senat/lex/#/d/1905-081?mode=laws&c=%D0%A1%D0%97%D0%93&q=%D1%81%D1%82.+284&at=0&end=1504,true
1904-076:СЗГ:295:2087,СЗГ ст. 295,СЗГ,ст. 295,1904-076,1904,76,2087,2094,295 ст.,"судебной защиты этого права независимо отъ того или другаго возраста вступившей въ бракъ; 4) что это положеніе подтверждается и 9 пунктомъ 295 ст. X т. 1 ч., по которому вышедшая замужъ выходитъ изъ опеки и пріобрѣтаетъ надлежащую дѣеспособность въ силу одного только событія вступленія",прямое название акта рядом с номером,номер статьи извлечён из OCR; сверяйте со сканом,https://ivseliv.github.io/senat/lex/#/d/1904-076,1904-076:1330-3193,https://ivseliv.github.io/senat/lex/#/d/1904-076?mode=laws&c=%D0%A1%D0%97%D0%93&q=%D1%81%D1%82.+295&at=1330&end=3193,true
1897-065:СЗГ:35:5124,СЗГ ст. 35,СЗГ,ст. 35,1897-065,1897,65,5124,5130,ст. 35,"ніе и законность того и другаго установленными въ законѣ способами, точно такъ же, какъ это допускается для лицъ православнаго исповѣданія (ст. 35 X т. 1 ч. и 1356 уст. гр. суд.). Такое положеніе прямо вытекаетъ, по мнѣнію палаты, изъ того, что, по ст. 23 означенныхъ правилъ, законност",прямое название акта рядом с номером,номер статьи извлечён из OCR; сверяйте со сканом,https://ivseliv.github.io/senat/lex/#/d/1897-065,1897-065:3911-5544,https://ivseliv.github.io/senat/lex/#/d/1897-065?mode=laws&c=%D0%A1%D0%97%D0%93&q=%D1%81%D1%82.+35&at=3911&end=5544,true
1905-055:СЗГ:363:8630,СЗГ ст. 363,СЗГ,ст. 363,1905-055,1905,55,8630,8637,ст. 363,"о возникающіе изъ сего споры имѣютъ, несомнѣнно, характеръ споровъ о правѣ гражданскомъ. Ссылка въ рѣшеніи судебной палаты на приложенія къ ст. 363 (прим.) т. I ч. 2 и къ ст. 2200 (прим. 1) X т. 1 ч. нисколько не подтверждаетъ заключенія ея о неподвѣдомственности суду иска Балкашина, по",прямое название акта рядом с номером,номер статьи извлечён из OCR; сверяйте со сканом,https://ivseliv.github.io/senat/lex/#/d/1905-055,1905-055:7791-9364,https://ivseliv.github.io/senat/lex/#/d/1905-055?mode=laws&c=%D0%A1%D0%97%D0%93&q=%D1%81%D1%82.+363&at=7791&end=9364,true
1905-001:СЗГ:370:3569,СЗГ ст. 370,СЗГ,ст. 370,1905-001,1905,1,3569,3576,ст. 370,"68—372 X т. 1 ч.) освидѣтельствованіе лица производится присутственнымъ мѣстомъ, въ округѣ котораго лицо это фактически находится, при чемъ ст. 370 даже указываетъ, что освидѣтельствованіе производится по законамъ той страны, въ которой лицо свидѣтельствуемое фактически пребываетъ. Точн",акт определён по контексту решения,номер статьи извлечён из OCR; сверяйте со сканом,https://ivseliv.github.io/senat/lex/#/d/1905-001,1905-001:2843-4663,https://ivseliv.github.io/senat/lex/#/d/1905-001?mode=laws&c=%D0%A1%D0%97%D0%93&q=%D1%81%D1%82.+370&at=2843&end=4663,true
1904-071:СЗГ:384:2558,СЗГ ст. 384,СЗГ,ст. 384,1904-071,1904,71,2558,2565,ст. 384,"муществъ не сдѣлано, а съ другой—мельницы и пруды признаются принадлежностями земли (ст. 386 и 387 т. X ч. 1), т.-е. имущества недвижимаго (ст. 384 тамъ-же), то отсюда само собою слѣдуетъ, что законъ, воспрещая наемъ и аренду земли, тѣмъ самымъ воспрещаетъ наемъ и аренду ея принадлежнос",прямое название акта рядом с номером,номер статьи извлечён из OCR; сверяйте со сканом,https://ivseliv.github.io/senat/lex/#/d/1904-071,1904-071:1737-3283,https://ivseliv.github.io/senat/lex/#/d/1904-071?mode=laws&c=%D0%A1%D0%97%D0%93&q=%D1%81%D1%82.+384&at=1737&end=3283,true
1905-054:СЗГ:384:7509,СЗГ ст. 384,СЗГ,ст. 384,1905-054,1905,54,7509,7516,ст. 384,"ямъ аренднаго договора, отнюдь не подлежащихъ по произволу арендатора сносу съ земли представляется, очевидно, лишеннымъ всякаго основанія (ст. 384 т. X ч. 1; рѣш. гр. касс. д-та 1881 г. № 113 и мн. др.). Утвержденіе это надлежитъ, быть можетъ, понимать въ томъ смыслѣ, что подъ подлежащ",прямое название акта рядом с номером,номер статьи извлечён из OCR; сверяйте со сканом,https://ivseliv.github.io/senat/lex/#/d/1905-054,1905-054:6412-8089,https://ivseliv.github.io/senat/lex/#/d/1905-054?mode=laws&c=%D0%A1%D0%97%D0%93&q=%D1%81%D1%82.+384&at=6412&end=8089,true
1904-071:СЗГ:386:2503,СЗГ ст. 386,СЗГ,ст. 386,1904-071,1904,71,2503,2510,ст. 386,"ъ законѣ изъятій въ отношеніи какихъ-либо недвижимыхъ имуществъ не сдѣлано, а съ другой—мельницы и пруды признаются принадлежностями земли (ст. 386 и 387 т. X ч. 1), т.-е. имущества недвижимаго (ст. 384 тамъ-же), то отсюда само собою слѣдуетъ, что законъ, воспрещая наемъ и аренду земли,",прямое название акта рядом с номером,номер статьи извлечён из OCR; сверяйте со сканом,https://ivseliv.github.io/senat/lex/#/d/1904-071,1904-071:1737-3283,https://ivseliv.github.io/senat/lex/#/d/1904-071?mode=laws&c=%D0%A1%D0%97%D0%93&q=%D1%81%D1%82.+386&at=1737&end=3283,true
1904-100:СЗГ:394 п. 7:2483,СЗГ ст. 394 п. 7,СЗГ,ст. 394 п. 7,1904-100,1904,100,2483,2495,ст. 394 п. 7,"іе общегражданскаго права: «къ имуществамъ нераздѣльнымъ по закону принадлежать желѣзныя дороги со всѣми ихъ принадлежностями» (зак. гражд. ст. 394 п. 7). Присужденіе же настоящаго иска имѣетъ результатомъ уменьшеніе отчужденной подъ желѣзную дорогу полосы.—Посему, Правительствующій Сенатъ о",прямое название акта рядом с номером,номер статьи извлечён из OCR; сверяйте со сканом,https://ivseliv.github.io/senat/lex/#/d/1904-100,1904-100:1417-2781,https://ivseliv.github.io/senat/lex/#/d/1904-100?mode=laws&c=%D0%A1%D0%97%D0%93&q=%D1%81%D1%82.+394+%D0%BF.+7&at=1417&end=2781,true
1897-068:СЗГ:397:1316,СЗГ ст. 397,СЗГ,ст. 397,1897-068,1897,68,1316,1323,ст. 397,"967 и слѣд т. X ч. 1), такъ какъ дареніе благопріобрѣтеннаго имѣнія стоитъ внѣ всякой связи съ правомъ законнаго наслѣдованія. Общій смыслъ ст. 397 и 399 т. X ч. 1 показываетъ, что благопріобрѣтенное имѣніе превращается въ родовое только въ одномъ случаѣ, когда оно переходить отъ одного",прямое название акта рядом с номером,номер статьи извлечён из OCR; сверяйте со сканом,https://ivseliv.github.io/senat/lex/#/d/1897-068,1897-068:1053-2372,https://ivseliv.github.io/senat/lex/#/d/1897-068?mode=laws&c=%D0%A1%D0%97%D0%93&q=%D1%81%D1%82.+397&at=1053&end=2372,true
1905-096:СЗГ:397:1180,СЗГ ст. 397,СЗГ,ст. 397,1905-096,1905,96,1180,1187,397 ст.,"а отъ дочери Яцека, Доминики, родился Яцентій, отъ Яцентія Флоріанъ и отъ Флоріана Гонората), и утверждая, что правило, выраженное въ 6 п. 397 ст. т. X ч. 1, имѣетъ въ виду переходъ имѣнія въ чужой родъ и потому къ настоящему случаю примѣненія имѣть не можетъ; что имѣніе Водычки, хотя",прямое название акта рядом с номером,номер статьи извлечён из OCR; сверяйте со сканом,https://ivseliv.github.io/senat/lex/#/d/1905-096,1905-096:0-1603,https://ivseliv.github.io/senat/lex/#/d/1905-096?mode=laws&c=%D0%A1%D0%97%D0%93&q=%D1%81%D1%82.+397&at=0&end=1603,true
1905-096:СЗГ:399:3949,СЗГ ст. 399,СЗГ,ст. 399,1905-096,1905,96,3949,3956,ст. 399,"др.); 3) что, вопреки мнѣнію просителей, переходъ имущества отъ одного супруга къ другому въ видѣ указной части ни подъ одинъ изъ пунктовъ ст. 399 т. X ч. 1 не подходитъ, и право на указную часть не есть право наслѣдованія (рѣш. 1871 г. № 1224 и др.), и 4) что, въ виду всего этого, воз",прямое название акта рядом с номером,номер статьи извлечён из OCR; сверяйте со сканом,https://ivseliv.github.io/senat/lex/#/d/1905-096,1905-096:2470-3988,https://ivseliv.github.io/senat/lex/#/d/1905-096?mode=laws&c=%D0%A1%D0%97%D0%93&q=%D1%81%D1%82.+399&at=2470&end=3988,true
1897-051:СЗГ:4:5143,СЗГ ст. 4,СЗГ,ст. 4,1897-051,1897,51,5143,5148,ст. 4,"ѣщанія въ особо установленную для сего книгу отъ слова до слова, точно такъ же, какъ сіе установлено и для крѣпостныхъ духовныхъ завѣщаній (ст. 4 прил. къ ст. 1013 (прим.) т. X ч. I св. зак. гр.). Если затѣмъ въ 16 ст. уст. конс., опредѣляющей порядокъ совершенія удостовѣреній, выдава",прямое название акта рядом с номером,номер статьи извлечён из OCR; сверяйте со сканом,https://ivseliv.github.io/senat/lex/#/d/1897-051,1897-051:4309-6168,https://ivseliv.github.io/senat/lex/#/d/1897-051?mode=laws&c=%D0%A1%D0%97%D0%93&q=%D1%81%D1%82.+4&at=4309&end=6168,true
1904-015:СЗГ:4:3256,СЗГ ст. 4,СЗГ,ст. 4,1904-015,1904,15,3256,3261,ст. 4,"ъ правилахъ указанія на „третейскій судъ“ (ст. 1), а равно и на необходимость обращенія наслѣдниковъ къ „уѣздному предводителю дворянства“ (ст. 4),—со внесеніемъ статей 1, 2, 3, 14 и 15 правилъ въ приложеніе къ ст. 1130 т. X ч. 1 изд. 1887 г., были исключены изъ нихъ. Затѣмъ, ст. 4—13",прямое название акта рядом с номером,номер статьи извлечён из OCR; сверяйте со сканом,https://ivseliv.github.io/senat/lex/#/d/1904-015,1904-015:2888-4510,https://ivseliv.github.io/senat/lex/#/d/1904-015?mode=laws&c=%D0%A1%D0%97%D0%93&q=%D1%81%D1%82.+4&at=2888&end=4510,true
1905-044:СЗГ:402:5444,СЗГ ст. 402,СЗГ,ст. 402,1905-044,1905,44,5444,5451,ст. 402,"адлежащаго имущества (ст. 68 уст. торгов.), къ числу каковаго принадлежатъ заемныя письма, векселя, закладныя и обязательства всякаго рода (ст. 402 т. X ч. 1). Для установленія дѣйствительности передачи администраціи такого имущества товарищей торговаго дома не требуется совершенія каки",прямое название акта рядом с номером,номер статьи извлечён из OCR; сверяйте со сканом,https://ivseliv.github.io/senat/lex/#/d/1905-044,1905-044:4526-6125,https://ivseliv.github.io/senat/lex/#/d/1905-044?mode=laws&c=%D0%A1%D0%97%D0%93&q=%D1%81%D1%82.+402&at=4526&end=6125,true
1905-097:СЗГ:406:3441,СЗГ ст. 406,СЗГ,ст. 406,1905-097,1905,97,3441,3448,ст. 406,", что возбудить производство объ удостовѣреніи въ безвѣстномъ отсутствіи можетъ и казна для осуществленія права своего, предусмотрѣннаго въ ст. 406 и 1243 т. X ч. 1. Хотя притязанія къ имуществу безвѣстно-отсутствующаго могутъ вытекать не только изъ наслѣдственнаго и выморочнаго права,",прямое название акта рядом с номером,номер статьи извлечён из OCR; сверяйте со сканом,https://ivseliv.github.io/senat/lex/#/d/1905-097,1905-097:2950-4614,https://ivseliv.github.io/senat/lex/#/d/1905-097?mode=laws&c=%D0%A1%D0%97%D0%93&q=%D1%81%D1%82.+406&at=2950&end=4614,true
1897-089:СЗГ:413:10098,СЗГ ст. 413,СЗГ,ст. 413,1897-089,1897,89,10098,10105,ст. 413,"самое зданіе синагоги или молитвенной школы—имуществомъ, принадлежащимъ установленію, т. е. однимъ изъ видовъ имуществъ, перечисленныхъ въ ст. 413 т. X ч. 1, которыя ни въ какой части не принадлежатъ тѣмъ лицамъ, для которыхъ такое установленіе учреждено, а сама синагога или молитвенна",прямое название акта рядом с номером,номер статьи извлечён из OCR; сверяйте со сканом,https://ivseliv.github.io/senat/lex/#/d/1897-089,1897-089:9552-11230,https://ivseliv.github.io/senat/lex/#/d/1897-089?mode=laws&c=%D0%A1%D0%97%D0%93&q=%D1%81%D1%82.+413&at=9552&end=11230,true
1904-099:СЗГ:416:9966,СЗГ ст. 416,СЗГ,ст. 416,1904-099,1904,99,9966,9973,ст. 416,"По приведеннымъ соображеніямъ Правительствующій Сенатъ, по выслушаніи заключенія товарища оберъ-прокурора, опредѣляетъ: по нарушенію ст. 416 уст. суд. торг. изд. 1903 г., ст. 1086 т. X ч. 1 и 21 уст. гр. суд., опредѣленіе Саратовской судебной палаты отмѣнить и передать дѣло на ра",прямое название акта рядом с номером,номер статьи извлечён из OCR; сверяйте со сканом,https://ivseliv.github.io/senat/lex/#/d/1904-099,1904-099:9344-10169,https://ivseliv.github.io/senat/lex/#/d/1904-099?mode=laws&c=%D0%A1%D0%97%D0%93&q=%D1%81%D1%82.+416&at=9344&end=10169,true
1897-024:СЗГ:419:19058,СЗГ ст. 419,СЗГ,ст. 419,1897-024,1897,24,19058,19065,419 ст.,"ичныхъ житейскихъ столкновеній, или иначе мірскихъ попеченій, то нѣкоторыя изъ движимыхъ имуществъ, какъ то тяжбы и долговыя имущества (417—419 ст. 1 ч. X т.), вызываютъ необходимость хожденія по судамъ, совершенно несовмѣстимаго съ монашескою жизнію (362 ст. IX т.). Между тѣмъ, при про",прямое название акта рядом с номером,номер статьи извлечён из OCR; сверяйте со сканом,https://ivseliv.github.io/senat/lex/#/d/1897-024,1897-024:18555-20297,https://ivseliv.github.io/senat/lex/#/d/1897-024?mode=laws&c=%D0%A1%D0%97%D0%93&q=%D1%81%D1%82.+419&at=18555&end=20297,true
1897-011:СЗГ:420:7711,СЗГ ст. 420,СЗГ,ст. 420,1897-011,1897,11,7711,7718,ст. 420,"оединяется право вѣчно, т. е. безсрочно владѣть имуществомъ и власть распоряжаться имъ независимо, съ правомъ отчужденія онаго, то, въ силу ст. 420, 513 и 541 т. X ч. 1, у таковаго владѣльца оказываются уже существенныя принадлежности права собственности. Право собственности бываетъ неп",прямое название акта рядом с номером,номер статьи извлечён из OCR; сверяйте со сканом,https://ivseliv.github.io/senat/lex/#/d/1897-011,1897-011:6483-7911,https://ivseliv.github.io/senat/lex/#/d/1897-011?mode=laws&c=%D0%A1%D0%97%D0%93&q=%D1%81%D1%82.+420&at=6483&end=7911,true
1897-093:СЗГ:420:10250,СЗГ ст. 420,СЗГ,ст. 420,1897-093,1897,93,10250,10257,420 ст.,"ено лицамъ указанныхъ въ законѣ категорій пріобрѣтать имѣнія въ западномъ краѣ. 2) Указаніе присяжнаго повѣреннаго Словимскаго на нарушеніе 420 ст. 1 ч. X т. и сопоставленіе акта укрѣпленія, каковымъ представляется купчая крѣпость, не ограниченная никакимъ срокомъ, и арендныхъ договоров",прямое название акта рядом с номером,номер статьи извлечён из OCR; сверяйте со сканом,https://ivseliv.github.io/senat/lex/#/d/1897-093,1897-093:9574-11288,https://ivseliv.github.io/senat/lex/#/d/1897-093?mode=laws&c=%D0%A1%D0%97%D0%93&q=%D1%81%D1%82.+420&at=9574&end=11288,true
1904-115:СЗГ:420:651,СЗГ ст. 420,СЗГ,ст. 420,1904-115,1904,115,651,658,420 ст.,"сенной на это рѣшеніе со стороны истца кассаціонной жалобѣ указывается на нарушеніе 1531, 1536, 1185 ст. X т. 1 ч., 41, 43, 45 ст. прил. къ 420 ст. X т. 1 ч., § 7 положенія 1827 г. и § 10 положенія 1882 г.",прямое название акта рядом с номером,номер статьи извлечён из OCR; сверяйте со сканом,https://ivseliv.github.io/senat/lex/#/d/1904-115,1904-115:0-1622,https://ivseliv.github.io/senat/lex/#/d/1904-115?mode=laws&c=%D0%A1%D0%97%D0%93&q=%D1%81%D1%82.+420&at=0&end=1622,true
1905-071:СЗГ:420:2497,СЗГ ст. 420,СЗГ,ст. 420,1905-071,1905,71,2497,2504,ст. 420,"гминнаго суда утвердилъ. Въ кассаціонной жалобѣ повѣренный управленія казенныхъ желѣзныхъ дорогъ указываетъ на нарушеніе мировымъ съѣздомъ ст. 420, 584 и 684 т. X ч. 1 зак. гражд., 671 и 672 гр. код., 145 и прил. къ 153 общаго устава россійскихъ желѣзныхъ дорогъ и 711 уст. гр. суд.",прямое название акта рядом с номером,номер статьи извлечён из OCR; сверяйте со сканом,https://ivseliv.github.io/senat/lex/#/d/1905-071,1905-071:1634-3379,https://ivseliv.github.io/senat/lex/#/d/1905-071?mode=laws&c=%D0%A1%D0%97%D0%93&q=%D1%81%D1%82.+420&at=1634&end=3379,true
1905-092:СЗГ:420:1995,СЗГ ст. 420,СЗГ,ст. 420,1905-092,1905,92,1995,2002,420 ст.,"іе съ имѣющимся въ томъ же законѣ воспрещеніемъ евреямъ управлять и распоряжаться даже чужими имѣніями по довѣренностямъ; 4) что, по смыслу 420 ст. 1 ч. X т. св. зак., въ составъ понятія о правѣ собственности, несомнѣнно, входитъ, между прочимъ, и представленіе о правѣ собственника поль",прямое название акта рядом с номером,номер статьи извлечён из OCR; сверяйте со сканом,https://ivseliv.github.io/senat/lex/#/d/1905-092,1905-092:1486-3382,https://ivseliv.github.io/senat/lex/#/d/1905-092?mode=laws&c=%D0%A1%D0%97%D0%93&q=%D1%81%D1%82.+420&at=1486&end=3382,true
1905-029:СЗГ:425:3284,СЗГ ст. 425,СЗГ,ст. 425,1905-029,1905,29,3284,3291,ст. 425,"стью улицы, составляя не что иное, какъ извлеченіе дохода изъ принадлежащаго городу, по праву собственности, имущества, вполнѣ закономѣрно (ст. 425 X т. 1 ч.); 5) что указаніе просителя въ кассаціонной жалобѣ на нарушеніе мировымъ съѣздомъ 78 и 79 ст. гор. пол. неосновательно потому, чт",прямое название акта рядом с номером,номер статьи извлечён из OCR; сверяйте со сканом,https://ivseliv.github.io/senat/lex/#/d/1905-029,1905-029:1598-3763,https://ivseliv.github.io/senat/lex/#/d/1905-029?mode=laws&c=%D0%A1%D0%97%D0%93&q=%D1%81%D1%82.+425&at=1598&end=3763,true
1897-011:СЗГ:432:7892,СЗГ ст. 432,СЗГ,ст. 432,1897-011,1897,11,7892,7899,ст. 432,"владѣльца оказываются уже существенныя принадлежности права собственности. Право собственности бываетъ неполнымъ, когда оно ограничивается (ст. 432 т. X ч. 1). Вслѣдствіе сего, соображая содержаніе приведенныхъ узаконеній о владѣніи ямщиковъ въ ямскихъ слободахъ Петербурга и Москвы и им",прямое название акта рядом с номером,номер статьи извлечён из OCR; сверяйте со сканом,https://ivseliv.github.io/senat/lex/#/d/1897-011,1897-011:6483-7911,https://ivseliv.github.io/senat/lex/#/d/1897-011?mode=laws&c=%D0%A1%D0%97%D0%93&q=%D1%81%D1%82.+432&at=6483&end=7911,true
1904-054:СЗГ:447:2464,СЗГ ст. 447,СЗГ,ст. 447,1904-054,1904,54,2464,2471,447 ст.,"1 г. № 93). Разъясненіе же истцами объема своихъ правъ на усадьбу, относительно которой допущены приписываемыя отвѣтчикамъ нарушенія (446 и 447 ст. 1 ч. X т. св. зак.), не составляетъ воспрещеннаго 332 ст. уст. гр. суд. измѣненія основанія иска и ни въ чемъ не нарушаетъ ни правъ, ни инт",прямое название акта рядом с номером,номер статьи извлечён из OCR; сверяйте со сканом,https://ivseliv.github.io/senat/lex/#/d/1904-054,1904-054:1757-3316,https://ivseliv.github.io/senat/lex/#/d/1904-054?mode=laws&c=%D0%A1%D0%97%D0%93&q=%D1%81%D1%82.+447&at=1757&end=3316,true
1905-010:СЗГ:47:9276,СЗГ ст. 47,СЗГ,ст. 47,1905-010,1905,10,9276,9282,ст. 47,"тской судебной палаты, по нарушенію ст. 1560 X т. 1 ч. св. зак. и Высочайше утвержд. правилъ 19 октя- бря 1865 г. ст. 72 и 10 марта 1869 г. ст. 47, отмѣнить и дѣло передать на разсмотрѣніе Омской судебной палаты.",прямое название акта рядом с номером,номер статьи извлечён из OCR; сверяйте со сканом,https://ivseliv.github.io/senat/lex/#/d/1905-010,1905-010:8148-9348,https://ivseliv.github.io/senat/lex/#/d/1905-010?mode=laws&c=%D0%A1%D0%97%D0%93&q=%D1%81%D1%82.+47&at=8148&end=9348,true
1905-100:СЗГ:495:863,СЗГ ст. 495,СЗГ,ст. 495,1905-100,1905,100,863,870,ст. 495,"принесенной въ Правительствующій Сенатъ на такое опредѣленіе палаты кассаціонной жалобѣ повѣренный Эпштейна указываетъ на нарушеніе палатою ст. 495 уст. суд. торг. и примѣч. къ ней, 1545 т. X ч. 1 и 339 и 711 уст. гр. суд.",прямое название акта рядом с номером,номер статьи извлечён из OCR; сверяйте со сканом,https://ivseliv.github.io/senat/lex/#/d/1905-100,1905-100:0-1763,https://ivseliv.github.io/senat/lex/#/d/1905-100?mode=laws&c=%D0%A1%D0%97%D0%93&q=%D1%81%D1%82.+495&at=0&end=1763,true
1904-015:СЗГ:5:4841,СЗГ ст. 5,СЗГ,ст. 5,1904-015,1904,15,4841,4846,ст. 5,"обрѣтенія за деньги части сестры), а также при пропускѣ срока для изъявленія желанія выкупить указную часть или для уплаты суммы по оцѣнкѣ (ст. 5 прилож.). Изъ точнаго смысла этихъ узаконеній усматривается, что права братьевъ на оставленіе за собою указной доли сестры въ недвижимомъ и",акт определён по контексту решения,номер статьи извлечён из OCR; сверяйте со сканом,https://ivseliv.github.io/senat/lex/#/d/1904-015,1904-015:4283-5475,https://ivseliv.github.io/senat/lex/#/d/1904-015?mode=laws&c=%D0%A1%D0%97%D0%93&q=%D1%81%D1%82.+5&at=4283&end=5475,true
1905-076:СЗГ:513:15781,СЗГ ст. 513,СЗГ,ст. 513,1905-076,1905,76,15781,15788,513 ст.,"емли, пространствомъ около 60 дес., въ с. Заворичахъ, въ м. Бобровицѣ и его дачѣ, въ Старой Босани и дачѣ с. Озерянъ, подлежащими, по 420 и 513 ст. 1 ч. X т., удовлетворенію, а права Владиміра Бутовича на наслѣдованіе по закону въ по- ловинѣ имущества Игнатія Афендика и на совмѣстное съ",прямое название акта рядом с номером,номер статьи извлечён из OCR; сверяйте со сканом,https://ivseliv.github.io/senat/lex/#/d/1905-076,1905-076:14485-16064,https://ivseliv.github.io/senat/lex/#/d/1905-076?mode=laws&c=%D0%A1%D0%97%D0%93&q=%D1%81%D1%82.+513&at=14485&end=16064,true
1905-039:СЗГ:515:6474,СЗГ ст. 515,СЗГ,ст. 515,1905-039,1905,39,6474,6481,ст. 515,"а прежде принадлежавшіе ей садовые участки было ограничено выдѣленнымъ изъ него въ пользу частныхъ лицъ правомъ постояннаго владѣнія оными (ст. 515 т. X ч. 1 изд. 1887 г.) на условіяхъ, въ законѣ 2 ноября 1842 г. установленныхъ, въ томъ числѣ и о взиманіи платы въ размѣрѣ не свыше 30 ко",прямое название акта рядом с номером,номер статьи извлечён из OCR; сверяйте со сканом,https://ivseliv.github.io/senat/lex/#/d/1905-039,1905-039:5535-6904,https://ivseliv.github.io/senat/lex/#/d/1905-039?mode=laws&c=%D0%A1%D0%97%D0%93&q=%D1%81%D1%82.+515&at=5535&end=6904,true
1897-079:СЗГ:531:2650,СЗГ ст. 531,СЗГ,ст. 531,1897-079,1897,79,2650,2657,ст. 531,"управства дотолѣ, пока имущество не будетъ присуждено другому, и сдѣланы надлежащія, по закону, о передачѣ онаго, распоряженія (зак. гражд. ст. 531). Смыслъ этого правила состоитъ въ томъ, что всякое владѣніе предполагается основаннымъ на правѣ, пока не доказано противное, что насиліе и",прямое название акта рядом с номером,номер статьи извлечён из OCR; сверяйте со сканом,https://ivseliv.github.io/senat/lex/#/d/1897-079,1897-079:1420-3202,https://ivseliv.github.io/senat/lex/#/d/1897-079?mode=laws&c=%D0%A1%D0%97%D0%93&q=%D1%81%D1%82.+531&at=1420&end=3202,true
1897-036:СЗГ:533:4590,СЗГ ст. 533,СЗГ,ст. 533,1897-036,1897,36,4590,4597,533 ст.,"дуетъ признать, что за переходомъ спорнаго участка въ собственность отвѣтчиковъ по давности владѣнія ихъ онымъ при условіяхъ, указанныхъ въ 533 ст. X т. 1 ч., истцы утратили всякое право на него и даже на самый искъ о немъ въ силу 692 ст. и 1 п. прил. къ 694 ст. X т. 1 ч. Выводъ этотъ н",прямое название акта рядом с номером,номер статьи извлечён из OCR; сверяйте со сканом,https://ivseliv.github.io/senat/lex/#/d/1897-036,1897-036:4156-5433,https://ivseliv.github.io/senat/lex/#/d/1897-036?mode=laws&c=%D0%A1%D0%97%D0%93&q=%D1%81%D1%82.+533&at=4156&end=5433,true
1904-100:СЗГ:533:327,СЗГ ст. 533,СЗГ,ст. 533,1904-100,1904,100,327,334,533 ст.,"орогу, могутъ-ли быть пріобрѣтаемы по давности владѣнія? Судебная палата, рѣшивъ этотъ вопросъ утвердительно, присудила истцу, на основаніи 533 ст. зак. гражд., участокъ, который, по ея же заключенію, «всецѣло входитъ въ составъ земли, отчужденной подъ желѣзную дорогу». Такое рѣшеніе па",прямое название акта рядом с номером,номер статьи извлечён из OCR; сверяйте со сканом,https://ivseliv.github.io/senat/lex/#/d/1904-100,1904-100:0-1662,https://ivseliv.github.io/senat/lex/#/d/1904-100?mode=laws&c=%D0%A1%D0%97%D0%93&q=%D1%81%D1%82.+533&at=0&end=1662,true
1897-016:СЗГ:538:3098,СЗГ ст. 538,СЗГ,ст. 538,1897-016,1897,16,3098,3105,538 ст.,"Принимая во вниманіе, что таковое заключеніе судебной палаты по настоящему дѣлу оказывается несогласнымъ съ точнымъ смысломъ приведенной ею 538 ст. 1 ч. X т.,—Правительствующій Сенатъ опредѣляетъ: рѣшеніе Московской судебной палаты отмѣнить, по нарушенію статей 538 и 539 т. X ч. 1 зак.",прямое название акта рядом с номером,номер статьи извлечён из OCR; сверяйте со сканом,https://ivseliv.github.io/senat/lex/#/d/1897-016,1897-016:1481-3329,https://ivseliv.github.io/senat/lex/#/d/1897-016?mode=laws&c=%D0%A1%D0%97%D0%93&q=%D1%81%D1%82.+538&at=1481&end=3329,true
1897-016:СЗГ:539:2592,СЗГ ст. 539,СЗГ,ст. 539,1897-016,1897,16,2592,2599,539 ст.,"собственности его на остальныя ²/₃ денежной суммы, найденной имъ въ вагонѣ желѣзной дороги во время переѣзда, признавъ, на основаніи 538 и 539 ст. 1 ч. X т., что единственный признакъ находки заключается въ неизвѣстности, кто хозяинъ найденной вещи, и что находка можетъ имѣть мѣсто и в",прямое название акта рядом с номером,номер статьи извлечён из OCR; сверяйте со сканом,https://ivseliv.github.io/senat/lex/#/d/1897-016,1897-016:1481-3329,https://ivseliv.github.io/senat/lex/#/d/1897-016?mode=laws&c=%D0%A1%D0%97%D0%93&q=%D1%81%D1%82.+539&at=1481&end=3329,true
1904-069:СЗГ:539:1182,СЗГ ст. 539,СЗГ,ст. 539,1904-069,1904,69,1182,1189,539 ст.,"ая палата отказала ему въ таковомъ и рѣшеніе свое основала, главнымъ образомъ, на томъ соображеніи, что зубры, по точному смыслу 1 прим. къ 539 ст. зак. гражд., не составляютъ собственности удѣльнаго вѣдомства, почему послѣднее за причиненный ими кому-либо вредъ отвѣчать не можетъ.",прямое название акта рядом с номером,номер статьи извлечён из OCR; сверяйте со сканом,https://ivseliv.github.io/senat/lex/#/d/1904-069,1904-069:0-1635,https://ivseliv.github.io/senat/lex/#/d/1904-069?mode=laws&c=%D0%A1%D0%97%D0%93&q=%D1%81%D1%82.+539&at=0&end=1635,true
1904-025:СЗГ:545:1476,СЗГ ст. 545,СЗГ,ст. 545,1904-025,1904,25,1476,1483,ст. 545,"ундзя арендный договоръ представляется, будто бы, недѣйствительнымъ и необязательнымъ для отвѣтчиковъ, во-первыхъ, потому, что онъ, вопреки ст. 545 т. X ч. 1, совершенъ Константиномъ Мочаровскимъ безъ согласія отвѣтчиковъ, Анны и Петра Вищусовъ, принадлежащихъ къ составу той семьи, кото",прямое название акта рядом с номером,номер статьи извлечён из OCR; сверяйте со сканом,https://ivseliv.github.io/senat/lex/#/d/1904-025,1904-025:0-1916,https://ivseliv.github.io/senat/lex/#/d/1904-025?mode=laws&c=%D0%A1%D0%97%D0%93&q=%D1%81%D1%82.+545&at=0&end=1916,true
1897-044:СЗГ:548:6021,СЗГ ст. 548,СЗГ,ст. 548,1897-044,1897,44,6021,6028,ст. 548,"ъ въ общемъ нераздѣльномъ имуществѣ властенъ продать или уступить часть свою другому; на это требуется лишь согласіе прочихъ соучастниковъ (ст. 548 зак. гражд.). Если такое согласіе не было испрошено своевременно, то ничто не можетъ препятствовать соучастнику, въ сдѣлкѣ не участвовавшем",прямое название акта рядом с номером,номер статьи извлечён из OCR; сверяйте со сканом,https://ivseliv.github.io/senat/lex/#/d/1897-044,1897-044:4552-6365,https://ivseliv.github.io/senat/lex/#/d/1897-044?mode=laws&c=%D0%A1%D0%97%D0%93&q=%D1%81%D1%82.+548&at=4552&end=6365,true
1897-089:СЗГ:548:6183,СЗГ ст. 548,СЗГ,ст. 548,1897-089,1897,89,6183,6190,548 ст.,"ству, но не на правахъ единоличной собственности, какъ юридическому лицу, а на правахъ общей собственности по правиламъ, изложеннымъ въ 545—548 ст. X т. ч. 1, и право каждаго изъ молящихся на землю и домъ можетъ быть подвергнуто описи и продажѣ на основаніи правилъ, изложенныхъ въ 1188—",акт определён по контексту решения,номер статьи извлечён из OCR; сверяйте со сканом,https://ivseliv.github.io/senat/lex/#/d/1897-089,1897-089:5083-7018,https://ivseliv.github.io/senat/lex/#/d/1897-089?mode=laws&c=%D0%A1%D0%97%D0%93&q=%D1%81%D1%82.+548&at=5083&end=7018,true
1904-015:СЗГ:550:890,СЗГ ст. 550,СЗГ,ст. 550,1904-015,1904,15,890,897,ст. 550,"безъ послѣдствій; что выходъ изъ общей собственности зависитъ отъ воли лица, имѣющаго право на выдѣлъ опредѣленной части изъ общаго имѣнія (ст. 550 т. X ч. 1), и осуществляется по правиламъ, для судебнаго раздѣла постановленнымъ, въ виду чего установленное рѣшеніемъ палаты отъ 8/28 апрѣ",прямое название акта рядом с номером,номер статьи извлечён из OCR; сверяйте со сканом,https://ivseliv.github.io/senat/lex/#/d/1904-015,1904-015:0-1638,https://ivseliv.github.io/senat/lex/#/d/1904-015?mode=laws&c=%D0%A1%D0%97%D0%93&q=%D1%81%D1%82.+550&at=0&end=1638,true
1904-067:СЗГ:550:513,СЗГ ст. 550,СЗГ,ст. 550,1904-067,1904,67,513,520,ст. 550,"общее владѣніе имуществомъ и тѣмъ самымъ ясно выразившій свой отказъ отъ права, предоставленнаго общимъ владѣльцамъ раздѣльнаго имущества (ст. 550 т. X ч. 1 зак. гр.), не можетъ уже впослѣдствіи измѣнять своей воли и требовать выдѣла себѣ части изъ общаго имѣнія по своему произволу без",прямое название акта рядом с номером,номер статьи извлечён из OCR; сверяйте со сканом,https://ivseliv.github.io/senat/lex/#/d/1904-067,1904-067:0-1578,https://ivseliv.github.io/senat/lex/#/d/1904-067?mode=laws&c=%D0%A1%D0%97%D0%93&q=%D1%81%D1%82.+550&at=0&end=1578,true
1904-006:СЗГ:552:1399,СЗГ ст. 552,СЗГ,ст. 552,1904-006,1904,6,1399,1406,ст. 552,"мъ, добровольный раздѣлъ выгона не могъ состояться вслѣдствіе несогласія на него Гущинскаго общества, въ виду чего и за силой примѣчанія къ ст. 552 т. X ч. 1, истецъ вынужденъ ходатайствовать о вымежеваніи спадающихъ на его часть изъ общаго владѣнія земель судебнымъ порядкомъ, а потому",прямое название акта рядом с номером,номер статьи извлечён из OCR; сверяйте со сканом,https://ivseliv.github.io/senat/lex/#/d/1904-006,1904-006:0-1747,https://ivseliv.github.io/senat/lex/#/d/1904-006?mode=laws&c=%D0%A1%D0%97%D0%93&q=%D1%81%D1%82.+552&at=0&end=1747,true
1897-021:СЗГ:555:1407,СЗГ ст. 555,СЗГ,ст. 555,1897-021,1897,21,1407,1414,555 ст.,"тельнаго надѣла, не могли владѣть 512,4 дес. изъ этой дачи на правѣ полной собственности, и, слѣдовательно, на точномъ основаніи 533, 554 и 555 ст. X т. 1 ч., не могли пріобрѣсти право собственности на эту землю посредствомъ давности. Независимо отъ сего, изъ представленныхъ къ дѣлу при",прямое название акта рядом с номером,номер статьи извлечён из OCR; сверяйте со сканом,https://ivseliv.github.io/senat/lex/#/d/1897-021,1897-021:0-1501,https://ivseliv.github.io/senat/lex/#/d/1897-021?mode=laws&c=%D0%A1%D0%97%D0%93&q=%D1%81%D1%82.+555&at=0&end=1501,true
1905-047:СЗГ:555:526,СЗГ ст. 555,СЗГ,ст. 555,1905-047,1905,47,526,533,555 ст.,"ѣпостныхъ пошлинъ. Между тѣмъ 24 апрѣля того же года Духовской предъявилъ въ окружномъ судѣ къ Ивановой искъ, коимъ, объясняя, что, по силѣ 555 ст. зак. гражд., онъ имѣетъ право оставить жеребій Ивановой за собою по ея же оцѣнкѣ въ суммѣ 1200 руб., по она добровольно уступить ему оный н",прямое название акта рядом с номером,номер статьи извлечён из OCR; сверяйте со сканом,https://ivseliv.github.io/senat/lex/#/d/1905-047,1905-047:0-1478,https://ivseliv.github.io/senat/lex/#/d/1905-047?mode=laws&c=%D0%A1%D0%97%D0%93&q=%D1%81%D1%82.+555&at=0&end=1478,true
1904-067:СЗГ:556:1001,СЗГ ст. 556,СЗГ,ст. 556,1904-067,1904,67,1001,1008,ст. 556,"X ч. 1, вполнѣ применимы, вопреки мнѣнію просителя, и къ общей собственности въ губерніяхъ Черниговской и Полтавской, въ которыхъ, по силѣ ст. 556 тѣхъ-же тома и части, дѣйствуетъ общее правило, установленное въ ст. 550 и заключающееся въ томъ, что всякій соучастникъ воленъ требовать с",акт определён по контексту решения,номер статьи извлечён из OCR; сверяйте со сканом,https://ivseliv.github.io/senat/lex/#/d/1904-067,1904-067:0-1578,https://ivseliv.github.io/senat/lex/#/d/1904-067?mode=laws&c=%D0%A1%D0%97%D0%93&q=%D1%81%D1%82.+556&at=0&end=1578,true
1897-036:СЗГ:557:7724,СЗГ ст. 557,СЗГ,ст. 557,1897-036,1897,36,7724,7731,ст. 557,"ъ, земскою давностью или давностью владѣнія называется спокойное и безспорное продолженіе онаго въ теченіе закономъ установленнаго времени (ст. 557 т. X ч. 1). Общій срокъ земской давности какъ въ недвижимыхъ, такъ и въ движимыхъ имуществахъ полагается десятилѣтній (ст. 565). Дѣйствіе з",прямое название акта рядом с номером,номер статьи извлечён из OCR; сверяйте со сканом,https://ivseliv.github.io/senat/lex/#/d/1897-036,1897-036:6788-8499,https://ivseliv.github.io/senat/lex/#/d/1897-036?mode=laws&c=%D0%A1%D0%97%D0%93&q=%D1%81%D1%82.+557&at=6788&end=8499,true
1897-021:СЗГ:560:4250,СЗГ ст. 560,СЗГ,ст. 560,1897-021,1897,21,4250,4257,560 ст.,"и (прим. къ ст. 113 мѣст. пол. великор.) нѣсколькихъ селеній. Согласно указаніямъ этого рѣшенія, основаннымъ на точномъ смыс- лѣ 533, 557 и 560 ст. X т. 1 ч., и въ настоящемъ дѣлѣ надлежитъ, прежде всего, опредѣлить: могли ли общества крестьянъ нѣсколькихъ отдѣльныхъ деревень владѣть на",прямое название акта рядом с номером,номер статьи извлечён из OCR; сверяйте со сканом,https://ivseliv.github.io/senat/lex/#/d/1897-021,1897-021:2971-4710,https://ivseliv.github.io/senat/lex/#/d/1897-021?mode=laws&c=%D0%A1%D0%97%D0%93&q=%D1%81%D1%82.+560&at=2971&end=4710,true
1897-036:СЗГ:560:6543,СЗГ ст. 560,СЗГ,ст. 560,1897-036,1897,36,6543,6550,560 ст.,"тчи- ки не возражаютъ,—въ этомъ проситель усматриваетъ нарушеніе 339 и 711 ст. у. г. с.; 3) вопреки 339, 366, 411 и 711 ст. у. г. с. и 533, 560 ст. 1 ч. X т., палата разрѣшила вопросъ о давности исключительно на основаніи неопредѣленныхъ свидѣтельскихъ показаній, которыя неправильно оцѣ",прямое название акта рядом с номером,номер статьи извлечён из OCR; сверяйте со сканом,https://ivseliv.github.io/senat/lex/#/d/1897-036,1897-036:5185-7025,https://ivseliv.github.io/senat/lex/#/d/1897-036?mode=laws&c=%D0%A1%D0%97%D0%93&q=%D1%81%D1%82.+560&at=5185&end=7025,true
1897-031:СЗГ:563:8764,СЗГ ст. 563,СЗГ,ст. 563,1897-031,1897,31,8764,8771,ст. 563,"ій не встрѣчается надобности. Возраженіе апеллятора, будто обмежеванныя дачи вовсе не подлежатъ дѣйствію давности, безусловно несогласно со ст. 563 1 ч. X т. и прим. къ ней, по смыслу коихъ не подлежатъ давности однѣ только межи генеральнаго межеванія, которыя не препятствуютъ переходу",прямое название акта рядом с номером,номер статьи извлечён из OCR; сверяйте со сканом,https://ivseliv.github.io/senat/lex/#/d/1897-031,1897-031:8408-10220,https://ivseliv.github.io/senat/lex/#/d/1897-031?mode=laws&c=%D0%A1%D0%97%D0%93&q=%D1%81%D1%82.+563&at=8408&end=10220,true
1897-036:СЗГ:565:7851,СЗГ ст. 565,СЗГ,ст. 565,1897-036,1897,36,7851,7858,ст. 565,"аго времени (ст. 557 т. X ч. 1). Общій срокъ земской давности какъ въ недвижимыхъ, такъ и въ движимыхъ имуществахъ полагается десятилѣтній (ст. 565). Дѣйствіе земской давности указано въ 533 ст. и состоитъ въ томъ, что спокойное, безспорное и непрерывное владѣніе въ видѣ собственности п",прямое название акта рядом с номером,номер статьи извлечён из OCR; сверяйте со сканом,https://ivseliv.github.io/senat/lex/#/d/1897-036,1897-036:6788-8499,https://ivseliv.github.io/senat/lex/#/d/1897-036?mode=laws&c=%D0%A1%D0%97%D0%93&q=%D1%81%D1%82.+565&at=6788&end=8499,true
1897-031:СЗГ:567:17515,СЗГ ст. 567,СЗГ,ст. 567,1897-031,1897,31,17515,17522,567 ст.,"Гражд. 1897 г. 8 во владѣніи другаго лица, то владѣніе этого посторонняго лица, на точномъ основаніи 567 ст. X т. 1 ч. и 113 ст. пол. о размежев., во все это время не считается начавшимся и поэтому и не можетъ погашать права лицъ, показанныхъ въ ме",прямое название акта рядом с номером,номер статьи извлечён из OCR; сверяйте со сканом,https://ivseliv.github.io/senat/lex/#/d/1897-031,1897-031:16566-17904,https://ivseliv.github.io/senat/lex/#/d/1897-031?mode=laws&c=%D0%A1%D0%97%D0%93&q=%D1%81%D1%82.+567&at=16566&end=17904,true
1897-036:СЗГ:567:11490,СЗГ ст. 567,СЗГ,ст. 567,1897-036,1897,36,11490,11497,567 ст.,"аво собственности; онъ долженъ еще доказать, что въ то же время онъ и самъ управлялъ и распоряжался имуществомъ, какъ своею собственностью (567 ст. 1 ч. X т.). Затѣмъ судебная палата, по принадлежащему ей праву оцѣнки доказательствъ и объясненій сторонъ, имѣла законное основаніе заключе",прямое название акта рядом с номером,номер статьи извлечён из OCR; сверяйте со сканом,https://ivseliv.github.io/senat/lex/#/d/1897-036,1897-036:9835-11509,https://ivseliv.github.io/senat/lex/#/d/1897-036?mode=laws&c=%D0%A1%D0%97%D0%93&q=%D1%81%D1%82.+567&at=9835&end=11509,true
1897-003:СЗГ:569:3351,СЗГ ст. 569,СЗГ,ст. 569,1897-003,1897,3,3351,3358,ст. 569,"дѣйствительною по силѣ ст. 1529 св. зак. т. X ч. 1, а обязательна для сторонъ, какъ и всякій иной, допускаемый закономъ, договоръ, согласно ст. 569 того же тома и части св. зак. Что же касается указанія просителя на недѣйствительность этой сдѣлки, по силѣ ст. 180² уст. о наказ., налаг.",прямое название акта рядом с номером,номер статьи извлечён из OCR; сверяйте со сканом,https://ivseliv.github.io/senat/lex/#/d/1897-003,1897-003:2661-3882,https://ivseliv.github.io/senat/lex/#/d/1897-003?mode=laws&c=%D0%A1%D0%97%D0%93&q=%D1%81%D1%82.+569&at=2661&end=3882,true
1905-063:СЗГ:569:8299,СЗГ ст. 569,СЗГ,ст. 569,1905-063,1905,63,8299,8306,ст. 569,"сскимъ для внѣшней торговли банкомъ (по кіевскому отдѣленію) до востребованія, подъ обезпеченіе процентныхъ бумагъ, ни въ чемъ не нарушаетъ ст. 569, 570, 1536, 1538, 1545 и 1547 зак. гражд. и совершенно согласно съ данными Правительствующимъ Сенатомъ разъясненіями существа отношеній, ус",прямое название акта рядом с номером,номер статьи извлечён из OCR; сверяйте со сканом,https://ivseliv.github.io/senat/lex/#/d/1905-063,1905-063:7217-8843,https://ivseliv.github.io/senat/lex/#/d/1905-063?mode=laws&c=%D0%A1%D0%97%D0%93&q=%D1%81%D1%82.+569&at=7217&end=8843,true
1905-087:СЗГ:569:1249,СЗГ ст. 569,СЗГ,ст. 569,1905-087,1905,87,1249,1256,569 ст.,"ъ истца не на основаніи договорнаго соглашенія, а на основаніи 684 ст. X т. 1 ч., судебная палата нарушила § 26 уст. Херсонскаго ломбарда и 569 ст. X. т. 1 ч.",прямое название акта рядом с номером,номер статьи извлечён из OCR; сверяйте со сканом,https://ivseliv.github.io/senat/lex/#/d/1905-087,1905-087:0-1267,https://ivseliv.github.io/senat/lex/#/d/1905-087?mode=laws&c=%D0%A1%D0%97%D0%93&q=%D1%81%D1%82.+569&at=0&end=1267,true
1905-104:СЗГ:569:3625,СЗГ ст. 569,СЗГ,ст. 569,1905-104,1905,104,3625,3632,569 ст.,"ельство, взятое отъ Шагана при полученіи ссуды, какъ противное закону, слѣдуетъ признавать составленнымъ неправильно и, на основаніи 1528 и 569 ст. X т. 1 ч., не дающимъ обществу права на искъ къ Шагану и его наслѣдникамъ.",прямое название акта рядом с номером,номер статьи извлечён из OCR; сверяйте со сканом,https://ivseliv.github.io/senat/lex/#/d/1905-104,1905-104:2911-4647,https://ivseliv.github.io/senat/lex/#/d/1905-104?mode=laws&c=%D0%A1%D0%97%D0%93&q=%D1%81%D1%82.+569&at=2911&end=4647,true
1904-086:СЗГ:570:3527,СЗГ ст. 570,СЗГ,ст. 570,1904-086,1904,86,3527,3534,ст. 570,"за исключеніемъ того случая, когда докажетъ, что вещи погибли или испортились отъ причинъ, которыя онъ не былъ въ состояніи предотвратить (ст. 570, 1 п. 1744, 7 п. 1988 т. X ч. 1). Въ иномъ видѣ представляется дѣло, когда требуется отъ желѣзной дороги вознагражденіе за убытки отъ пожар",прямое название акта рядом с номером,номер статьи извлечён из OCR; сверяйте со сканом,https://ivseliv.github.io/senat/lex/#/d/1904-086,1904-086:1649-3568,https://ivseliv.github.io/senat/lex/#/d/1904-086?mode=laws&c=%D0%A1%D0%97%D0%93&q=%D1%81%D1%82.+570&at=1649&end=3568,true
1904-117:СЗГ:570:14389,СЗГ ст. 570,СЗГ,ст. 570,1904-117,1904,117,14389,14396,ст. 570,"какъ не прекращенный ни однимъ изъ способовъ, указанныхъ въ ст. 1545 и 1547 т. X ч. 1, въ виду того, что договоръ этотъ налагаетъ, согласно ст. 570 и 1705 того же тома и части, на обѣ стороны, въ немъ участвовавшія, обязанность исполнить въ точности всѣ его условія, пока договоръ не при",прямое название акта рядом с номером,номер статьи извлечён из OCR; сверяйте со сканом,https://ivseliv.github.io/senat/lex/#/d/1904-117,1904-117:12935-15098,https://ivseliv.github.io/senat/lex/#/d/1904-117?mode=laws&c=%D0%A1%D0%97%D0%93&q=%D1%81%D1%82.+570&at=12935&end=15098,true
1905-017:СЗГ:570:4160,СЗГ ст. 570,СЗГ,ст. 570,1905-017,1905,17,4160,4167,570 ст.,"какого рода договорамъ могутъ быть отнесены подобнаго рода соглашенія. Правительствующій Сенатъ неоднократно разъяснялъ, что, въ силу 569 и 570 ст. 1 ч. X т., всякій договоръ и всякое соглашеніе, хотя бы и не предусмотрѣнные гражданскими законами, если только они не содержатъ въ себѣ ни",прямое название акта рядом с номером,номер статьи извлечён из OCR; сверяйте со сканом,https://ivseliv.github.io/senat/lex/#/d/1905-017,1905-017:3807-5281,https://ivseliv.github.io/senat/lex/#/d/1905-017?mode=laws&c=%D0%A1%D0%97%D0%93&q=%D1%81%D1%82.+570&at=3807&end=5281,true
1905-034:СЗГ:570:3500,СЗГ ст. 570,СЗГ,ст. 570,1905-034,1905,34,3500,3507,ст. 570,"тъ отъ неисполненія или нару- шенія принятыхъ по договору обязательствъ и наносятся, такимъ образомъ, одною договорившеюся стороною другой (ст. 570 т. X ч. 1 зак. гр.), другіе—отъ простыхъ дѣяній или упущеній, преступныхъ или непреступныхъ, и наносятся однимъ лицомъ другому внѣ всякихъ",прямое название акта рядом с номером,номер статьи извлечён из OCR; сверяйте со сканом,https://ivseliv.github.io/senat/lex/#/d/1905-034,1905-034:2526-4217,https://ivseliv.github.io/senat/lex/#/d/1905-034?mode=laws&c=%D0%A1%D0%97%D0%93&q=%D1%81%D1%82.+570&at=2526&end=4217,true
1905-052:СЗГ:570:2061,СЗГ ст. 570,СЗГ,ст. 570,1905-052,1905,52,2061,2068,570 ст.,"овала отъ ариѳметической ошибки его при исчисленіи суммы причитавшагося платежа, — Правительствующій Сенатъ находитъ: а) что, въ силу 569 и 570 ст. 1 ч. X т. св. зак., всякій договоръ и всякое обязательство, правильно составленные, налагаютъ на договаривающихся обязанность ихъ исполнить",прямое название акта рядом с номером,номер статьи извлечён из OCR; сверяйте со сканом,https://ivseliv.github.io/senat/lex/#/d/1905-052,1905-052:1249-3077,https://ivseliv.github.io/senat/lex/#/d/1905-052?mode=laws&c=%D0%A1%D0%97%D0%93&q=%D1%81%D1%82.+570&at=1249&end=3077,true
1897-009:СЗГ:574:12029,СЗГ ст. 574,СЗГ,ст. 574,1897-009,1897,9,12029,12036,574 ст.,"земли за время пользованія ею, а это равносильно двойному взысканію за одинъ и тотъ же предметъ, что противорѣчитъ правилу, выраженному въ 574 ст. 1 ч. X т. 5) Наконецъ палата при изложеніи рѣшенія основала выводы свои, между прочимъ, на копіи рѣшенія Подольской палаты уголовнаго и гра",прямое название акта рядом с номером,номер статьи извлечён из OCR; сверяйте со сканом,https://ivseliv.github.io/senat/lex/#/d/1897-009,1897-009:11345-12880,https://ivseliv.github.io/senat/lex/#/d/1897-009?mode=laws&c=%D0%A1%D0%97%D0%93&q=%D1%81%D1%82.+574&at=11345&end=12880,true
1904-090:СЗГ:574:19377,СЗГ ст. 574,СЗГ,ст. 574,1904-090,1904,90,19377,19384,574 ст.,"ъ исполнено, истцы получили бы и причитавшійся имъ отъ вырученныхъ отъ продажи чая денегъ извѣстный процентъ, лишившись коего, они, въ силу 574 ст. 1 ч. X т., въ правѣ предъявить къ казнѣ требованіе въ суммѣ недополученныхъ ими на свои капиталы процентовъ въ томъ размѣрѣ, какой могъ быт",прямое название акта рядом с номером,номер статьи извлечён из OCR; сверяйте со сканом,https://ivseliv.github.io/senat/lex/#/d/1904-090,1904-090:18701-20248,https://ivseliv.github.io/senat/lex/#/d/1904-090?mode=laws&c=%D0%A1%D0%97%D0%93&q=%D1%81%D1%82.+574&at=18701&end=20248,true
1904-120:СЗГ:574:1941,СЗГ ст. 574,СЗГ,ст. 574,1904-120,1904,120,1941,1948,574 ст.,"траняетъ дальнѣйшую имущественную отвѣтственность предпріятія за причиненіе смерти предъ остальными членами семьи убитаго, которые, въ силу 574 ст. 1 ч. X т., имѣютъ лишь право требовать удовлетворенія отъ получившихъ полностью вознагражденіе, въ размѣрѣ недолжно ими полученнаго. Что ка",прямое название акта рядом с номером,номер статьи извлечён из OCR; сверяйте со сканом,https://ivseliv.github.io/senat/lex/#/d/1904-120,1904-120:0-2081,https://ivseliv.github.io/senat/lex/#/d/1904-120?mode=laws&c=%D0%A1%D0%97%D0%93&q=%D1%81%D1%82.+574&at=0&end=2081,true
1904-062:СЗГ:634:2272,СЗГ ст. 634,СЗГ,ст. 634,1904-062,1904,62,2272,2279,634 ст.,"частка, а слѣдовательно, имѣло право распорядиться по своему усмотрѣнію произрастающимъ на этомъ участкѣ лѣсомъ. Вслѣдствіе этого и въ виду 634 ст. т. X ч. 1, общество крестьянъ деревни Клинъ, по мнѣнію палаты, могло бы нести отвѣтственность по предъявленному къ нему иску лишь въ томъ с",прямое название акта рядом с номером,номер статьи извлечён из OCR; сверяйте со сканом,https://ivseliv.github.io/senat/lex/#/d/1904-062,1904-062:1557-3146,https://ivseliv.github.io/senat/lex/#/d/1904-062?mode=laws&c=%D0%A1%D0%97%D0%93&q=%D1%81%D1%82.+634&at=1557&end=3146,true
1905-050:СЗГ:635:2578,СЗГ ст. 635,СЗГ,ст. 635,1905-050,1905,50,2578,2585,635 ст.,"инъ-Красинскаго имѣніемъ было добросовѣстнымъ, какъ имѣвшее въ своемъ основаніи опредѣленіе суда и раздѣльный актъ, а, по силѣ первой части 635 ст. 1 ч. X т., владѣвшій имѣніемъ добросовѣстно обязанъ возвратить настоящему хозяину полученныя имъ впередъ по договорамъ найма деньги, но, въ",прямое название акта рядом с номером,номер статьи извлечён из OCR; сверяйте со сканом,https://ivseliv.github.io/senat/lex/#/d/1905-050,1905-050:1148-3056,https://ivseliv.github.io/senat/lex/#/d/1905-050?mode=laws&c=%D0%A1%D0%97%D0%93&q=%D1%81%D1%82.+635&at=1148&end=3056,true
1904-064:СЗГ:641:12883,СЗГ ст. 641,СЗГ,ст. 641,1904-064,1904,64,12883,12890,641 ст.,"а сто въ годъ, умалчивая также о правѣ кредитора на убытки за удержаніе капитала. Наконецъ, подтвержденіемъ того же вывода должна служить и 641 ст. 1 ч. X т. Хотя 641 ст., какъ это уже и разъяснено Правительствующимъ Сенатомъ въ его рѣшеніяхъ за 1869 г. № 1303, за 1871 г. № 125 и 1073 и",прямое название акта рядом с номером,номер статьи извлечён из OCR; сверяйте со сканом,https://ivseliv.github.io/senat/lex/#/d/1904-064,1904-064:11840-13525,https://ivseliv.github.io/senat/lex/#/d/1904-064?mode=laws&c=%D0%A1%D0%97%D0%93&q=%D1%81%D1%82.+641&at=11840&end=13525,true
1904-090:СЗГ:641:19748,СЗГ ст. 641,СЗГ,ст. 641,1904-090,1904,90,19748,19755,641 ст.,"нія истцамъ процентовъ не привела надлежащихъ соображеній, то рѣшеніе палаты и въ этой части подлежитъ отмѣнѣ за неправильнымъ примѣненіемъ 641 ст. 1 ч. X т., вмѣсто относящейся къ дѣлу ст. 1747 уст. тамож. изд. 1857 года. Не признавая, засимъ, нужнымъ останавливаться на прочихъ указані",прямое название акта рядом с номером,номер статьи извлечён из OCR; сверяйте со сканом,https://ivseliv.github.io/senat/lex/#/d/1904-090,1904-090:18701-20248,https://ivseliv.github.io/senat/lex/#/d/1904-090?mode=laws&c=%D0%A1%D0%97%D0%93&q=%D1%81%D1%82.+641&at=18701&end=20248,true
1904-070:СЗГ:644:2709,СЗГ ст. 644,СЗГ,ст. 644,1904-070,1904,70,2709,2716,ст. 644,"ражденіи должны быть и къ нимъ примѣнены, чему подтвержденіемъ служитъ 675 ст. X т. 1 ч., въ силу которой во всѣхъ случаяхъ, означенныхъ въ ст. 644—674 X т. 1 ч., судъ опредѣляетъ количество вознагражденія. Повѣренный истицы утверждаетъ, что Иванъ Р., приживъ означенныхъ выше дѣтей и ос",прямое название акта рядом с номером,номер статьи извлечён из OCR; сверяйте со сканом,https://ivseliv.github.io/senat/lex/#/d/1904-070,1904-070:1339-2775,https://ivseliv.github.io/senat/lex/#/d/1904-070?mode=laws&c=%D0%A1%D0%97%D0%93&q=%D1%81%D1%82.+644&at=1339&end=2775,true
1904-120:СЗГ:660:2238,СЗГ ст. 660,СЗГ,ст. 660,1904-120,1904,120,2238,2245,ст. 660,"ва на вознагражденіе за причиненіе разстройства здоровья, то таковое при- надлежитъ при жизни лица, коему оно причинено, исключительно ему (ст. 660, 661 и 1 п. 683 ст. X т. 1 ч.), какъ это разъяснено уже Правительствующимъ Сенатомъ (рѣш. 1900 г. № 107). Если, затѣмъ, законъ даетъ лицу,",прямое название акта рядом с номером,номер статьи извлечён из OCR; сверяйте со сканом,https://ivseliv.github.io/senat/lex/#/d/1904-120,1904-120:1810-3445,https://ivseliv.github.io/senat/lex/#/d/1904-120?mode=laws&c=%D0%A1%D0%97%D0%93&q=%D1%81%D1%82.+660&at=1810&end=3445,true
1904-120:СЗГ:661:646,СЗГ ст. 661,СЗГ,ст. 661,1904-120,1904,120,646,653,661 ст.,"существованія? Для правильнаго разрѣшенія этого вопроса необходимо обратиться къ уясненію точнаго смысла 683 ст. и связанныхъ съ нею 657 и 661 ст. 1 ч. X т. Первая изъ этихъ статей даетъ право на вознагражденіе за имущественный вредъ: во 1-хъ, вслѣдствіе причиненія поврежденія въ здоро",прямое название акта рядом с номером,номер статьи извлечён из OCR; сверяйте со сканом,https://ivseliv.github.io/senat/lex/#/d/1904-120,1904-120:0-2081,https://ivseliv.github.io/senat/lex/#/d/1904-120?mode=laws&c=%D0%A1%D0%97%D0%93&q=%D1%81%D1%82.+661&at=0&end=2081,true
1904-070:СЗГ:674:7040,СЗГ ст. 674,СЗГ,ст. 674,1904-070,1904,70,7040,7047,674 ст.,"суждая наслѣдниковъ Ивана Р. къ выдачѣ дѣтямъ Маріи З. ежегоднаго содержанія и основывая это рѣшеніе свое на 59 и 61 ст. улож. о нак. и 644—674 ст. X т. 1 ч., нарушила точный смыслъ этихъ законовъ,—Правительствующій Сенатъ опредѣляетъ: рѣшеніе Саратовской судебной палаты отмѣнить по нар",прямое название акта рядом с номером,номер статьи извлечён из OCR; сверяйте со сканом,https://ivseliv.github.io/senat/lex/#/d/1904-070,1904-070:5734-7301,https://ivseliv.github.io/senat/lex/#/d/1904-070?mode=laws&c=%D0%A1%D0%97%D0%93&q=%D1%81%D1%82.+674&at=5734&end=7301,true
1904-070:СЗГ:675:2640,СЗГ ст. 675,СЗГ,ст. 675,1904-070,1904,70,2640,2647,675 ст.,"и убытки, причиненные преступленіемъ, общія правила о таковомъ вознагражденіи должны быть и къ нимъ примѣнены, чему подтвержденіемъ служитъ 675 ст. X т. 1 ч., въ силу которой во всѣхъ случаяхъ, означенныхъ въ ст. 644—674 X т. 1 ч., судъ опредѣляетъ количество вознагражденія. Повѣренный",прямое название акта рядом с номером,номер статьи извлечён из OCR; сверяйте со сканом,https://ivseliv.github.io/senat/lex/#/d/1904-070,1904-070:1339-2775,https://ivseliv.github.io/senat/lex/#/d/1904-070?mode=laws&c=%D0%A1%D0%97%D0%93&q=%D1%81%D1%82.+675&at=1339&end=2775,true
1904-003:СЗГ:683:2654,СЗГ ст. 683,СЗГ,ст. 683,1904-003,1904,3,2654,2661,683 ст.,"отъ пожара, происшедшаго вслѣдствіе вылетавшихъ изъ проходившаго мимо этого имущества паровоза поѣзда, подлежатъ ли разрѣшенію на основаніи 683 ст. 1 ч. X т.? Вопросъ этотъ долженъ быть разрѣшенъ отрицательно согласно 92 ст. уст. ж. д., 683 ст. 1 ч. X т. и преподанныхъ Правительствующим",прямое название акта рядом с номером,номер статьи извлечён из OCR; сверяйте со сканом,https://ivseliv.github.io/senat/lex/#/d/1904-003,1904-003:1751-3212,https://ivseliv.github.io/senat/lex/#/d/1904-003?mode=laws&c=%D0%A1%D0%97%D0%93&q=%D1%81%D1%82.+683&at=1751&end=3212,true
1904-120:СЗГ:683:612,СЗГ ст. 683,СЗГ,ст. 683,1904-120,1904,120,612,619,683 ст.,"ное требованіе объ обезпеченіи ихъ существованія? Для правильнаго разрѣшенія этого вопроса необходимо обратиться къ уясненію точнаго смысла 683 ст. и связанныхъ съ нею 657 и 661 ст. 1 ч. X т. Первая изъ этихъ статей даетъ право на вознагражденіе за имущественный вредъ: во 1-хъ, вслѣдств",прямое название акта рядом с номером,номер статьи извлечён из OCR; сверяйте со сканом,https://ivseliv.github.io/senat/lex/#/d/1904-120,1904-120:0-2081,https://ivseliv.github.io/senat/lex/#/d/1904-120?mode=laws&c=%D0%A1%D0%97%D0%93&q=%D1%81%D1%82.+683&at=0&end=2081,true
1905-017:СЗГ:683:796,СЗГ ст. 683,СЗГ,ст. 683,1905-017,1905,17,796,803,683 ст.,"я тамъ 18 мѣстъ товара сгорѣли. Признавая, что желѣзная дорога ничѣмъ не доказала свою невиновность въ случившемся пожарѣ, и руководствуясь 683 ст. 1 ч. X т., мировой съѣздъ возложилъ на желѣзную дорогу имущественную отвѣтственность за сгорѣвшій товаръ. Въ кассаціонной жалобѣ повѣренный",прямое название акта рядом с номером,номер статьи извлечён из OCR; сверяйте со сканом,https://ivseliv.github.io/senat/lex/#/d/1905-017,1905-017:0-1704,https://ivseliv.github.io/senat/lex/#/d/1905-017?mode=laws&c=%D0%A1%D0%97%D0%93&q=%D1%81%D1%82.+683&at=0&end=1704,true
1905-028:СЗГ:683:1740,СЗГ ст. 683,СЗГ,ст. 683,1905-028,1905,28,1740,1747,683 ст.,"о судьи утвердить. Повѣренный Емельянова, помощникъ присяжнаго повѣреннаго Плосконный, ходатайствуетъ объ отмѣнѣ этого рѣшенія по нарушенію 683 ст. X т. 1 ч. и 81 и 711 ст. уст. гр. суд.",прямое название акта рядом с номером,номер статьи извлечён из OCR; сверяйте со сканом,https://ivseliv.github.io/senat/lex/#/d/1905-028,1905-028:0-1786,https://ivseliv.github.io/senat/lex/#/d/1905-028?mode=laws&c=%D0%A1%D0%97%D0%93&q=%D1%81%D1%82.+683&at=0&end=1786,true
1905-031:СЗГ:683:4740,СЗГ ст. 683,СЗГ,ст. 683,1905-031,1905,31,4740,4747,ст. 683,", и что, несмотря на то, несчастье произошло единственно вслѣдствіе неосторожности или недосмотра служащаго, то въ такомъ случаѣ, по смыслу ст. 683 т. X ч. 1, желѣзная дорога не можетъ быть признана отвѣтственною за вредъ, причиненный ея агенту исключительно по его собственной винѣ; есл",прямое название акта рядом с номером,номер статьи извлечён из OCR; сверяйте со сканом,https://ivseliv.github.io/senat/lex/#/d/1905-031,1905-031:4198-6056,https://ivseliv.github.io/senat/lex/#/d/1905-031?mode=laws&c=%D0%A1%D0%97%D0%93&q=%D1%81%D1%82.+683&at=4198&end=6056,true
1905-069:СЗГ:683:109,СЗГ ст. 683,СЗГ,ст. 683,1905-069,1905,69,109,116,683 ст.,"ъ обществу Рязанско-Уральской желѣзной дороги предъявленъ былъ крестьяниномъ Иваномъ Шевченко, на основаніи 683 ст. 1 ч. X т. св. зак., искъ въ суммѣ 3600 руб. вознагражденія за смерть 17-лѣтняго его сына Федора, погибшаго во время работъ на принадлежащей",прямое название акта рядом с номером,номер статьи извлечён из OCR; сверяйте со сканом,https://ivseliv.github.io/senat/lex/#/d/1905-069,1905-069:0-1857,https://ivseliv.github.io/senat/lex/#/d/1905-069?mode=laws&c=%D0%A1%D0%97%D0%93&q=%D1%81%D1%82.+683&at=0&end=1857,true
1897-001:СЗГ:684:3872,СЗГ ст. 684,СЗГ,ст. 684,1897-001,1897,1,3872,3879,684 ст.,"ахъ, производившій, какъ указываютъ истцы, прививку ихъ овцамъ, своими неправильными дѣйствіями причинилъ имъ убытки, то виновнымъ, въ силу 684 ст. X т. 1 ч., является онъ, Бардахъ. Невѣрно указаніе истцовъ на то, что городское общественное управленіе приняло на себя изготовленіе сибиро",прямое название акта рядом с номером,номер статьи извлечён из OCR; сверяйте со сканом,https://ivseliv.github.io/senat/lex/#/d/1897-001,1897-001:2897-4686,https://ivseliv.github.io/senat/lex/#/d/1897-001?mode=laws&c=%D0%A1%D0%97%D0%93&q=%D1%81%D1%82.+684&at=2897&end=4686,true
1897-009:СЗГ:684:5689,СЗГ ст. 684,СЗГ,ст. 684,1897-009,1897,9,5689,5696,684 ст.,"ебная палата рѣшеніе это утвердила, но Правительствующій Сенатъ по жалобѣ Танасійчука отмѣнилъ рѣшеніе судебной палаты, по нарушенію 1427 и 684 ст. 1 ч. X т., на томъ основаніи, что палата не имѣла законнаго основанія отказать Танасійчуку въ искѣ убытковъ только по той приведенной въ рѣ",прямое название акта рядом с номером,номер статьи извлечён из OCR; сверяйте со сканом,https://ivseliv.github.io/senat/lex/#/d/1897-009,1897-009:4241-6059,https://ivseliv.github.io/senat/lex/#/d/1897-009?mode=laws&c=%D0%A1%D0%97%D0%93&q=%D1%81%D1%82.+684&at=4241&end=6059,true
1897-088:СЗГ:684:3253,СЗГ ст. 684,СЗГ,ст. 684,1897-088,1897,88,3253,3260,ст. 684,"ъ кассаціонной жалобѣ повѣренный Безобразова, указывая на нарушеніе палатою ст. 65 т. I зак. осн. §§ 67, 69, 70 и 73 уст. Моск. кред. общ., ст. 684 т. X ч. 1 и 339 и 711 уст. гр. суд., объясняетъ: то юридическое положеніе, по которому „все“ незапрещенное считается дозволеннымъ, едва ли",прямое название акта рядом с номером,номер статьи извлечён из OCR; сверяйте со сканом,https://ivseliv.github.io/senat/lex/#/d/1897-088,1897-088:2429-3966,https://ivseliv.github.io/senat/lex/#/d/1897-088?mode=laws&c=%D0%A1%D0%97%D0%93&q=%D1%81%D1%82.+684&at=2429&end=3966,true
1904-003:СЗГ:684:1175,СЗГ ст. 684,СЗГ,ст. 684,1904-003,1904,3,1175,1182,684 ст.,"должна быть опредѣлена по правиламъ, изложеннымъ въ сводѣ гражд. узак. губерній Прибалтійскихъ, такъ какъ дѣйствіе уст. жел. дор., а равно 684 ст. 1 ч. X т., не можетъ имѣть примѣненія въ Курляндской губ. въ отношеніи вознагражденія за подобнаго рода имущественный вредъ; 3) что указанн",прямое название акта рядом с номером,номер статьи извлечён из OCR; сверяйте со сканом,https://ivseliv.github.io/senat/lex/#/d/1904-003,1904-003:0-2014,https://ivseliv.github.io/senat/lex/#/d/1904-003?mode=laws&c=%D0%A1%D0%97%D0%93&q=%D1%81%D1%82.+684&at=0&end=2014,true
1904-016:СЗГ:684:337,СЗГ ст. 684,СЗГ,ст. 684,1904-016,1904,16,337,344,ст. 684,"торженія брака, за убытки, понесенные родителями по поводу того брака за время отъ начала сватовства,—Правительствующій Сенатъ находитъ: по ст. 684 т. X ч. 1, всякій обязанъ вознаградить за вредъ и убытки, причиненные его дѣяніемъ или упущеніемъ, хотя бы сіе дѣяніе или упущеніе и не сос",прямое название акта рядом с номером,номер статьи извлечён из OCR; сверяйте со сканом,https://ivseliv.github.io/senat/lex/#/d/1904-016,1904-016:0-1674,https://ivseliv.github.io/senat/lex/#/d/1904-016?mode=laws&c=%D0%A1%D0%97%D0%93&q=%D1%81%D1%82.+684&at=0&end=1674,true
1904-028:СЗГ:684:6733,СЗГ ст. 684,СЗГ,ст. 684,1904-028,1904,28,6733,6740,684 ст.,"ъ выводъ, что краткому сроку подчинены только требованія, относящіяся къ задатку,—всѣ же требованія, основанныя на общемъ законѣ (570, 574, 684 ст. X т. 1 ч.) о вознагражденіи за вредъ и убытки и выводимыя изъ нарушенія росписки о задаткѣ, погашаются лишь съ истеченіемъ общаго давностна",прямое название акта рядом с номером,номер статьи извлечён из OCR; сверяйте со сканом,https://ivseliv.github.io/senat/lex/#/d/1904-028,1904-028:5839-7591,https://ivseliv.github.io/senat/lex/#/d/1904-028?mode=laws&c=%D0%A1%D0%97%D0%93&q=%D1%81%D1%82.+684&at=5839&end=7591,true
1904-064:СЗГ:684:6610,СЗГ ст. 684,СЗГ,ст. 684,1904-064,1904,64,6610,6617,684 ст.,"ра принесъ кассаціонную жалобу, въ которой, указывая на нарушеніе палатою 339, 456, 411 и 711 ст. уст. гр. суд., 570, 571, 1744, 425, 641 и 684 ст. 1 ч. X т., проситъ отмѣнить это рѣшеніе въ тѣхъ частяхъ, которыя касаются неприсужденія Гутнеру суммъ: 372 руб. 48 коп., 2720 р. и 3866 руб",прямое название акта рядом с номером,номер статьи извлечён из OCR; сверяйте со сканом,https://ivseliv.github.io/senat/lex/#/d/1904-064,1904-064:5265-6793,https://ivseliv.github.io/senat/lex/#/d/1904-064?mode=laws&c=%D0%A1%D0%97%D0%93&q=%D1%81%D1%82.+684&at=5265&end=6793,true
1904-069:СЗГ:684:347,СЗГ ст. 684,СЗГ,ст. 684,1904-069,1904,69,347,354,684 ст.,"ловѣжской пущи, испортившими и истребившими сѣно его на 44 р. 25 коп., основаніями иска своего къ управленію удѣльнаго округа ставитъ 688 и 684 ст. X т. ч. 1 зак. гр. и объясняетъ, что Бѣловѣжская пуща, гдѣ только и водятся зубры, находится въ вѣдѣніи управленія округа; что на обязаннос",акт определён по контексту решения,номер статьи извлечён из OCR; сверяйте со сканом,https://ivseliv.github.io/senat/lex/#/d/1904-069,1904-069:0-1635,https://ivseliv.github.io/senat/lex/#/d/1904-069?mode=laws&c=%D0%A1%D0%97%D0%93&q=%D1%81%D1%82.+684&at=0&end=1635,true
1904-090:СЗГ:684:16845,СЗГ ст. 684,СЗГ,ст. 684,1904-090,1904,90,16845,16852,684 ст.,"щая въ продажу задержанный у истцовъ чай, дѣйствовало въ предѣлахъ своихъ правъ, и потому палата не имѣла основанія признавать его, въ силу 684 ст. 1 ч. X т., отвѣтственнымъ за убытки, которые эта продажа могла принести истцамъ. 2) Второй возникающій по дѣлу вопросъ соотвѣтствуетъ возра",прямое название акта рядом с номером,номер статьи извлечён из OCR; сверяйте со сканом,https://ivseliv.github.io/senat/lex/#/d/1904-090,1904-090:16355-17684,https://ivseliv.github.io/senat/lex/#/d/1904-090?mode=laws&c=%D0%A1%D0%97%D0%93&q=%D1%81%D1%82.+684&at=16355&end=17684,true
1905-069:СЗГ:684:4106,СЗГ ст. 684,СЗГ,ст. 684,1905-069,1905,69,4106,4113,684 ст.,"нать, что искъ къ желѣзнодорожнымъ предпріятіямъ объ убыткахъ, причиненныхъ несчастіемъ на лѣсотаскѣ, можетъ быть разрѣшенъ не по 683, а по 684 ст. X т. ч. 1 (р. 1900 г. № 58, 1903 г. № 102 и друг.). Засимъ, представляются также неосновательными и соображенія судебной палаты, по коимъ е",акт определён по контексту решения,номер статьи извлечён из OCR; сверяйте со сканом,https://ivseliv.github.io/senat/lex/#/d/1905-069,1905-069:3020-4313,https://ivseliv.github.io/senat/lex/#/d/1905-069?mode=laws&c=%D0%A1%D0%97%D0%93&q=%D1%81%D1%82.+684&at=3020&end=4313,true
1905-087:СЗГ:684:627,СЗГ ст. 684,СЗГ,ст. 684,1905-087,1905,87,627,634,684 ст.,"ыромъ помѣщеніи, т.-е. по винѣ управленія ломбарда; что посему хозяинъ ломбарда обязанъ отвѣчать за причиненный имъ залогодателю убытокъ по 684 ст. X т. 1 ч., а не по своему уставу,—присудили въ пользу Гросса 150 р. Въ принесенной на это рѣшеніе кассаціонной жалобѣ повѣренный Херсонскаг",прямое название акта рядом с номером,номер статьи извлечён из OCR; сверяйте со сканом,https://ivseliv.github.io/senat/lex/#/d/1905-087,1905-087:0-1267,https://ivseliv.github.io/senat/lex/#/d/1905-087?mode=laws&c=%D0%A1%D0%97%D0%93&q=%D1%81%D1%82.+684&at=0&end=1267,true
1897-001:СЗГ:687:3259,СЗГ ст. 687,СЗГ,ст. 687,1897-001,1897,1,3259,3266,687 ст.,"дъ оставилъ безъ уваженія. По существу же иска повѣренный управы, присяжный повѣренный Богацкій, объяснилъ, что искъ этотъ не оправдывается 687 ст. X т. 1 ч., такъ какъ Одесская бактеріологическая станція является вполнѣ самостоятельнымъ учрежденіемъ, и городъ Одесса, кромѣ выдачи извѣс",прямое название акта рядом с номером,номер статьи извлечён из OCR; сверяйте со сканом,https://ivseliv.github.io/senat/lex/#/d/1897-001,1897-001:2897-4686,https://ivseliv.github.io/senat/lex/#/d/1897-001?mode=laws&c=%D0%A1%D0%97%D0%93&q=%D1%81%D1%82.+687&at=2897&end=4686,true
1904-086:СЗГ:687:3295,СЗГ ст. 687,СЗГ,ст. 687,1904-086,1904,86,3295,3302,ст. 687,"озки, и изъ лежащихъ по тому договору, въ силу общихъ законовъ, на перевозчикѣ-подрядчикѣ обязанностей отвѣчать за своихъ слугъ и агентовъ (ст. 687 т. X ч. 1) и принимать на себя отвѣтственность за гибель и порчу сданныхъ ему вещей, за исключеніемъ того случая, когда докажетъ, что вещи",прямое название акта рядом с номером,номер статьи извлечён из OCR; сверяйте со сканом,https://ivseliv.github.io/senat/lex/#/d/1904-086,1904-086:1649-3568,https://ivseliv.github.io/senat/lex/#/d/1904-086?mode=laws&c=%D0%A1%D0%97%D0%93&q=%D1%81%D1%82.+687&at=1649&end=3568,true
1904-069:СЗГ:688:5714,СЗГ ст. 688,СЗГ,ст. 688,1904-069,1904,69,5714,5721,688 ст.,"одящимися въ состояніи естественной свободы на его земла, если только не будетъ установлено, что онъ является владѣльцемъ такихъ животныхъ (688 ст. X т. 1 ч. зак. гр.), т.-е. что онъ овладѣлъ ими, устроилъ, напримѣръ, звѣринецъ, извлекаетъ изъ этихъ животныхъ личную себѣ пользу, разводи",прямое название акта рядом с номером,номер статьи извлечён из OCR; сверяйте со сканом,https://ivseliv.github.io/senat/lex/#/d/1904-069,1904-069:4100-5976,https://ivseliv.github.io/senat/lex/#/d/1904-069?mode=laws&c=%D0%A1%D0%97%D0%93&q=%D1%81%D1%82.+688&at=4100&end=5976,true
1897-031:СЗГ:691:5753,СЗГ ст. 691,СЗГ,ст. 691,1897-031,1897,31,5753,5760,ст. 691,"аты 26 октября 1883 г. отказано уже казнѣ въ искѣ о томъ же участкѣ, предъявленномъ 4 марта 1880 года къ Рзѣ и Джевату на точномъ основаніи ст. 691 X т. 1 ч., такъ какъ названныя лица по купчей крѣпости 6 ноября 1878 г. продали уже тотъ участокъ Асадулаеву, который введенъ во владѣніе т",прямое название акта рядом с номером,номер статьи извлечён из OCR; сверяйте со сканом,https://ivseliv.github.io/senat/lex/#/d/1897-031,1897-031:4387-5926,https://ivseliv.github.io/senat/lex/#/d/1897-031?mode=laws&c=%D0%A1%D0%97%D0%93&q=%D1%81%D1%82.+691&at=4387&end=5926,true
1905-050:СЗГ:691:3178,СЗГ ст. 691,СЗГ,ст. 691,1905-050,1905,50,3178,3185,691 ст.,"тнымъ владѣльцемъ. Необходимое условіе законности владѣнія состоитъ въ томъ, чтобы право никому другому не принадлежало, и посему, за силою 691 ст. 1 ч. X т., законный собственникъ можетъ отыскивать свое имущество изъ чужаго незаконнаго владѣнія, хотя бы такое владѣніе и было установлен",прямое название акта рядом с номером,номер статьи извлечён из OCR; сверяйте со сканом,https://ivseliv.github.io/senat/lex/#/d/1905-050,1905-050:2785-4662,https://ivseliv.github.io/senat/lex/#/d/1905-050?mode=laws&c=%D0%A1%D0%97%D0%93&q=%D1%81%D1%82.+691&at=2785&end=4662,true
1897-031:СЗГ:694:11587,СЗГ ст. 694,СЗГ,ст. 694,1897-031,1897,31,11587,11594,ст. 694,"1887 году плановъ на оную, въ виду чего палата, признавъ казну утратившею право на настоящій искъ по давности, нарушила 1 п. приложенія къ ст. 694 т. X ч. 1.",прямое название акта рядом с номером,номер статьи извлечён из OCR; сверяйте со сканом,https://ivseliv.github.io/senat/lex/#/d/1897-031,1897-031:9990-11605,https://ivseliv.github.io/senat/lex/#/d/1897-031?mode=laws&c=%D0%A1%D0%97%D0%93&q=%D1%81%D1%82.+694&at=9990&end=11605,true
1897-036:СЗГ:694:4705,СЗГ ст. 694,СЗГ,ст. 694,1897-036,1897,36,4705,4712,694 ст.,"условіяхъ, указанныхъ въ 533 ст. X т. 1 ч., истцы утратили всякое право на него и даже на самый искъ о немъ въ силу 692 ст. и 1 п. прил. къ 694 ст. X т. 1 ч. Выводъ этотъ нисколько не противорѣчитъ и разъясненію общаго собранія Прав. Сената въ рѣшеніи 1891 г. № 7, на которое сдѣлалъ ссы",прямое название акта рядом с номером,номер статьи извлечён из OCR; сверяйте со сканом,https://ivseliv.github.io/senat/lex/#/d/1897-036,1897-036:4156-5433,https://ivseliv.github.io/senat/lex/#/d/1897-036?mode=laws&c=%D0%A1%D0%97%D0%93&q=%D1%81%D1%82.+694&at=4156&end=5433,true
1897-042:СЗГ:694:8005,СЗГ ст. 694,СЗГ,ст. 694,1897-042,1897,42,8005,8012,694 ст.,"а, начинается новая давность, не причисляемая уже къ прежней. О пріостановленіи теченія давности говорится въ содержащихся въ приложеніи къ 694 ст. 1 ч. X т. правилахъ объ исчисленіи десятилѣтняго давностнаго срока въ отношеніи къ малолѣтнымъ, умалишеннымъ и глухонѣмымъ, неспособнымъ вы",прямое название акта рядом с номером,номер статьи извлечён из OCR; сверяйте со сканом,https://ivseliv.github.io/senat/lex/#/d/1897-042,1897-042:7169-9090,https://ivseliv.github.io/senat/lex/#/d/1897-042?mode=laws&c=%D0%A1%D0%97%D0%93&q=%D1%81%D1%82.+694&at=7169&end=9090,true
1897-096:СЗГ:694:679,СЗГ ст. 694,СЗГ,ст. 694,1897-096,1897,96,679,686,694 ст.,"лъ 27 декабря 1884 г. и 1529 ст. 1 ч. X т. и объ изъятіи имѣнія изъ незаконнаго владѣнія Скоповской. Отвѣтчики, ссылаясь на 1 п. прилож. къ 694 ст. (прим.) 1 ч. X т. и на рѣшеніе Прав. Сен. 1890 г. № 124, возражали, что истецъ потерялъ право на оспариваніе актовъ, за истеченіемъ земской",прямое название акта рядом с номером,номер статьи извлечён из OCR; сверяйте со сканом,https://ivseliv.github.io/senat/lex/#/d/1897-096,1897-096:0-1923,https://ivseliv.github.io/senat/lex/#/d/1897-096?mode=laws&c=%D0%A1%D0%97%D0%93&q=%D1%81%D1%82.+694&at=0&end=1923,true
1904-021:СЗГ:694:907,СЗГ ст. 694,СЗГ,ст. 694,1904-021,1904,21,907,914,ст. 694,"ности по дѣламъ малолѣтнихъ исчисляется на основаніи правилъ, постановленныхъ въ статьяхъ 565, 566, 1066¹² и въ приложеніи къ примѣчанію къ ст. 694“. Въ статьяхъ",акт определён по контексту решения,номер статьи извлечён из OCR; сверяйте со сканом,https://ivseliv.github.io/senat/lex/#/d/1904-021,1904-021:0-1552,https://ivseliv.github.io/senat/lex/#/d/1904-021?mode=laws&c=%D0%A1%D0%97%D0%93&q=%D1%81%D1%82.+694&at=0&end=1552,true
1904-076:СЗГ:694:2618,СЗГ ст. 694,СЗГ,ст. 694,1904-076,1904,76,2618,2625,ст. 694,"ъ, недѣеспособность ихъ на все время несовершеннолѣтія и тѣмъ оправдывающій увели- ченіе срока пріостановленіемъ его теченія (2 п. прил. къ ст. 694 т. X ч. 1), и 6) что, слѣдовательно, право, установленное въ 7 п. 1005 ст., есть срочное право, возникающее со времени выхода въ замужество",прямое название акта рядом с номером,номер статьи извлечён из OCR; сверяйте со сканом,https://ivseliv.github.io/senat/lex/#/d/1904-076,1904-076:1330-3193,https://ivseliv.github.io/senat/lex/#/d/1904-076?mode=laws&c=%D0%A1%D0%97%D0%93&q=%D1%81%D1%82.+694&at=1330&end=3193,true
1897-078:СЗГ:698:3168,СЗГ ст. 698,СЗГ,ст. 698,1897-078,1897,78,3168,3175,ст. 698,"нный Янчевскій, ходатайствуетъ передъ Правительствующимъ Сенатомъ объ отмѣнѣ опредѣленія судебной палаты, за нарушеніемъ ею 2-го примѣч. къ ст. 698 т. X ч. 1, закона 27 декабря 1884 года, 63 ст. зак. основ., 1029 ст. т. X ч. 1 и 339 ст. уст. гр. суд.",прямое название акта рядом с номером,номер статьи извлечён из OCR; сверяйте со сканом,https://ivseliv.github.io/senat/lex/#/d/1897-078,1897-078:1542-3278,https://ivseliv.github.io/senat/lex/#/d/1897-078?mode=laws&c=%D0%A1%D0%97%D0%93&q=%D1%81%D1%82.+698&at=1542&end=3278,true
1897-089:СЗГ:698:5463,СЗГ ст. 698,СЗГ,ст. 698,1897-089,1897,89,5463,5470,698 ст.,"области гражданскихъ имущественныхъ правъ. Изъ сопоставленія законовъ, изложенныхъ въ 1074—1082 ст. т. XI уст. духов. дѣлъ иностр. испов., 698 ст. X т. ч. 1 и рѣш. гр. кас. департамента 1882 года № 34, слѣдуетъ придти къ заключенію, что еврейскія молитвенныя общества составляютъ юридич",акт определён по контексту решения,номер статьи извлечён из OCR; сверяйте со сканом,https://ivseliv.github.io/senat/lex/#/d/1897-089,1897-089:5083-7018,https://ivseliv.github.io/senat/lex/#/d/1897-089?mode=laws&c=%D0%A1%D0%97%D0%93&q=%D1%81%D1%82.+698&at=5083&end=7018,true
1897-093:СЗГ:698:108,СЗГ ст. 698,СЗГ,ст. 698,1897-093,1897,93,108,115,698 ст.,"полномоченный Гродненскаго губернатора, основываясь на 7 и 11 п. п. правилъ 27 декабря 1884 г. (прилож. къ 698 ст. 1 ч. X т. 2 прим.), представилъ въ Гродненскомъ окружномъ судѣ искъ къ почетному гражданину Петру Григорьеву Гвоздеву, къ мѣщанамъ Мееру-Мо",прямое название акта рядом с номером,номер статьи извлечён из OCR; сверяйте со сканом,https://ivseliv.github.io/senat/lex/#/d/1897-093,1897-093:0-1591,https://ivseliv.github.io/senat/lex/#/d/1897-093?mode=laws&c=%D0%A1%D0%97%D0%93&q=%D1%81%D1%82.+698&at=0&end=1591,true
1897-096:СЗГ:698:4254,СЗГ ст. 698,СЗГ,ст. 698,1897-096,1897,96,4254,4261,698 ст.,"нной жалобѣ повѣренный отвѣтчиковъ ходатайствуетъ объ отмѣнѣ рѣшенія судебной палаты, по нарушенію 694 ст. 1 чун. прил. къ оной, 2 прим. къ 698 ст. 1 ч. X т., 711 и 815 ст. уст. гр. суд.",прямое название акта рядом с номером,номер статьи извлечён из OCR; сверяйте со сканом,https://ivseliv.github.io/senat/lex/#/d/1897-096,1897-096:3233-5192,https://ivseliv.github.io/senat/lex/#/d/1897-096?mode=laws&c=%D0%A1%D0%97%D0%93&q=%D1%81%D1%82.+698&at=3233&end=5192,true
1904-079:СЗГ:698:11287,СЗГ ст. 698,СЗГ,ст. 698,1904-079,1904,79,11287,11294,698 ст.,"и согласно со смысломъ дѣйствовавшаго въ моментъ продажи съ публичныхъ торговъ имѣнія Бурковскаго закона 1 но- ября 1886 года (4 примѣч. къ 698 ст. X т. 1 ч.) признала, что свидѣтельство губернатора служитъ только удостовѣреніемъ права покупщика на покупку имѣнія въ Западныхъ губерніяхъ",прямое название акта рядом с номером,номер статьи извлечён из OCR; сверяйте со сканом,https://ivseliv.github.io/senat/lex/#/d/1904-079,1904-079:10819-12138,https://ivseliv.github.io/senat/lex/#/d/1904-079?mode=laws&c=%D0%A1%D0%97%D0%93&q=%D1%81%D1%82.+698&at=10819&end=12138,true
1904-104:СЗГ:698:1877,СЗГ ст. 698,СЗГ,ст. 698,1904-104,1904,104,1877,1884,ст. 698,"уберніяхъ установлено Высочайше утвержденнымъ 27 января 1901 г. положеніемъ Комитета Министровъ. Этимъ положеніемъ, вошедшимъ въ прилож. къ ст. 698 т. X ч. 1 зак. гражд. по продолж. 1902 г., предоставлено генералъ-губернаторамъ и губернаторамъ девяти Западныхъ губерній, при выдачѣ ими к",прямое название акта рядом с номером,номер статьи извлечён из OCR; сверяйте со сканом,https://ivseliv.github.io/senat/lex/#/d/1904-104,1904-104:1509-3958,https://ivseliv.github.io/senat/lex/#/d/1904-104?mode=laws&c=%D0%A1%D0%97%D0%93&q=%D1%81%D1%82.+698&at=1509&end=3958,true
1905-078:СЗГ:698:1575,СЗГ ст. 698,СЗГ,ст. 698,1905-078,1905,78,1575,1582,ст. 698,"атель происходитъ изъ крестьянъ, но причисленъ къ мѣщанскому сословію; 6) что сила закона 10 декабря 1865 г., составляющаго нынѣ 2 прим. къ ст. 698 т. X ч. 1, какъ усматривается изъ буквальнаго его смысла и соображеній, на коихъ онъ основанъ, распространяется исключительно на помѣщичьи",прямое название акта рядом с номером,номер статьи извлечён из OCR; сверяйте со сканом,https://ivseliv.github.io/senat/lex/#/d/1905-078,1905-078:0-1677,https://ivseliv.github.io/senat/lex/#/d/1905-078?mode=laws&c=%D0%A1%D0%97%D0%93&q=%D1%81%D1%82.+698&at=0&end=1677,true
1897-005:СЗГ:699:6880,СЗГ ст. 699,СЗГ,ст. 699,1897-005,1897,5,6880,6887,ст. 699,"чиненный вызовъ, право на открытіе спора о наслѣдствѣ въ установленные сроки (ст. 1241 X т. 1 ч.), т. е. въ теченіе общей земской давности (ст. 699 X т. 1 ч.). Очевидно, что подъ отреченіемъ отъ наслѣдства законъ разумѣетъ здѣсь неявку наслѣдника въ теченіе 10-лѣтней давности, а не 6 мѣ",прямое название акта рядом с номером,номер статьи извлечён из OCR; сверяйте со сканом,https://ivseliv.github.io/senat/lex/#/d/1897-005,1897-005:5301-6899,https://ivseliv.github.io/senat/lex/#/d/1897-005?mode=laws&c=%D0%A1%D0%97%D0%93&q=%D1%81%D1%82.+699&at=5301&end=6899,true
1897-098:СЗГ:700:15375,СЗГ ст. 700,СЗГ,ст. 700,1897-098,1897,98,15375,15382,700 ст.,"правѣ домогаться признанія за нимъ этого права судомъ, въ окончательномъ выводѣ представляется согласнымъ съ закономъ; 3) что, на основаніи 700 ст. 1 ч. X т., всѣ способы пріобрѣтенія правъ, закономъ опредѣленные, тогда только признаются дѣйствительными, когда они утверждаются на неприн",прямое название акта рядом с номером,номер статьи извлечён из OCR; сверяйте со сканом,https://ivseliv.github.io/senat/lex/#/d/1897-098,1897-098:13942-15660,https://ivseliv.github.io/senat/lex/#/d/1897-098?mode=laws&c=%D0%A1%D0%97%D0%93&q=%D1%81%D1%82.+700&at=13942&end=15660,true
1897-093:СЗГ:707:12252,СЗГ ст. 707,СЗГ,ст. 707,1897-093,1897,93,12252,12259,707 ст.,"озстановленія законнаго порядка, нарушеннаго послѣдующими сдѣлками и актами, клонящимися къ переукрѣпленію имѣнія за евреемъ, ибо, согласно 707 ст. 1 ч. X т., совершеніе крѣпостнаго акта устанавливаетъ право только лица, въ немъ упомянутаго, а потому купчая крѣпость 17 февраля 1882 г. н",прямое название акта рядом с номером,номер статьи извлечён из OCR; сверяйте со сканом,https://ivseliv.github.io/senat/lex/#/d/1897-093,1897-093:11011-12583,https://ivseliv.github.io/senat/lex/#/d/1897-093?mode=laws&c=%D0%A1%D0%97%D0%93&q=%D1%81%D1%82.+707&at=11011&end=12583,true
1897-098:СЗГ:707:14916,СЗГ ст. 707,СЗГ,ст. 707,1897-098,1897,98,14916,14923,707 ст.,"не можетъ имѣть примѣненія къ публичному торгу, произведенному въ Харьковской городской управѣ на спорный домъ, но, такъ какъ, на основаніи 707 ст. 1 ч. X т. и 66 ст. полож. о нотар. части, до выдачи городскимъ обществомъ Кремянскому купчей крѣпости на этотъ домъ принадлежащее обществу",прямое название акта рядом с номером,номер статьи извлечён из OCR; сверяйте со сканом,https://ivseliv.github.io/senat/lex/#/d/1897-098,1897-098:13942-15660,https://ivseliv.github.io/senat/lex/#/d/1897-098?mode=laws&c=%D0%A1%D0%97%D0%93&q=%D1%81%D1%82.+707&at=13942&end=15660,true
1904-051:СЗГ:707:5244,СЗГ ст. 707,СЗГ,ст. 707,1904-051,1904,51,5244,5251,707 ст.,"ьберга на обратную передачу права собственности, пріобрѣтеннаго Фальбергомъ, Стишинской можетъ осуществиться лишь въ формѣ купчей крѣпости (707 ст. X т. 1 ч. зак. гр.), ибо подача Стишинскою и Фальбергомъ мироваго прошенія последовала тогда, когда окончательнаго опредѣленія судебныхъ мѣ",прямое название акта рядом с номером,номер статьи извлечён из OCR; сверяйте со сканом,https://ivseliv.github.io/senat/lex/#/d/1904-051,1904-051:4233-5830,https://ivseliv.github.io/senat/lex/#/d/1904-051?mode=laws&c=%D0%A1%D0%97%D0%93&q=%D1%81%D1%82.+707&at=4233&end=5830,true
1905-073:СЗГ:707:3407,СЗГ ст. 707,СЗГ,ст. 707,1905-073,1905,73,3407,3414,707 ст.,"нія или опредѣленія по дѣлу, производившемуся въ порядкѣ охранительнаго производства (рѣш. гр. касс. д-та 1875 года № 702). Затѣмъ, въ силу 707 ст. X т. 1 ч. зак. гражд. и 1432 ст. уст. гр. суд., вводный листъ считается удостовѣреніемъ укрѣпленія права на имущество за лицомъ, которому т",прямое название акта рядом с номером,номер статьи извлечён из OCR; сверяйте со сканом,https://ivseliv.github.io/senat/lex/#/d/1905-073,1905-073:2520-4147,https://ivseliv.github.io/senat/lex/#/d/1905-073?mode=laws&c=%D0%A1%D0%97%D0%93&q=%D1%81%D1%82.+707&at=2520&end=4147,true
1904-025:СЗГ:708:5297,СЗГ ст. 708,СЗГ,ст. 708,1904-025,1904,25,5297,5304,ст. 708,"исполненіе полицейскихъ обязанностей (ст. 75-80), къ числу которыхъ, по силѣ статьи 882 т. X ч. 1 зак. гр. изд. 1857 г. (п. 119 прилож. къ ст. 708 примѣч. по изд. 1900 г.), относится также и свидѣтельствованіе подписей. Но такъ какъ кругъ обязанностей каждаго сельскаго старосты распрос",прямое название акта рядом с номером,номер статьи извлечён из OCR; сверяйте со сканом,https://ivseliv.github.io/senat/lex/#/d/1904-025,1904-025:4604-6266,https://ivseliv.github.io/senat/lex/#/d/1904-025?mode=laws&c=%D0%A1%D0%97%D0%93&q=%D1%81%D1%82.+708&at=4604&end=6266,true
1905-010:СЗГ:72:9250,СЗГ ст. 72,СЗГ,ст. 72,1905-010,1905,10,9250,9256,ст. 72,"опредѣляетъ: рѣшеніе Иркутской судебной палаты, по нарушенію ст. 1560 X т. 1 ч. св. зак. и Высочайше утвержд. правилъ 19 октя- бря 1865 г. ст. 72 и 10 марта 1869 г. ст. 47, отмѣнить и дѣло передать на разсмотрѣніе Омской судебной палаты.",прямое название акта рядом с номером,номер статьи извлечён из OCR; сверяйте со сканом,https://ivseliv.github.io/senat/lex/#/d/1905-010,1905-010:8148-9348,https://ivseliv.github.io/senat/lex/#/d/1905-010?mode=laws&c=%D0%A1%D0%97%D0%93&q=%D1%81%D1%82.+72&at=8148&end=9348,true
1904-025:СЗГ:74:5553,СЗГ ст. 74,СЗГ,ст. 74,1904-025,1904,25,5553,5559,ст. 74,"даго сельскаго старосты распространяется исключительно на мѣстность, опредѣляемую предѣлами „вѣдомства сельскаго общественнаго управленія“ (ст. 74 общ. полож. о крестьянахъ), и по отношенію къ лицамъ, проживающимъ на земляхъ, отведенныхъ сельскому обществу въ надѣлъ или пріобрѣтенныхъ",акт определён по контексту решения,номер статьи извлечён из OCR; сверяйте со сканом,https://ivseliv.github.io/senat/lex/#/d/1904-025,1904-025:4604-6266,https://ivseliv.github.io/senat/lex/#/d/1904-025?mode=laws&c=%D0%A1%D0%97%D0%93&q=%D1%81%D1%82.+74&at=4604&end=6266,true
1904-025:СЗГ:77:5721,СЗГ ст. 77,СЗГ,ст. 77,1904-025,1904,25,5721,5727,ст. 77,"нахъ), и по отношенію къ лицамъ, проживающимъ на земляхъ, отведенныхъ сельскому обществу въ надѣлъ или пріобрѣтенныхъ имъ въ собственность (ст. 77 того же пол.), то очевидно, что сельскій староста, дѣйствующій лишь въ „означенной территоріи“, только и можетъ быть признаваемъ „мѣстнымъ“",акт определён по контексту решения,номер статьи извлечён из OCR; сверяйте со сканом,https://ivseliv.github.io/senat/lex/#/d/1904-025,1904-025:4604-6266,https://ivseliv.github.io/senat/lex/#/d/1904-025?mode=laws&c=%D0%A1%D0%97%D0%93&q=%D1%81%D1%82.+77&at=4604&end=6266,true
1897-065:СЗГ:78:4736,СЗГ ст. 78,СЗГ,ст. 78,1897-065,1897,65,4736,4742,ст. 78,"въ метрической книгѣ, и законность онаго можетъ быть доказываема по суду (ст. 12, 20, 23). Общій смыслъ этихъ законоположеній, въ связи со ст. 78 X т. 1 ч., убѣдилъ палату въ томъ, что запись брака и рожденія раскольниковъ въ метрической книгѣ хотя и служитъ основаніемъ къ признанію б",прямое название акта рядом с номером,номер статьи извлечён из OCR; сверяйте со сканом,https://ivseliv.github.io/senat/lex/#/d/1897-065,1897-065:3911-5544,https://ivseliv.github.io/senat/lex/#/d/1897-065?mode=laws&c=%D0%A1%D0%97%D0%93&q=%D1%81%D1%82.+78&at=3911&end=5544,true
1904-042:СЗГ:915:2391,СЗГ ст. 915,СЗГ,ст. 915,1904-042,1904,42,2391,2398,915 ст.,"его, и послѣ смерти графа де-Сенъ-При завѣщаніе его не слѣдовало представлять къ старшему нотаріусу въ полугодовой срокъ для явки, согласно 915 ст. т. X ч. 1, и что распоряженіе, въ немъ изложенное, не противорѣчитъ русскимъ законамъ о наслѣдованіи. При этомъ окружный судъ признать, что",прямое название акта рядом с номером,номер статьи извлечён из OCR; сверяйте со сканом,https://ivseliv.github.io/senat/lex/#/d/1904-042,1904-042:1518-3004,https://ivseliv.github.io/senat/lex/#/d/1904-042?mode=laws&c=%D0%A1%D0%97%D0%93&q=%D1%81%D1%82.+915&at=1518&end=3004,true
1897-068:СЗГ:967:1172,СЗГ ст. 967,СЗГ,ст. 967,1897-068,1897,68,1172,1179,ст. 967,"мѣніемъ родовымъ. Но это разъясненіе, касающееся выдѣла, какъ предвареннаго наслѣдства, не можетъ быть примѣняемо къ дарственнымъ записямъ (ст. 967 и слѣд т. X ч. 1), такъ какъ дареніе благопріобрѣтеннаго имѣнія стоитъ внѣ всякой связи съ правомъ законнаго наслѣдованія. Общій смыслъ ст.",прямое название акта рядом с номером,номер статьи извлечён из OCR; сверяйте со сканом,https://ivseliv.github.io/senat/lex/#/d/1897-068,1897-068:0-1302,https://ivseliv.github.io/senat/lex/#/d/1897-068?mode=laws&c=%D0%A1%D0%97%D0%93&q=%D1%81%D1%82.+967&at=0&end=1302,true
1904-007:СЗГ:976:5764,СЗГ ст. 976,СЗГ,ст. 976,1904-007,1904,7,5764,5771,976 ст.,"ному акту, то самый фактъ неисполненія одареннымъ принятой имъ на себя обязанности даетъ право дарителю или требовать, на точномъ основаніи 976 ст. 1 ч. X т., возвращенія дара, если предметъ дара составляло опредѣленное имущество, переданное по дарственному акту одаренному, или же,—если",прямое название акта рядом с номером,номер статьи извлечён из OCR; сверяйте со сканом,https://ivseliv.github.io/senat/lex/#/d/1904-007,1904-007:4352-6267,https://ivseliv.github.io/senat/lex/#/d/1904-007?mode=laws&c=%D0%A1%D0%97%D0%93&q=%D1%81%D1%82.+976&at=4352&end=6267,true
1904-007:СЗГ:986:3000,СЗГ ст. 986,СЗГ,ст. 986,1904-007,1904,7,3000,3007,986 ст.,"ченное условіе сдѣлалось въ послѣдующее время неисполнимымъ, обстоятельство это могло послужить лишь основаніемъ для принятія указанныхъ въ 986 ст. 1 ч. т. X св. зак. мѣръ и испрошенія Высочайшаго по этому поводу разрѣшенія. Признавая такимъ образомъ, что уже первый настоятель церкви въ",акт определён по контексту решения,номер статьи извлечён из OCR; сверяйте со сканом,https://ivseliv.github.io/senat/lex/#/d/1904-007,1904-007:1584-3084,https://ivseliv.github.io/senat/lex/#/d/1904-007?mode=laws&c=%D0%A1%D0%97%D0%93&q=%D1%81%D1%82.+986&at=1584&end=3084,true
1905-072:СЗГ:991:1297,СЗГ ст. 991,СЗГ,ст. 991,1905-072,1905,72,1297,1304,991 ст.,"я Евдокіи и Ильи Жигаревыхъ. Однако, такое распоряженіе, по мнѣнію истцовъ, какъ распоряженіе завѣщательное, должно считаться, на основаніи 991 ст. X т. 1 ч., недѣйствительнымъ по несоблюденію формъ, установленныхъ для завѣщаній. Московскій окружный судъ удовлетворилъ требованіе истцовъ",прямое название акта рядом с номером,номер статьи извлечён из OCR; сверяйте со сканом,https://ivseliv.github.io/senat/lex/#/d/1905-072,1905-072:0-1386,https://ivseliv.github.io/senat/lex/#/d/1905-072?mode=laws&c=%D0%A1%D0%97%D0%93&q=%D1%81%D1%82.+991&at=0&end=1386,true
1897-065:УГС:1:10153,УГС ст. 1,УГС,ст. 1,1897-065,1897,65,10153,10158,ст. 1,"писаннаго въ метрическія книги брака Ивана и Авдотьѣ Волковыхъ, хотя оба они пережили изданіе закона 19 апрѣля 1874 г.; 3) на нарушеніе 209 ст. 1 ч. X т., 339 и 1356⁵ ст. уст. гр. суд.: а) чрезъ принятіе по дѣлу о наслѣдствѣ такихъ доказательствъ, которыя въ 1-й изъ приведенныхъ стате",прямое название акта рядом с номером,номер статьи извлечён из OCR; сверяйте со сканом,https://ivseliv.github.io/senat/lex/#/d/1897-065,1897-065:9227-11113,https://ivseliv.github.io/senat/lex/#/d/1897-065?mode=laws&c=%D0%A3%D0%93%D0%A1&q=%D1%81%D1%82.+1&at=9227&end=11113,true
1897-093:УГС:1:7658,УГС ст. 1,УГС,ст. 1,1897-093,1897,93,7658,7663,ст. 1,"повѣренный Гвоздева ходатайствуютъ объ отмѣнѣ этого рѣшенія, по нарушенію ст. 60, 61, 65 законовъ основныхъ томъ I, 109, 420, прил. къ 698 ст. 1 ч. X. т. 2 прим., ст. 339, 711 устава гражданскаго судопроизводства.",прямое название акта рядом с номером,номер статьи извлечён из OCR; сверяйте со сканом,https://ivseliv.github.io/senat/lex/#/d/1897-093,1897-093:7042-8776,https://ivseliv.github.io/senat/lex/#/d/1897-093?mode=laws&c=%D0%A3%D0%93%D0%A1&q=%D1%81%D1%82.+1&at=7042&end=8776,true
1897-096:УГС:1:4217,УГС ст. 1,УГС,ст. 1,1897-096,1897,96,4217,4222,ст. 1,"а, удовлетворившаго искъ. Въ кассаціонной жалобѣ повѣренный отвѣтчиковъ ходатайствуетъ объ отмѣнѣ рѣшенія судебной палаты, по нарушенію 694 ст. 1 чун. прил. къ оной, 2 прим. къ 698 ст. 1 ч. X т., 711 и 815 ст. уст. гр. суд.",прямое название акта рядом с номером,номер статьи извлечён из OCR; сверяйте со сканом,https://ivseliv.github.io/senat/lex/#/d/1897-096,1897-096:3233-5192,https://ivseliv.github.io/senat/lex/#/d/1897-096?mode=laws&c=%D0%A3%D0%93%D0%A1&q=%D1%81%D1%82.+1&at=3233&end=5192,true
1897-098:УГС:1:13578,УГС ст. 1,УГС,ст. 1,1897-098,1897,98,13578,13583,ст. 1,"лучаѣ нарушенія ихъ гражданскихъ правъ дѣйствіями городскаго общественнаго управленія, имѣютъ право иска на общемъ основаніи (уст. гр. суд. ст. 1 и примѣч.), что споръ, возникшій между Кремянскимъ и Харьковскимъ городскимъ обществомъ, вытекаетъ изъ гражданскихъ правоотношеній, изъ обя",прямое название акта рядом с номером,номер статьи извлечён из OCR; сверяйте со сканом,https://ivseliv.github.io/senat/lex/#/d/1897-098,1897-098:12399-14199,https://ivseliv.github.io/senat/lex/#/d/1897-098?mode=laws&c=%D0%A3%D0%93%D0%A1&q=%D1%81%D1%82.+1&at=12399&end=14199,true
1904-013:УГС:1:8767,УГС ст. 1,УГС,ст. 1,1904-013,1904,13,8767,8772,1 ст.,"ъ претензіи его къ казнѣ отказано, а другой—своей претензіи въ пропинаціонную коммисію даже и не предъявлялъ, поступила въ прямое нарушеніе 1 ст. уст. гр. суд. Хотя судебная палата вошла, затѣмъ, въ обсужденіе исковыхъ требованій Грудзинскихъ и по существу, по приведеннымъ въ ея рѣшен",прямое название акта рядом с номером,номер статьи извлечён из OCR; сверяйте со сканом,https://ivseliv.github.io/senat/lex/#/d/1904-013,1904-013:7024-8786,https://ivseliv.github.io/senat/lex/#/d/1904-013?mode=laws&c=%D0%A3%D0%93%D0%A1&q=%D1%81%D1%82.+1&at=7024&end=8786,true
1904-034:УГС:1:7643,УГС ст. 1,УГС,ст. 1,1904-034,1904,34,7643,7648,ст. 1,"ьными, т.-е. давали-ли онѣ право общему собранію исключить члена общества, принадлежитъ, въ случаѣ спора о томъ, суду, на точномъ основаніи ст. 1 уст. гр. суд. Въ настоящемъ случаѣ, какъ установлено судебною палатою, исключеніе врача Лаура изъ членовъ общества врачей любителей физичес",прямое название акта рядом с номером,номер статьи извлечён из OCR; сверяйте со сканом,https://ivseliv.github.io/senat/lex/#/d/1904-034,1904-034:6189-7959,https://ivseliv.github.io/senat/lex/#/d/1904-034?mode=laws&c=%D0%A3%D0%93%D0%A1&q=%D1%81%D1%82.+1&at=6189&end=7959,true
1904-075:УГС:1:2521,УГС ст. 1,УГС,ст. 1,1904-075,1904,75,2521,2526,ст. 1,"рушеній уст. о герб. сборѣ, не относятся къ числу споровъ о правѣ гражданскомъ и подчинены вѣдѣнію суда, въ изъятіе правила, установленнаго ст. 1 уст. гр. суд. исключительно въ интересахъ фиска. По ст. 138—141 уст. о герб. сб. изд. 1893 г., если неоплаченный или не вполнѣ оплаченный г",прямое название акта рядом с номером,номер статьи извлечён из OCR; сверяйте со сканом,https://ivseliv.github.io/senat/lex/#/d/1904-075,1904-075:1355-3171,https://ivseliv.github.io/senat/lex/#/d/1904-075?mode=laws&c=%D0%A3%D0%93%D0%A1&q=%D1%81%D1%82.+1&at=1355&end=3171,true
1904-117:УГС:1:14642,УГС ст. 1,УГС,ст. 1,1904-117,1904,117,14642,14647,ст. 1,"его условія, пока договоръ не признанъ надлежащимъ судебнымъ рѣшеніемъ необязательнымъ по спору, заявленному надлежащему суду на основаніи ст. 1 уст. гр. суд.....“ Отсюда слѣдуетъ, что одна отмѣна административными установленіями приговора или постановленія крестьянскаго общества о з",прямое название акта рядом с номером,номер статьи извлечён из OCR; сверяйте со сканом,https://ivseliv.github.io/senat/lex/#/d/1904-117,1904-117:12935-15098,https://ivseliv.github.io/senat/lex/#/d/1904-117?mode=laws&c=%D0%A3%D0%93%D0%A1&q=%D1%81%D1%82.+1&at=12935&end=15098,true
1905-002:УГС:1:1826,УГС ст. 1,УГС,ст. 1,1905-002,1905,2,1826,1831,1 ст.,"омъ неимѣющихъ, отношеніяхъ между тяжущимися—рѣш. общ. собр. 1889 г. № 20, 1901 г. № 27), есть споръ о правѣ гражданскомъ, который, въ силу 1 ст. уст. гр. суд., подлежитъ разрѣшенію судебныхъ установленій, и 3) что всѣ приведенныя въ обжалованномъ опредѣленіи статьи закона не оправдыв",прямое название акта рядом с номером,номер статьи извлечён из OCR; сверяйте со сканом,https://ivseliv.github.io/senat/lex/#/d/1905-002,1905-002:1398-3234,https://ivseliv.github.io/senat/lex/#/d/1905-002?mode=laws&c=%D0%A3%D0%93%D0%A1&q=%D1%81%D1%82.+1&at=1398&end=3234,true
1905-055:УГС:1:10318,УГС ст. 1,УГС,ст. 1,1905-055,1905,55,10318,10323,ст. 1,"кассаціонную жалобу. По симъ основаніямъ, Правительствующій Сенатъ опредѣляетъ: опредѣленіе С.-Петербургской судебной палаты, по нарушенію ст. 1 уст. гр. суд., отмѣнить и передать дѣло на разсмотрѣніе другаго ея департамента.",прямое название акта рядом с номером,номер статьи извлечён из OCR; сверяйте со сканом,https://ivseliv.github.io/senat/lex/#/d/1905-055,1905-055:9123-10404,https://ivseliv.github.io/senat/lex/#/d/1905-055?mode=laws&c=%D0%A3%D0%93%D0%A1&q=%D1%81%D1%82.+1&at=9123&end=10404,true
1905-058:УГС:1:2597,УГС ст. 1,УГС,ст. 1,1905-058,1905,58,2597,2602,ст. 1,"еніе кассаціонной жалобѣ повѣренный упомянутой опеки, присяжный повѣренный Познанскій, ходатайствуетъ объ отмѣнѣ рѣшенія, по нарушенію 1243 ст. 1 ч. X т. и 1453 ст. уст. гр. суд. Въ объясненіи на кассаціонную жалобу повѣренный Платониды Базилевичъ, Владиміра и Елены Навродскихъ и друг",прямое название акта рядом с номером,номер статьи извлечён из OCR; сверяйте со сканом,https://ivseliv.github.io/senat/lex/#/d/1905-058,1905-058:1056-2960,https://ivseliv.github.io/senat/lex/#/d/1905-058?mode=laws&c=%D0%A3%D0%93%D0%A1&q=%D1%81%D1%82.+1&at=1056&end=2960,true
1905-075:УГС:1:9770,УГС ст. 1,УГС,ст. 1,1905-075,1905,75,9770,9775,1 ст.,"сти ихъ сдѣлки, хотя бы таковая касалась установленнаго въ пользу города сбора, является споромъ о правѣ гражданскомъ, подлежащимъ, по силѣ 1 ст. уст. гр. суд., разрѣшенію суда, а не администраціи. Это положеніе примѣнимо и къ данному случаю, въ кото- ромъ правильность или неправильно",прямое название акта рядом с номером,номер статьи извлечён из OCR; сверяйте со сканом,https://ivseliv.github.io/senat/lex/#/d/1905-075,1905-075:8893-10746,https://ivseliv.github.io/senat/lex/#/d/1905-075?mode=laws&c=%D0%A3%D0%93%D0%A1&q=%D1%81%D1%82.+1&at=8893&end=10746,true
1904-015:УГС:10:3734,УГС ст. 10,УГС,ст. 10,1904-015,1904,15,3734,3740,ст. 10,"утратою уже своей силы въ Закавказскомъ краѣ, послѣ введенія судебныхъ уставовъ, что и подтверждается ссылками (подъ статьею 5 прилож.) на ст. 10 прав. о введ. 9 декабря 1867 г. и ст. 1409 уст. гр. суд. Признавая въ виду изложеннаго, что судебная палата неправильно признала настоящее",прямое название акта рядом с номером,номер статьи извлечён из OCR; сверяйте со сканом,https://ivseliv.github.io/senat/lex/#/d/1904-015,1904-015:2888-4510,https://ivseliv.github.io/senat/lex/#/d/1904-015?mode=laws&c=%D0%A3%D0%93%D0%A1&q=%D1%81%D1%82.+10&at=2888&end=4510,true
1904-089:УГС:1048:3697,УГС ст. 1048,УГС,ст. 1048,1904-089,1904,89,3697,3705,ст. 1048,"г. № 70 и 1898 г. № 103, разъяснилъ, что законы о публичной продажѣ, обусловливая приступъ къ торгу наличностью не менѣе двухъ покупателей (ст. 1048 уст. гр. суд.) и признавая торгъ несостоявшимся при явкѣ только одного покупателя (ст. 1170), очевидно разумѣютъ подъ покупателемъ лицо, яв",прямое название акта рядом с номером,номер статьи извлечён из OCR; сверяйте со сканом,https://ivseliv.github.io/senat/lex/#/d/1904-089,1904-089:2597-4638,https://ivseliv.github.io/senat/lex/#/d/1904-089?mode=laws&c=%D0%A3%D0%93%D0%A1&q=%D1%81%D1%82.+1048&at=2597&end=4638,true
1904-068:УГС:1065:396,УГС ст. 1065,УГС,ст. 1065,1904-068,1904,68,396,404,1065 ст.,"хъ внесъ лишь задатокъ, а остальныхъ денегъ въ срокъ не представилъ. Между тѣмъ, судебный приставъ не освободилъ этихъ щитовъ, на основаніи 1065 ст. уст. гр. суд., отъ ареста, а назначилъ последовательно еще три торга, на коихъ, равнымъ образомъ, покупатели всѣхъ денегъ не представляли.",прямое название акта рядом с номером,номер статьи извлечён из OCR; сверяйте со сканом,https://ivseliv.github.io/senat/lex/#/d/1904-068,1904-068:0-1883,https://ivseliv.github.io/senat/lex/#/d/1904-068?mode=laws&c=%D0%A3%D0%93%D0%A1&q=%D1%81%D1%82.+1065&at=0&end=1883,true
1897-065:УГС:1093:14136,УГС ст. 1093,УГС,ст. 1093,1897-065,1897,65,14136,14144,ст. 1093,"ту оныхъ изложена въ 1 ч. X т. св. зак. гр. изд. 1887 г. (ст. 78 и прим., 119 прим., 132), другая часть въ т. IX зак. о сост. изд. 1876 г. (ст. 1093 и прим.), нѣкоторыя статьи перешли въ уставъ гражданскаго судопроизводства (т. XVI ч. 1 изд. 1892 г. ст. 1356¹—1356⁹), наконецъ три статьи",прямое название акта рядом с номером,номер статьи извлечён из OCR; сверяйте со сканом,https://ivseliv.github.io/senat/lex/#/d/1897-065,1897-065:13713-15096,https://ivseliv.github.io/senat/lex/#/d/1897-065?mode=laws&c=%D0%A3%D0%93%D0%A1&q=%D1%81%D1%82.+1093&at=13713&end=15096,true
1904-029:УГС:11:670,УГС ст. 11,УГС,ст. 11,1904-029,1904,29,670,676,ст. 11,"ринималъ никакого участія въ семъ дѣлѣ въ окружномъ судѣ и судебной палатѣ, а Правительствующій Сенатъ, на основаніи ст. 5 учр. суд. уст. и ст. 11 уст. гр. суд., не можетъ входить въ разсмотрѣніе дѣлъ по существу даже по просьбамъ сторонъ, принимавшихъ участіе въ производствѣ окружнаго",прямое название акта рядом с номером,номер статьи извлечён из OCR; сверяйте со сканом,https://ivseliv.github.io/senat/lex/#/d/1904-029,1904-029:0-1970,https://ivseliv.github.io/senat/lex/#/d/1904-029?mode=laws&c=%D0%A3%D0%93%D0%A1&q=%D1%81%D1%82.+11&at=0&end=1970,true
1905-057:УГС:11:727,УГС ст. 11,УГС,ст. 11,1905-057,1905,57,727,733,ст. 11,"раздѣла. Въ кассаціонной жалобѣ Иванъ Гумели проситъ объ отмѣнѣ рѣшенія съѣзда, какъ по нарушенію ст. 2265 гражд. код., такъ и по нарушенію ст. 11 и 12 уст. гр. суд., усматриваемому имъ въ томъ, что съѣздъ, будучи обязанъ постановить, вмѣсто отмѣненнаго, свое самостоятельное рѣшеніе, в",прямое название акта рядом с номером,номер статьи извлечён из OCR; сверяйте со сканом,https://ivseliv.github.io/senat/lex/#/d/1905-057,1905-057:0-1590,https://ivseliv.github.io/senat/lex/#/d/1905-057?mode=laws&c=%D0%A3%D0%93%D0%A1&q=%D1%81%D1%82.+11&at=0&end=1590,true
1904-056:УГС:1127:11445,УГС ст. 1127,УГС,ст. 1127,1904-056,1904,56,11445,11453,ст. 1127,"нія не послѣдовало, то со дня, когда обжалуемое постановленіе сдѣлалось жалобщику извѣстнымъ. По изложеннымъ соображеніямъ и руководствуясь ст. 1127, 1134, 1135, 1566 и 1567 уст. гр. суд., а также разъясненіемъ, преподаннымъ въ рѣш. 1893 г. № 7, Правительствующій Сенатъ приходитъ къ слѣд",прямое название акта рядом с номером,номер статьи извлечён из OCR; сверяйте со сканом,https://ivseliv.github.io/senat/lex/#/d/1904-056,1904-056:10837-12627,https://ivseliv.github.io/senat/lex/#/d/1904-056?mode=laws&c=%D0%A3%D0%93%D0%A1&q=%D1%81%D1%82.+1127&at=10837&end=12627,true
1905-089:УГС:1133:1507,УГС ст. 1133,УГС,ст. 1133,1905-089,1905,89,1507,1515,ст. 1133,"зникаетъ слѣдующій общій вопросъ: распространяется-ли правило ст. 1567 уст. гр. суд. на городскія недвижимости, имѣющія уѣздную ипотеку? По ст. 1133 уст. гр. суд., дѣйствующей, какъ это видно изъ ст. 1556 и 1566 того же устава, и въ губерніяхъ Варшавскаго судебнаго округа, недвижимыя имѣ",прямое название акта рядом с номером,номер статьи извлечён из OCR; сверяйте со сканом,https://ivseliv.github.io/senat/lex/#/d/1905-089,1905-089:1209-3138,https://ivseliv.github.io/senat/lex/#/d/1905-089?mode=laws&c=%D0%A3%D0%93%D0%A1&q=%D1%81%D1%82.+1133&at=1209&end=3138,true
1904-056:УГС:1134:12505,УГС ст. 1134,УГС,ст. 1134,1904-056,1904,56,12505,12513,ст. 1134,"тавомъ въ мировой съѣздъ, подлежащее распоряженіе зависитъ отъ непремѣннаго его члена или—въ Варшавскомъ судебномъ округѣ—отъ предсѣдателя (ст. 1134, 1566 и 1567), а въ случаѣ направленія дѣла въ окружный судъ—отъ этого послѣдняго, по представленію предсѣдателя. Но если судъ, въ лицѣ под",акт определён по контексту решения,номер статьи извлечён из OCR; сверяйте со сканом,https://ivseliv.github.io/senat/lex/#/d/1904-056,1904-056:10837-12627,https://ivseliv.github.io/senat/lex/#/d/1904-056?mode=laws&c=%D0%A3%D0%93%D0%A1&q=%D1%81%D1%82.+1134&at=10837&end=12627,true
1904-056:УГС:1139:7263,УГС ст. 1139,УГС,ст. 1139,1904-056,1904,56,7263,7271,ст. 1139,"ажденіе своихъ интересовъ, обратиться къ его содѣйствію. Соображеніе это подтверждается, между прочимъ, и законодательными соображеніями къ ст. 1139 уст. гр. суд. (по изд. госуд. канц.) объ освобожденіи судебныхъ мѣстъ отъ обязанности повѣрять, безъ жалобы сторонъ, правильность составлен",прямое название акта рядом с номером,номер статьи извлечён из OCR; сверяйте со сканом,https://ivseliv.github.io/senat/lex/#/d/1904-056,1904-056:6930-8539,https://ivseliv.github.io/senat/lex/#/d/1904-056?mode=laws&c=%D0%A3%D0%93%D0%A1&q=%D1%81%D1%82.+1139&at=6930&end=8539,true
1905-089:УГС:116:5774,УГС ст. 116,УГС,ст. 116,1905-089,1905,89,5774,5781,ст. 116,"ктября/9 ноября 1866 г. и дополнительныхъ къ онымъ узаконеній, продаются при мѣстномъ мировомъ съѣздѣ.“ При обсужденіи этой статьи, а также ст. 116 (нынѣ ст. 1491 уст. гр. суд.) и 214 (нынѣ ст. 1591), въ которыхъ также имѣлись ссылки на Высочайшій указъ 28 октября/9 ноября 1866 г., въ Г",прямое название акта рядом с номером,номер статьи извлечён из OCR; сверяйте со сканом,https://ivseliv.github.io/senat/lex/#/d/1905-089,1905-089:5154-6737,https://ivseliv.github.io/senat/lex/#/d/1905-089?mode=laws&c=%D0%A3%D0%93%D0%A1&q=%D1%81%D1%82.+116&at=5154&end=6737,true
1897-018:УГС:1161:843,УГС ст. 1161,УГС,ст. 1161,1897-018,1897,18,843,851,ст. 1161,"ется къ общей суммѣ, вырученной за имущество и, слѣдовательно, торгъ, на основаніи 3 п. 1170 ст. уст. гр., признается несостоявшимся, и что ст. 1161 уст. гр. суд., обязывающая покупщика вносить немедленно по окончаніи торга задатокъ, опредѣляетъ минимумъ этого задатка въ десятую часть вс",прямое название акта рядом с номером,номер статьи извлечён из OCR; сверяйте со сканом,https://ivseliv.github.io/senat/lex/#/d/1897-018,1897-018:0-1397,https://ivseliv.github.io/senat/lex/#/d/1897-018?mode=laws&c=%D0%A3%D0%93%D0%A1&q=%D1%81%D1%82.+1161&at=0&end=1397,true
1904-079:УГС:1164:2019,УГС ст. 1164,УГС,ст. 1164,1904-079,1904,79,2019,2027,1164 ст.,"внесена въ срокъ, указанный 1161 ст. уст. гр. суд., вся покупная сумма и не представлены надлежащія крѣпостныя пошлины въ срокъ, указанный 1164 ст. уст. гр. суд., являются лишенными основанія; что указанія на подачу покупщиками прошенія объ укрѣпленіи имѣнія за ними также по истеченіи 7",прямое название акта рядом с номером,номер статьи извлечён из OCR; сверяйте со сканом,https://ivseliv.github.io/senat/lex/#/d/1904-079,1904-079:1543-3069,https://ivseliv.github.io/senat/lex/#/d/1904-079?mode=laws&c=%D0%A3%D0%93%D0%A1&q=%D1%81%D1%82.+1164&at=1543&end=3069,true
1897-070:УГС:1170:446,УГС ст. 1170,УГС,ст. 1170,1897-070,1897,70,446,454,1170 ст.,"ъ непремѣнному члену съѣзда прошеніе, въ которомъ просилъ признать торгъ на недвижимое имущество отца его, Айзика Пиниса, на основаніи 1 п. 1170 ст. уст. гр. суд. несостоявшимся, такъ какъ пріобрѣвшій имѣніе Мордка Пинисъ не имѣлъ права его пріобрѣтать, какъ наслѣдникъ умершаго Айзика Пи",прямое название акта рядом с номером,номер статьи извлечён из OCR; сверяйте со сканом,https://ivseliv.github.io/senat/lex/#/d/1897-070,1897-070:0-1787,https://ivseliv.github.io/senat/lex/#/d/1897-070?mode=laws&c=%D0%A3%D0%93%D0%A1&q=%D1%81%D1%82.+1170&at=0&end=1787,true
1904-056:УГС:1170:2153,УГС ст. 1170,УГС,ст. 1170,1904-056,1904,56,2153,2161,ст. 1170,"енъ быть произведенъ при мировомъ съѣздѣ"", и засимъ, послѣ торговъ, подали объ этомъ жалобу въ мировой съѣздъ. Принимая во вниманіе, что въ ст. 1170 и 1180 уст. гр. суд. указаны случаи, когда торги могутъ быть признаны несостоявшимися или недѣйствительными, мировой съѣздъ нашелъ, что къ",прямое название акта рядом с номером,номер статьи извлечён из OCR; сверяйте со сканом,https://ivseliv.github.io/senat/lex/#/d/1904-056,1904-056:1247-2698,https://ivseliv.github.io/senat/lex/#/d/1904-056?mode=laws&c=%D0%A3%D0%93%D0%A1&q=%D1%81%D1%82.+1170&at=1247&end=2698,true
1904-089:УГС:1170:3789,УГС ст. 1170,УГС,ст. 1170,1904-089,1904,89,3789,3797,ст. 1170,"ъ торгу наличностью не менѣе двухъ покупателей (ст. 1048 уст. гр. суд.) и признавая торгъ несостоявшимся при явкѣ только одного покупателя (ст. 1170), очевидно разумѣютъ подъ покупателемъ лицо, явившееся на торгъ съ намѣреніемъ пріобрѣсти имѣніе, а никакъ не подставное лицо, фиктивно уча",прямое название акта рядом с номером,номер статьи извлечён из OCR; сверяйте со сканом,https://ivseliv.github.io/senat/lex/#/d/1904-089,1904-089:2597-4638,https://ivseliv.github.io/senat/lex/#/d/1904-089?mode=laws&c=%D0%A3%D0%93%D0%A1&q=%D1%81%D1%82.+1170&at=2597&end=4638,true
1897-066:УГС:1177:877,УГС ст. 1177,УГС,ст. 1177,1897-066,1897,66,877,885,1177 ст.,"едложенная на торгахъ Голиковымъ сумма не покрываетъ его закладной. Судъ освободилъ Лазаровича отъ штрафа въ три процента, опредѣленнаго въ 1177 ст. уст. гр. суд., оставивъ, однако, его ходатайство объ укрѣпленіи за нимъ имущества безъ удовлетворенія, а торги утвердить, укрѣпивъ продажу",прямое название акта рядом с номером,номер статьи извлечён из OCR; сверяйте со сканом,https://ivseliv.github.io/senat/lex/#/d/1897-066,1897-066:0-1398,https://ivseliv.github.io/senat/lex/#/d/1897-066?mode=laws&c=%D0%A3%D0%93%D0%A1&q=%D1%81%D1%82.+1177&at=0&end=1398,true
1904-075:УГС:12:4747,УГС ст. 12,УГС,ст. 12,1904-075,1904,75,4747,4753,ст. 12,"ска; что они не прекращаются даже въ случаяхъ возвращенія искового прошенія и окончанія спора миромъ и т. д., и что дѣла сего рода, вопреки ст. 12 уст. гр. суд., могутъ быть возбуждаемы и разрѣшаемы прямо во второй инстанціи суда. По общему правилу ст. 141 уст. о герб. сборѣ, на опредѣ",прямое название акта рядом с номером,номер статьи извлечён из OCR; сверяйте со сканом,https://ivseliv.github.io/senat/lex/#/d/1904-075,1904-075:2928-4837,https://ivseliv.github.io/senat/lex/#/d/1904-075?mode=laws&c=%D0%A3%D0%93%D0%A1&q=%D1%81%D1%82.+12&at=2928&end=4837,true
1904-056:УГС:1204:2582,УГС ст. 1204,УГС,ст. 1204,1904-056,1904,56,2582,2590,ст. 1204,"ченію продажи при гминномъ судѣ и обнародованію объявленій неправильными, то жалобу на это должны были принести за двѣ недѣли до продажи по ст. 1204 уст. гр. суд., а такъ какъ они этого не сдѣлали, то въ настоящее время жалоба ихъ не заслуживаетъ уваженія. Въ кассаціонной жалобѣ повѣренн",прямое название акта рядом с номером,номер статьи извлечён из OCR; сверяйте со сканом,https://ivseliv.github.io/senat/lex/#/d/1904-056,1904-056:1247-2698,https://ivseliv.github.io/senat/lex/#/d/1904-056?mode=laws&c=%D0%A3%D0%93%D0%A1&q=%D1%81%D1%82.+1204&at=1247&end=2698,true
1904-098:УГС:1282:730,УГС ст. 1282,УГС,ст. 1282,1904-098,1904,98,730,738,1282 ст.,"Симбирскаго удѣльнаго округа кассаціонной жалобѣ оспаривается это опредѣленіе, какъ несогласное съ 195, 197 и 198 ст. полож. о нот. части, 1282 ст. уст. гр. суд., 3 п. 2 ст., 1 п. 63 ст. и 1 п. 72 ст. уст. о герб. сборѣ.",прямое название акта рядом с номером,номер статьи извлечён из OCR; сверяйте со сканом,https://ivseliv.github.io/senat/lex/#/d/1904-098,1904-098:0-1460,https://ivseliv.github.io/senat/lex/#/d/1904-098?mode=laws&c=%D0%A3%D0%93%D0%A1&q=%D1%81%D1%82.+1282&at=0&end=1460,true
1905-037:УГС:1282:4518,УГС ст. 1282,УГС,ст. 1282,1905-037,1905,37,4518,4526,ст. 1282,"енныхъ или казенныхъ установленій. Невозможность причисленія лоцманскихъ обществъ къ тѣмъ казеннымъ установленіямъ, о которыхъ упомянуто въ ст. 1282 уст. гр. суд., выясняется, между прочимъ, и изъ содержанія 306 ст. уст. о морск. торг., въ силу которой названныя общества, независимо отъ",прямое название акта рядом с номером,номер статьи извлечён из OCR; сверяйте со сканом,https://ivseliv.github.io/senat/lex/#/d/1905-037,1905-037:3248-5632,https://ivseliv.github.io/senat/lex/#/d/1905-037?mode=laws&c=%D0%A3%D0%93%D0%A1&q=%D1%81%D1%82.+1282&at=3248&end=5632,true
1905-079:УГС:1282:5709,УГС ст. 1282,УГС,ст. 1282,1905-079,1905,79,5709,5717,ст. 1282,"составъ городскаго общественнаго управленія, вслѣдствіе чего дѣла его не подлежатъ, въ отношеніи ихъ подсудности, дѣйствію примѣчанія 2 къ ст. 1282 уст. гр. суд.; но изъ этого вовсе не слѣдуетъ, чтобы вышеприведенная статья 1285 уст. гр. суд., говорящая о казенныхъ управленіяхъ, не могл",прямое название акта рядом с номером,номер статьи извлечён из OCR; сверяйте со сканом,https://ivseliv.github.io/senat/lex/#/d/1905-079,1905-079:4345-5896,https://ivseliv.github.io/senat/lex/#/d/1905-079?mode=laws&c=%D0%A3%D0%93%D0%A1&q=%D1%81%D1%82.+1282&at=4345&end=5896,true
1905-008:УГС:1285:813,УГС ст. 1285,УГС,ст. 1285,1905-008,1905,8,813,821,ст. 1285,"вича-Левенталя къ означенной кассѣ 22500 р.“, и затѣмъ заключается слѣдующими словами: „уполномочивая ваше превосходительство, на основаніи ст. 1285 и 1286 уст. гр. суд., на поддержаніе интересовъ кассы земскихъ повинностей Курляндской губерніи при разсмотрѣніи сказаннаго дѣла въ С.-Пете",прямое название акта рядом с номером,номер статьи извлечён из OCR; сверяйте со сканом,https://ivseliv.github.io/senat/lex/#/d/1905-008,1905-008:0-2227,https://ivseliv.github.io/senat/lex/#/d/1905-008?mode=laws&c=%D0%A3%D0%93%D0%A1&q=%D1%81%D1%82.+1285&at=0&end=2227,true
1904-033:УГС:1286:2581,УГС ст. 1286,УГС,ст. 1286,1904-033,1904,33,2581,2589,ст. 1286,"іе, силу общаго правила о необходимости довѣренности для хожденія по чужимъ дѣламъ (уст. гр. суд. ст. 46, 47, 247 и 248), или-же особаго по ст. 1286 того-же устава уполномочія для предъявленія иска или подачи отвѣта по дѣлу казеннаго управленія. Посему, Правительствующій Сенатъ опредѣляе",прямое название акта рядом с номером,номер статьи извлечён из OCR; сверяйте со сканом,https://ivseliv.github.io/senat/lex/#/d/1904-033,1904-033:1527-2814,https://ivseliv.github.io/senat/lex/#/d/1904-033?mode=laws&c=%D0%A3%D0%93%D0%A1&q=%D1%81%D1%82.+1286&at=1527&end=2814,true
1904-044:УГС:1286:1428,УГС ст. 1286,УГС,ст. 1286,1904-044,1904,44,1428,1436,ст. 1286,"го рода: въ видѣ предписанія, даннаго должностному лицу на ходатайство по дѣлу, или въ видѣ письменнаго уполномочія, даннаго частному лицу (ст. 1286 уст. гр. суд.). Уполномочіе въ видѣ предписанія, составляя дѣлопроизводственную бумагу административнаго присутственнаго мѣста, въ силу ст.",прямое название акта рядом с номером,номер статьи извлечён из OCR; сверяйте со сканом,https://ivseliv.github.io/senat/lex/#/d/1904-044,1904-044:0-1861,https://ivseliv.github.io/senat/lex/#/d/1904-044?mode=laws&c=%D0%A3%D0%93%D0%A1&q=%D1%81%D1%82.+1286&at=0&end=1861,true
1904-014:УГС:129:7795,УГС ст. 129,УГС,ст. 129,1904-014,1904,14,7795,7802,ст. 129,"въ допросѣ свидѣтеля въ разъясненіе содержанія сдѣлки. По всѣмъ изложеннымъ соображеніямъ, признавая, что съѣздъ въ данномъ случаѣ, вопреки ст. 129 уст. гр. суд., основалъ свое рѣшеніе на соображеніяхъ, вовсе не вытекающихъ изъ доводовъ сторонъ, почему рѣшеніе это не можетъ остаться въ",прямое название акта рядом с номером,номер статьи извлечён из OCR; сверяйте со сканом,https://ivseliv.github.io/senat/lex/#/d/1904-014,1904-014:7444-8151,https://ivseliv.github.io/senat/lex/#/d/1904-014?mode=laws&c=%D0%A3%D0%93%D0%A1&q=%D1%81%D1%82.+129&at=7444&end=8151,true
1905-015:УГС:129:5925,УГС ст. 129,УГС,ст. 129,1905-015,1905,15,5925,5932,ст. 129,"я въ законѣ не имѣется; при томъ же съѣздомъ признано недоказаннымъ самое существованіе указываемаго просителемъ обычая; въ 3-хъ, нарушенія ст. 129 уст. гр. суд. въ рѣшеніи съѣзда не усматривается, и, въ 4-хъ, съѣздъ имѣлъ полное основаніе отказать въ просьбѣ Таубмана о выдачѣ ему свидѣ",прямое название акта рядом с номером,номер статьи извлечён из OCR; сверяйте со сканом,https://ivseliv.github.io/senat/lex/#/d/1905-015,1905-015:5648-6733,https://ivseliv.github.io/senat/lex/#/d/1905-015?mode=laws&c=%D0%A3%D0%93%D0%A1&q=%D1%81%D1%82.+129&at=5648&end=6733,true
1897-028:УГС:1291:3739,УГС ст. 1291,УГС,ст. 1291,1897-028,1897,28,3739,3747,ст. 1291,"на корню, чему и ведется отъ мѣстнаго лѣснаго начальства до рѣшенія дѣла вѣрный счетъ съ показаніемъ слѣдующихъ за оныя попенныхъ денегъ, а ст. 1291 уст. гр. суд. распространила эту мѣру и на случаи предъявленія исковъ на казенныя управленія; по просьбѣ истца судъ можетъ воспретить отчуж",прямое название акта рядом с номером,номер статьи извлечён из OCR; сверяйте со сканом,https://ivseliv.github.io/senat/lex/#/d/1897-028,1897-028:2642-4102,https://ivseliv.github.io/senat/lex/#/d/1897-028?mode=laws&c=%D0%A3%D0%93%D0%A1&q=%D1%81%D1%82.+1291&at=2642&end=4102,true
1904-074:УГС:1293:1242,УГС ст. 1293,УГС,ст. 1293,1904-074,1904,74,1242,1250,1293 ст.,"ной формѣ.—Принесенную на это распоряженіе окружнаго суда частную жалобу, въ коей казенная палата требовала применѣнія къ настоящему случаю 1293 ст. уст. гр. суд., судебная палата оставила безъ послѣдствій, признавъ, что обжаловать такое опредѣленіе окружнаго суда, копія котораго не под-",прямое название акта рядом с номером,номер статьи извлечён из OCR; сверяйте со сканом,https://ivseliv.github.io/senat/lex/#/d/1904-074,1904-074:0-1559,https://ivseliv.github.io/senat/lex/#/d/1904-074?mode=laws&c=%D0%A3%D0%93%D0%A1&q=%D1%81%D1%82.+1293&at=0&end=1559,true
1905-015:УГС:130:1741,УГС ст. 130,УГС,ст. 130,1905-015,1905,15,1741,1748,ст. 130,"жалобѣ Таубманъ указываетъ на нарушеніе мировымъ съѣздомъ, во 1-хъ, ст. 1478, 1479 и 1480 ч. III св. мѣстн. узакон. Прибалт. губ.; во 2-хъ, ст. 130 и 129 уст. гр. суд.; въ 3-хъ, ст. 896 уст. гр. суд. непредоставленіемъ ему доказывать въ исполнительномъ порядкѣ биржевую стоимость закладн",прямое название акта рядом с номером,номер статьи извлечён из OCR; сверяйте со сканом,https://ivseliv.github.io/senat/lex/#/d/1905-015,1905-015:1300-2849,https://ivseliv.github.io/senat/lex/#/d/1905-015?mode=laws&c=%D0%A3%D0%93%D0%A1&q=%D1%81%D1%82.+130&at=1300&end=2849,true
1905-101:УГС:133:4489,УГС ст. 133,УГС,ст. 133,1905-101,1905,101,4489,4496,ст. 133,"Законъ этотъ, составляя изъятіе изъ общаго правила распредѣленія между тяжущимися судебныхъ и за веденіе дѣла издержекъ, установленнаго въ ст. 133, 867—873 уст. гр. суд., вполнѣ категорично предупреждаетъ истца, не пожелавшаго предварительно заявить свою претензію, возникшую изъ догово",прямое название акта рядом с номером,номер статьи извлечён из OCR; сверяйте со сканом,https://ivseliv.github.io/senat/lex/#/d/1905-101,1905-101:4091-6059,https://ivseliv.github.io/senat/lex/#/d/1905-101?mode=laws&c=%D0%A3%D0%93%D0%A1&q=%D1%81%D1%82.+133&at=4091&end=6059,true
1904-075:УГС:134:1732,УГС ст. 134,УГС,ст. 134,1904-075,1904,75,1732,1739,ст. 134,"еніе исп. обяз. товарища оберъ-прокурора и принимая во вниманіе, что нарушеніе уст. о герб. сборѣ обнаружено по дѣлу, которое, на основаніи ст. 134 уст. гр. суд., мировой судья могъ рѣшить окончательно, Правительствующій Сенатъ предварительно призналъ нужнымъ разрѣшить вопросъ: допускал",прямое название акта рядом с номером,номер статьи извлечён из OCR; сверяйте со сканом,https://ivseliv.github.io/senat/lex/#/d/1904-075,1904-075:1355-3171,https://ivseliv.github.io/senat/lex/#/d/1904-075?mode=laws&c=%D0%A3%D0%93%D0%A1&q=%D1%81%D1%82.+134&at=1355&end=3171,true
1905-080:УГС:1348:2827,УГС ст. 1348,УГС,ст. 1348,1905-080,1905,80,2827,2835,ст. 1348,"едѣленными закономъ лицами. По закону, оспаривать законность родившагося при существованіи законнаго брака въ правѣ только мужъ его матери (ст. 1348 уст. гр. суд.) и его наслѣдники по закону (ст. 1352) въ сроки и при соблюденіи условій, указанныхъ въ ст. 1349—1353 уст. гражд. судопр. Поэ",прямое название акта рядом с номером,номер статьи извлечён из OCR; сверяйте со сканом,https://ivseliv.github.io/senat/lex/#/d/1905-080,1905-080:1400-2971,https://ivseliv.github.io/senat/lex/#/d/1905-080?mode=laws&c=%D0%A3%D0%93%D0%A1&q=%D1%81%D1%82.+1348&at=1400&end=2971,true
1905-080:УГС:1352:2879,УГС ст. 1352,УГС,ст. 1352,1905-080,1905,80,2879,2887,ст. 1352,"конность родившагося при существованіи законнаго брака въ правѣ только мужъ его матери (ст. 1348 уст. гр. суд.) и его наслѣдники по закону (ст. 1352) въ сроки и при соблюденіи условій, указанныхъ въ ст. 1349—1353 уст. гражд. судопр. Поэтому, доколѣ не послѣдо- вало вступившаго въ законну",прямое название акта рядом с номером,номер статьи извлечён из OCR; сверяйте со сканом,https://ivseliv.github.io/senat/lex/#/d/1905-080,1905-080:1400-2971,https://ivseliv.github.io/senat/lex/#/d/1905-080?mode=laws&c=%D0%A3%D0%93%D0%A1&q=%D1%81%D1%82.+1352&at=1400&end=2971,true
1897-065:УГС:1356⁵:5362,УГС ст. 1356⁵,УГС,ст. 1356⁵,1897-065,1897,65,5362,5371,ст. 1356⁵,"о, что, по ст. 23 означенныхъ правилъ, законность рожденія, не записаннаго въ метрическую книгу, можетъ быть доказываема по суду. По смыслу ст. 1356⁵ уст. гр. суд., когда рожденіе раскольника не записано въ метрическую книгу, доказательствами, между прочимъ, признаются именные списки раск",прямое название акта рядом с номером,номер статьи извлечён из OCR; сверяйте со сканом,https://ivseliv.github.io/senat/lex/#/d/1897-065,1897-065:3911-5544,https://ivseliv.github.io/senat/lex/#/d/1897-065?mode=laws&c=%D0%A3%D0%93%D0%A1&q=%D1%81%D1%82.+1356%E2%81%B5&at=3911&end=5544,true
1904-051:УГС:1357:2417,УГС ст. 1357,УГС,ст. 1357,1904-051,1904,51,2417,2425,1357 ст.,"наго опредѣленія объ укрѣпленіи имѣнія за пріобрѣтателемъ? Приступая къ разрѣшенію вопроса сего, Правительствующій Сенатъ находитъ: По силѣ 1357 ст. уст. гр. суд., объявленіе суду о желаніи окончить производящееся между тяжущимися дѣло примиреніемъ и совершеніе мировыхъ сдѣлокъ допускает",прямое название акта рядом с номером,номер статьи извлечён из OCR; сверяйте со сканом,https://ivseliv.github.io/senat/lex/#/d/1904-051,1904-051:1597-3462,https://ivseliv.github.io/senat/lex/#/d/1904-051?mode=laws&c=%D0%A3%D0%93%D0%A1&q=%D1%81%D1%82.+1357&at=1597&end=3462,true
1904-017:УГС:14:2943,УГС ст. 14,УГС,ст. 14,1904-017,1904,17,2943,2949,ст. 14,"печителя и повѣреннаго кредитора массы не устраняется также и въ случаяхъ ходатайствъ о внѣ-конкурсномъ удовлетвореніи претензіи кредитора (ст. 14 и 22 прил. къ ст. 1899 уст. гр. суд.), такъ какъ по свойству своему нѣкоторыя изъ требованій кредиторовъ не только не осуществляются иначе,",прямое название акта рядом с номером,номер статьи извлечён из OCR; сверяйте со сканом,https://ivseliv.github.io/senat/lex/#/d/1904-017,1904-017:1523-3471,https://ivseliv.github.io/senat/lex/#/d/1904-017?mode=laws&c=%D0%A3%D0%93%D0%A1&q=%D1%81%D1%82.+14&at=1523&end=3471,true
1897-025:УГС:1400:2197,УГС ст. 1400,УГС,ст. 1400,1897-025,1897,25,2197,2205,ст. 1400,"было оставлено личное задержаніе (ст. 1598 уст. гр. суд.) временно на основаніи правилъ, изложенныхъ въ статьяхъ 32—67 приложенія VIII (къ ст. 1400 уст. гр. суд.) и на основаніи 1599—1600 уст. гр. суд.",прямое название акта рядом с номером,номер статьи извлечён из OCR; сверяйте со сканом,https://ivseliv.github.io/senat/lex/#/d/1897-025,1897-025:1416-3537,https://ivseliv.github.io/senat/lex/#/d/1897-025?mode=laws&c=%D0%A3%D0%93%D0%A1&q=%D1%81%D1%82.+1400&at=1416&end=3537,true
1904-006:УГС:1400:1586,УГС ст. 1400,УГС,ст. 1400,1904-006,1904,6,1586,1594,ст. 1400,"вать о вымежеваніи спадающихъ на его часть изъ общаго владѣнія земель судебнымъ порядкомъ, а потому и имѣя въ виду ст. 2, 4, 6 прилож. I къ ст. 1400 уст. гр. суд., повѣренный истца, предъявляя настоящій искъ въ порядкѣ судебно-межеваго разбирательства, просилъ судъ признать за обществомъ",прямое название акта рядом с номером,номер статьи извлечён из OCR; сверяйте со сканом,https://ivseliv.github.io/senat/lex/#/d/1904-006,1904-006:0-1747,https://ivseliv.github.io/senat/lex/#/d/1904-006?mode=laws&c=%D0%A3%D0%93%D0%A1&q=%D1%81%D1%82.+1400&at=0&end=1747,true
1904-017:УГС:1400:2287,УГС ст. 1400,УГС,ст. 1400,1904-017,1904,17,2287,2295,ст. 1400,"попеченію одного и того же лица. Вотъ почему нельзя также признать, чтобы со времени возложенія (въ порядкѣ, указанномъ п. 10 прил. III къ ст. 1400 (прим.) уст. гр. суд.) на кого-либо изъ повѣренныхъ отъ кредиторовъ обязанностей присяжнаго попечителя, заключающихся преимущественно въ за",прямое название акта рядом с номером,номер статьи извлечён из OCR; сверяйте со сканом,https://ivseliv.github.io/senat/lex/#/d/1904-017,1904-017:1523-3471,https://ivseliv.github.io/senat/lex/#/d/1904-017?mode=laws&c=%D0%A3%D0%93%D0%A1&q=%D1%81%D1%82.+1400&at=1523&end=3471,true
1904-072:УГС:1400:2287,УГС ст. 1400,УГС,ст. 1400,1904-072,1904,72,2287,2295,ст. 1400,"ее дѣло по кассаціонной жалобѣ Града, Правительствующій Сенатъ находитъ: ни въ уставѣ о торговой несостоятельности, ни въ приложеніи III къ ст. 1400 (прим.) уст. гр. суд. нѣтъ прямаго постановленія о томъ, гдѣ надлежитъ быть конкурсному управленію; законъ не предоставляетъ разрѣшеніе это",прямое название акта рядом с номером,номер статьи извлечён из OCR; сверяйте со сканом,https://ivseliv.github.io/senat/lex/#/d/1904-072,1904-072:1796-3271,https://ivseliv.github.io/senat/lex/#/d/1904-072?mode=laws&c=%D0%A3%D0%93%D0%A1&q=%D1%81%D1%82.+1400&at=1796&end=3271,true
1905-061:УГС:1400:6162,УГС ст. 1400,УГС,ст. 1400,1905-061,1905,61,6162,6170,ст. 1400,"примѣненіе общіе межевые законы (2 ч. X т. св. зак. изд. 1893 г.), разрѣшаются въ порядкѣ межевомъ (ст. 441 ч. 2 т. X и 10 п. прилож. I къ ст. 1400 уст. гр. суд.). Порядокъ разсмотрѣнія межевыхъ дѣлъ въ Закавказскомъ краѣ, на основаніи особаго положенія о размежеваніи этого края, отлича",прямое название акта рядом с номером,номер статьи извлечён из OCR; сверяйте со сканом,https://ivseliv.github.io/senat/lex/#/d/1905-061,1905-061:5646-6975,https://ivseliv.github.io/senat/lex/#/d/1905-061?mode=laws&c=%D0%A3%D0%93%D0%A1&q=%D1%81%D1%82.+1400&at=5646&end=6975,true
1905-004:УГС:1408:2681,УГС ст. 1408,УГС,ст. 1408,1905-004,1905,4,2681,2689,ст. 1408,"ника по завѣщанію, въ совершенную противоположность съ правомъ наслѣдованія по закону, которое, не нуждаясь въ утвержденіи со стороны суда (ст. 1408 уст. гр. суд.), можетъ быть осуществлено фактическимъ вступленіемъ наслѣдника во владѣніе наслѣдственнымъ имуществомъ или же совершеніемъ и",прямое название акта рядом с номером,номер статьи извлечён из OCR; сверяйте со сканом,https://ivseliv.github.io/senat/lex/#/d/1905-004,1905-004:1743-3242,https://ivseliv.github.io/senat/lex/#/d/1905-004?mode=laws&c=%D0%A3%D0%93%D0%A1&q=%D1%81%D1%82.+1408&at=1743&end=3242,true
1905-007:УГС:1408:5495,УГС ст. 1408,УГС,ст. 1408,1905-007,1905,7,5495,5503,ст. 1408,"повѣркой родственной связи наслѣдниковъ съ наслѣдодателемъ, и самое обращеніе къ суду для утвержденія въ наслѣдственныхъ правахъ, по смыслу ст. 1408 уст. гр. суд., необязательно (рѣш. 1871 г. № 1150, 1875 г. № 848 и др.). При такомъ значеніи, съ одной стороны, раздѣльнаго акта, а съ друг",прямое название акта рядом с номером,номер статьи извлечён из OCR; сверяйте со сканом,https://ivseliv.github.io/senat/lex/#/d/1905-007,1905-007:4343-5960,https://ivseliv.github.io/senat/lex/#/d/1905-007?mode=laws&c=%D0%A3%D0%93%D0%A1&q=%D1%81%D1%82.+1408&at=4343&end=5960,true
1904-015:УГС:1409:3775,УГС ст. 1409,УГС,ст. 1409,1904-015,1904,15,3775,3783,ст. 1409,"краѣ, послѣ введенія судебныхъ уставовъ, что и подтверждается ссылками (подъ статьею 5 прилож.) на ст. 10 прав. о введ. 9 декабря 1867 г. и ст. 1409 уст. гр. суд. Признавая въ виду изложеннаго, что судебная палата неправильно признала настоящее дѣло неподвѣдомственнымъ судебнымъ установл",прямое название акта рядом с номером,номер статьи извлечён из OCR; сверяйте со сканом,https://ivseliv.github.io/senat/lex/#/d/1904-015,1904-015:2888-4510,https://ivseliv.github.io/senat/lex/#/d/1904-015?mode=laws&c=%D0%A3%D0%93%D0%A1&q=%D1%81%D1%82.+1409&at=2888&end=4510,true
1904-075:УГС:141:4856,УГС ст. 141,УГС,ст. 141,1904-075,1904,75,4856,4863,ст. 141,"и что дѣла сего рода, вопреки ст. 12 уст. гр. суд., могутъ быть возбуждаемы и разрѣшаемы прямо во второй инстанціи суда. По общему правилу ст. 141 уст. о герб. сборѣ, на опредѣленія о взысканіи штрафа могутъ быть приносимы частными лицами и казенною палатою частныя жалобы, которыя разс",прямое название акта рядом с номером,номер статьи извлечён из OCR; сверяйте со сканом,https://ivseliv.github.io/senat/lex/#/d/1904-075,1904-075:4623-6046,https://ivseliv.github.io/senat/lex/#/d/1904-075?mode=laws&c=%D0%A3%D0%93%D0%A1&q=%D1%81%D1%82.+141&at=4623&end=6046,true
1904-015:УГС:1413:5993,УГС ст. 1413,УГС,ст. 1413,1904-015,1904,15,5993,6001,ст. 1413,"влетвореніемъ сестры въ обоихъ случаяхъ деньгами по оцѣнкѣ, установленной также—или по соглашенію, или судомъ (ст. 1322 т. X ч. 1 и слѣд. и ст. 1413 и слѣд. уст. гр. суд.); заставлять же братьевъ оставаться съ сестрами въ общемъ владѣніи и выжидать требованія сестеръ о выдѣлѣ указныхъ ча",прямое название акта рядом с номером,номер статьи извлечён из OCR; сверяйте со сканом,https://ivseliv.github.io/senat/lex/#/d/1904-015,1904-015:5208-6350,https://ivseliv.github.io/senat/lex/#/d/1904-015?mode=laws&c=%D0%A3%D0%93%D0%A1&q=%D1%81%D1%82.+1413&at=5208&end=6350,true
1897-090:УГС:142:4933,УГС ст. 142,УГС,ст. 142,1897-090,1897,90,4933,4940,ст. 142,"указанію въ жалобѣ, не можетъ быть оставлено въ силѣ, такъ какъ, исчисляя это вознагражденіе лишь въ суммѣ 500 р., мировой съѣздъ, вопреки ст. 142 уст. гр. суд., вовсе не привелъ соображеній, оправдывающихъ правильность такого исчисленія. По изложеннымъ основаніямъ и не входя въ разсмо",прямое название акта рядом с номером,номер статьи извлечён из OCR; сверяйте со сканом,https://ivseliv.github.io/senat/lex/#/d/1897-090,1897-090:4023-5638,https://ivseliv.github.io/senat/lex/#/d/1897-090?mode=laws&c=%D0%A3%D0%93%D0%A1&q=%D1%81%D1%82.+142&at=4023&end=5638,true
1905-022:УГС:142:2791,УГС ст. 142,УГС,ст. 142,1905-022,1905,22,2791,2798,ст. 142,"ифомъ (пробѣгъ въ обратномъ направленіи цистерны, груженной спиртомъ). На это было указано въ апелляціонной жалобѣ, но съѣздъ, въ нарушеніе ст. 142 уст. гр. суд., указанія этого не разсмотрѣлъ и въ рѣшеніи своемъ извратилъ обстоятельства дѣла, ибо рѣчь идетъ не о цистернѣ, „безплатно во",прямое название акта рядом с номером,номер статьи извлечён из OCR; сверяйте со сканом,https://ivseliv.github.io/senat/lex/#/d/1905-022,1905-022:1348-3211,https://ivseliv.github.io/senat/lex/#/d/1905-022?mode=laws&c=%D0%A3%D0%93%D0%A1&q=%D1%81%D1%82.+142&at=1348&end=3211,true
1897-087:УГС:142 п. 4:5733,УГС ст. 142 п. 4,УГС,ст. 142 п. 4,1897-087,1897,87,5733,5745,ст. 142 п. 4,"тъ: рѣшеніе мирового съѣзда 1 окр. Ломжинской губерніи отмѣнить по нарушенію ст. 751, 753 и 754 гр. код., ст. 194, 207, 209 и 232 гр. ул. и ст. 142 п. 4 уст. гр. суд. и дѣло, для новаго разсмотрѣнія, передать въ мировой съѣздъ 2 округа той-же губерніи.",прямое название акта рядом с номером,номер статьи извлечён из OCR; сверяйте со сканом,https://ivseliv.github.io/senat/lex/#/d/1897-087,1897-087:4172-5845,https://ivseliv.github.io/senat/lex/#/d/1897-087?mode=laws&c=%D0%A3%D0%93%D0%A1&q=%D1%81%D1%82.+142+%D0%BF.+4&at=4172&end=5845,true
1905-073:УГС:1424:1827,УГС ст. 1424,УГС,ст. 1424,1905-073,1905,73,1827,1835,1424 ст.,"ителю въ этомъ ходатайствѣ, при чемъ судебная палата нашла, что для ввода во владѣніе недвижимымъ имуществомъ пріобрѣтатель онаго, согласно 1424 ст. уст. гр. суд., долженъ представить суду актъ укрѣпленія, на переходъ недвижимыхъ имуществъ установленный; что подъ актомъ укрѣпленія слѣдуе",прямое название акта рядом с номером,номер статьи извлечён из OCR; сверяйте со сканом,https://ivseliv.github.io/senat/lex/#/d/1905-073,1905-073:1015-2788,https://ivseliv.github.io/senat/lex/#/d/1905-073?mode=laws&c=%D0%A3%D0%93%D0%A1&q=%D1%81%D1%82.+1424&at=1015&end=2788,true
1897-031:УГС:1432:7229,УГС ст. 1432,УГС,ст. 1432,1897-031,1897,31,7229,7237,ст. 1432,"омъ, соотвѣтствующемъ совершенію крѣпостнаго акта, казнѣ было оффиціально извѣстно съ 19 августа 1878 г. Такой вводъ во владѣніе, по смыслу ст. 1432 уст. гр. суд., разъясненной Правительствующимъ Сенатомъ въ рѣшеніи 1884 г. № 55, не составляетъ „безусловнаго"" доказательства ни фактическа",прямое название акта рядом с номером,номер статьи извлечён из OCR; сверяйте со сканом,https://ivseliv.github.io/senat/lex/#/d/1897-031,1897-031:6935-8653,https://ivseliv.github.io/senat/lex/#/d/1897-031?mode=laws&c=%D0%A3%D0%93%D0%A1&q=%D1%81%D1%82.+1432&at=6935&end=8653,true
1904-088:УГС:1439:5089,УГС ст. 1439,УГС,ст. 1439,1904-088,1904,88,5089,5097,ст. 1439,"есомнѣнностью явствуетъ какъ изъ понятія выкупа родовыхъ имуществъ, опредѣлительно выясняемаго 1346 ст. сихъ законовъ, такъ и изъ ссылки въ ст. 1439 и 1448 уст. гр. суд. на подлежащія статьи зак. гражд., а съ другой—дѣла по требованіямъ объ осуществленіи принадлежащаго сонаслѣдникамъ, въ",прямое название акта рядом с номером,номер статьи извлечён из OCR; сверяйте со сканом,https://ivseliv.github.io/senat/lex/#/d/1904-088,1904-088:4209-6089,https://ivseliv.github.io/senat/lex/#/d/1904-088?mode=laws&c=%D0%A3%D0%93%D0%A1&q=%D1%81%D1%82.+1439&at=4209&end=6089,true
1905-058:УГС:1451:4939,УГС ст. 1451,УГС,ст. 1451,1905-058,1905,58,4939,4947,ст. 1451,", по надлежащемъ въ томъ удостовѣреніи, берется въ казенный присмотръ. Въ судебныхъ уставахъ, издан. Госуд. Канцеляріи, въ соображеніяхъ по ст. 1451 уст. гр. суд., сказано, что въ гражданскихъ законахъ опредѣлены съ точностью послѣдствія безвѣстнаго отсутствія, но нѣтъ правилъ о порядкѣ",прямое название акта рядом с номером,номер статьи извлечён из OCR; сверяйте со сканом,https://ivseliv.github.io/senat/lex/#/d/1905-058,1905-058:4306-6052,https://ivseliv.github.io/senat/lex/#/d/1905-058?mode=laws&c=%D0%A3%D0%93%D0%A1&q=%D1%81%D1%82.+1451&at=4306&end=6052,true
1905-097:УГС:1451:1605,УГС ст. 1451,УГС,ст. 1451,1905-097,1905,97,1605,1613,ст. 1451,"заявить о каждомъ кредиторѣ въ отдѣльности, нашла просьбу опеки надъ имуществомъ гр. Тышкевичъ неподлежащею удовлетворенію потому, что, по ст. 1451 уст. гр. суд., право ходатайствовать о признаніи извѣстнаго лица безвѣстно-отсутствующимъ принадлежитъ только лицамъ, имѣющимъ какія-либо п",прямое название акта рядом с номером,номер статьи извлечён из OCR; сверяйте со сканом,https://ivseliv.github.io/senat/lex/#/d/1905-097,1905-097:0-1880,https://ivseliv.github.io/senat/lex/#/d/1905-097?mode=laws&c=%D0%A3%D0%93%D0%A1&q=%D1%81%D1%82.+1451&at=0&end=1880,true
1905-058:УГС:1453:2613,УГС ст. 1453,УГС,ст. 1453,1905-058,1905,58,2613,2621,1453 ст.,"й жалобѣ повѣренный упомянутой опеки, присяжный повѣренный Познанскій, ходатайствуетъ объ отмѣнѣ рѣшенія, по нарушенію 1243 ст. 1 ч. X т. и 1453 ст. уст. гр. суд. Въ объясненіи на кассаціонную жалобу повѣренный Платониды Базилевичъ, Владиміра и Елены Навродскихъ и друг. проситъ или остав",прямое название акта рядом с номером,номер статьи извлечён из OCR; сверяйте со сканом,https://ivseliv.github.io/senat/lex/#/d/1905-058,1905-058:1056-2960,https://ivseliv.github.io/senat/lex/#/d/1905-058?mode=laws&c=%D0%A3%D0%93%D0%A1&q=%D1%81%D1%82.+1453&at=1056&end=2960,true
1904-048:УГС:1460¹:1665,УГС ст. 1460¹,УГС,ст. 1460¹,1904-048,1904,48,1665,1674,ст. 1460¹,"я, разрѣшается, и притомъ въ отрицательномъ смыслѣ, тѣми узаконеніями, какія содержатся въ законоположеніи объ узаконеніи добрачныхъ дѣтей (ст. 1460¹—1460⁷ уст. гр. суд.). Хотя въ этихъ законоположеніяхъ прямо не сказано, отъ кого просьбы объ узаконеніи могутъ исходить, ибо эти лица назва",прямое название акта рядом с номером,номер статьи извлечён из OCR; сверяйте со сканом,https://ivseliv.github.io/senat/lex/#/d/1904-048,1904-048:1206-2888,https://ivseliv.github.io/senat/lex/#/d/1904-048?mode=laws&c=%D0%A3%D0%93%D0%A1&q=%D1%81%D1%82.+1460%C2%B9&at=1206&end=2888,true
1897-074:УГС:1490:2745,УГС ст. 1490,УГС,ст. 1490,1897-074,1897,74,2745,2753,ст. 1490,"гражданскимъ кодексомъ, необязательны для гминныхъ судовъ, которые руководствуются въ семъ отношеніи особыми правилами, а въ примѣчаніи къ ст. 1490 уст. гр. суд. значится, что, при разрѣшеніи дѣла о раздѣлѣ наслѣдства, въ составъ котораго входятъ земли, доставшіяся ихъ владѣльцамъ на ос",прямое название акта рядом с номером,номер статьи извлечён из OCR; сверяйте со сканом,https://ivseliv.github.io/senat/lex/#/d/1897-074,1897-074:1482-3043,https://ivseliv.github.io/senat/lex/#/d/1897-074?mode=laws&c=%D0%A3%D0%93%D0%A1&q=%D1%81%D1%82.+1490&at=1482&end=3043,true
1905-089:УГС:1491:5788,УГС ст. 1491,УГС,ст. 1491,1905-089,1905,89,5788,5796,ст. 1491,"я 1866 г. и дополнительныхъ къ онымъ узаконеній, продаются при мѣстномъ мировомъ съѣздѣ.“ При обсужденіи этой статьи, а также ст. 116 (нынѣ ст. 1491 уст. гр. суд.) и 214 (нынѣ ст. 1591), въ которыхъ также имѣлись ссылки на Высочайшій указъ 28 октября/9 ноября 1866 г., въ Государственномъ",прямое название акта рядом с номером,номер статьи извлечён из OCR; сверяйте со сканом,https://ivseliv.github.io/senat/lex/#/d/1905-089,1905-089:5154-6737,https://ivseliv.github.io/senat/lex/#/d/1905-089?mode=laws&c=%D0%A3%D0%93%D0%A1&q=%D1%81%D1%82.+1491&at=5154&end=6737,true
1904-017:УГС:15:3108,УГС ст. 15,УГС,ст. 15,1904-017,1904,17,3108,3114,ст. 15,"1899 уст. гр. суд.), такъ какъ по свойству своему нѣкоторыя изъ требованій кредиторовъ не только не осуществляются иначе, какъ путемъ иска (ст. 15 того же прил.), по которому отвѣтчикомъ долженъ, несомнѣнно, являться присяжный попечитель, но и вообще могутъ иногда подлежать спору въ от",акт определён по контексту решения,номер статьи извлечён из OCR; сверяйте со сканом,https://ivseliv.github.io/senat/lex/#/d/1904-017,1904-017:1523-3471,https://ivseliv.github.io/senat/lex/#/d/1904-017?mode=laws&c=%D0%A3%D0%93%D0%A1&q=%D1%81%D1%82.+15&at=1523&end=3471,true
1904-105:УГС:154:3656,УГС ст. 154,УГС,ст. 154,1904-105,1904,105,3656,3663,ст. 154,"8; пол. о взыск. гр. ст. 3, 9, 10 (прил.), 12, 13, 27 и др.) и нижеслѣдующихъ правилъ. Эта же статья закона приведена какъ въ 1 п. прил. къ ст. 154 (п. 5) пол. о нотар. части, такъ и въ 3 п. прил. къ 616 ст. (прим. 1) уст. гр. суд. изд. 1892 г., относящейся собственно къ суду. Изъ содер",прямое название акта рядом с номером,номер статьи извлечён из OCR; сверяйте со сканом,https://ivseliv.github.io/senat/lex/#/d/1904-105,1904-105:2923-4346,https://ivseliv.github.io/senat/lex/#/d/1904-105?mode=laws&c=%D0%A3%D0%93%D0%A1&q=%D1%81%D1%82.+154&at=2923&end=4346,true
1904-059:УГС:155:2601,УГС ст. 155,УГС,ст. 155,1904-059,1904,59,2601,2608,ст. 155,"о обстоятельство, чтобы самое теченіе этого срока началось; если же срокъ не начинался, то, очевидно, и окончиться не можетъ. По закону же (ст. 155 и 734 уст. гр. суд.), срокъ на принесеніе апелляціонной жалобы на первое заочное рѣшеніе, каковымъ оно было въ данномъ случаѣ, исчисляется,",прямое название акта рядом с номером,номер статьи извлечён из OCR; сверяйте со сканом,https://ivseliv.github.io/senat/lex/#/d/1904-059,1904-059:1297-2961,https://ivseliv.github.io/senat/lex/#/d/1904-059?mode=laws&c=%D0%A3%D0%93%D0%A1&q=%D1%81%D1%82.+155&at=1297&end=2961,true
1897-038:УГС:1551:2502,УГС ст. 1551,УГС,ст. 1551,1897-038,1897,38,2502,2510,ст. 1551,"овленіемъ Князя Намѣстника. Такимъ образомъ второй вопросъ разрѣшается отрицательно. Въ виду изложеннаго и принимая во вниманіе: 1) что, по ст. 1551 уст. гр. суд., въ Варшавскомъ судебномъ округѣ не подвергаются отдѣльному аресту ни въ какомъ случаѣ вообще всѣ предметы, признаваемые по м",прямое название акта рядом с номером,номер статьи извлечён из OCR; сверяйте со сканом,https://ivseliv.github.io/senat/lex/#/d/1897-038,1897-038:1511-3335,https://ivseliv.github.io/senat/lex/#/d/1897-038?mode=laws&c=%D0%A3%D0%93%D0%A1&q=%D1%81%D1%82.+1551&at=1511&end=3335,true
1905-089:УГС:1556:1563,УГС ст. 1556,УГС,ст. 1556,1905-089,1905,89,1563,1571,ст. 1556,"авило ст. 1567 уст. гр. суд. на городскія недвижимости, имѣющія уѣздную ипотеку? По ст. 1133 уст. гр. суд., дѣйствующей, какъ это видно изъ ст. 1556 и 1566 того же устава, и въ губерніяхъ Варшавскаго судебнаго округа, недвижимыя имѣнія, оцѣненныя ниже 500 р., если не послѣдуетъ инаго меж",прямое название акта рядом с номером,номер статьи извлечён из OCR; сверяйте со сканом,https://ivseliv.github.io/senat/lex/#/d/1905-089,1905-089:1209-3138,https://ivseliv.github.io/senat/lex/#/d/1905-089?mode=laws&c=%D0%A3%D0%93%D0%A1&q=%D1%81%D1%82.+1556&at=1209&end=3138,true
1904-056:УГС:1566:4263,УГС ст. 1566,УГС,ст. 1566,1904-056,1904,56,4263,4271,1566 ст.,"озможность, своевременно, до торговъ, на нарушеніе этихъ правилъ при назначеніи мѣста продажи не жаловалась? Согласно точному смыслу 1132 и 1566 ст. уст. гр. суд., правила о мѣстѣ продажи, установленныя въ 1133 и 1567 ст. того же устава, подлежатъ примѣненію только при отсутствіи соглаше",прямое название акта рядом с номером,номер статьи извлечён из OCR; сверяйте со сканом,https://ivseliv.github.io/senat/lex/#/d/1904-056,1904-056:3726-5544,https://ivseliv.github.io/senat/lex/#/d/1904-056?mode=laws&c=%D0%A3%D0%93%D0%A1&q=%D1%81%D1%82.+1566&at=3726&end=5544,true
1904-056:УГС:1567:3154,УГС ст. 1567,УГС,ст. 1567,1904-056,1904,56,3154,3162,1567 ст.,"ласно 584 ст. уст. гр. суд., обязанъ, безъ жалобъ заинтересованныхъ лицъ, возбудить вопросъ о мѣстѣ продажи и правильномъ исполненіи 1133 и 1567 ст. уст. гр. суд.; поэтому, ссылка съѣзда на пропускъ Любельскими срока въ виду несоблюденія 1204 и 1[?]05 ст. лишена законнаго основанія. Согл",прямое название акта рядом с номером,номер статьи извлечён из OCR; сверяйте со сканом,https://ivseliv.github.io/senat/lex/#/d/1904-056,1904-056:2501-4017,https://ivseliv.github.io/senat/lex/#/d/1904-056?mode=laws&c=%D0%A3%D0%93%D0%A1&q=%D1%81%D1%82.+1567&at=2501&end=4017,true
1905-089:УГС:1567:545,УГС ст. 1567,УГС,ст. 1567,1905-089,1905,89,545,553,ст. 1567,"на имя предсѣдателя съѣзда жалоба, въ которой указывалось на неправильное назначеніе продажи при мировомъ съѣздѣ. Жалоба эта, на основаніи ст. 1567 уст. гр. суд., оставлена была предсѣдателемъ съѣзда безъ послѣдствій. Постановленіе предсѣдателя было обжаловано въ съѣздъ, который, не выз",прямое название акта рядом с номером,номер статьи извлечён из OCR; сверяйте со сканом,https://ivseliv.github.io/senat/lex/#/d/1905-089,1905-089:0-1503,https://ivseliv.github.io/senat/lex/#/d/1905-089?mode=laws&c=%D0%A3%D0%93%D0%A1&q=%D1%81%D1%82.+1567&at=0&end=1503,true
1905-089:УГС:1591:5824,УГС ст. 1591,УГС,ст. 1591,1905-089,1905,89,5824,5832,ст. 1591,"узаконеній, продаются при мѣстномъ мировомъ съѣздѣ.“ При обсужденіи этой статьи, а также ст. 116 (нынѣ ст. 1491 уст. гр. суд.) и 214 (нынѣ ст. 1591), въ которыхъ также имѣлись ссылки на Высочайшій указъ 28 октября/9 ноября 1866 г., въ Государственномъ Совѣтѣ, этотъ последній нашелъ, что",прямое название акта рядом с номером,номер статьи извлечён из OCR; сверяйте со сканом,https://ivseliv.github.io/senat/lex/#/d/1905-089,1905-089:5154-6737,https://ivseliv.github.io/senat/lex/#/d/1905-089?mode=laws&c=%D0%A3%D0%93%D0%A1&q=%D1%81%D1%82.+1591&at=5154&end=6737,true
1897-025:УГС:1598:2092,УГС ст. 1598,УГС,ст. 1598,1897-025,1897,25,2092,2100,ст. 1598,"ла, изложенныя въ ст. 1222¹—1222¹⁰ уст. гр. суд., тѣмъ же закономъ 7 марта для губерній Царства Польскаго было оставлено личное задержаніе (ст. 1598 уст. гр. суд.) временно на основаніи правилъ, изложенныхъ въ статьяхъ 32—67 приложенія VIII (къ ст. 1400 уст. гр. суд.) и на основаніи 1599",прямое название акта рядом с номером,номер статьи извлечён из OCR; сверяйте со сканом,https://ivseliv.github.io/senat/lex/#/d/1897-025,1897-025:1416-3537,https://ivseliv.github.io/senat/lex/#/d/1897-025?mode=laws&c=%D0%A3%D0%93%D0%A1&q=%D1%81%D1%82.+1598&at=1416&end=3537,true
1905-001:УГС:1673:795,УГС ст. 1673,УГС,ст. 1673,1905-001,1905,1,795,803,ст. 1673,"вскаго, разрѣшенію Сената подлежитъ вопросъ: въ порядкѣ какихъ законовъ—общеимперскихъ-ли или дѣйствующихъ въ губерніяхъ Царства Польскаго (ст. 1673—1680 уст. гр. суд.)—слѣдуетъ производить освидѣтельствованіе, по причинѣ умопомѣшательства, коренныхъ жителей Имперіи, но фактически пребыв",прямое название акта рядом с номером,номер статьи извлечён из OCR; сверяйте со сканом,https://ivseliv.github.io/senat/lex/#/d/1905-001,1905-001:0-1707,https://ivseliv.github.io/senat/lex/#/d/1905-001?mode=laws&c=%D0%A3%D0%93%D0%A1&q=%D1%81%D1%82.+1673&at=0&end=1707,true
1905-001:УГС:1677:3949,УГС ст. 1677,УГС,ст. 1677,1905-001,1905,1,3949,3957,ст. 1677,"ца, о признаніи неправоспособности котораго возбуждено дѣло. Такъ, ст. 1673 уст. гр. суд. говоритъ о судѣ по мѣсту жительства этого лица, а ст. 1677 того же устава опредѣляетъ, что медицинское освидѣтельствованіе лицъ производится въ присутствіи суда, а изъ этого слѣдуетъ, что лицо свидѣ",прямое название акта рядом с номером,номер статьи извлечён из OCR; сверяйте со сканом,https://ivseliv.github.io/senat/lex/#/d/1905-001,1905-001:2843-4663,https://ivseliv.github.io/senat/lex/#/d/1905-001?mode=laws&c=%D0%A3%D0%93%D0%A1&q=%D1%81%D1%82.+1677&at=2843&end=4663,true
1905-089:УГС:169:8046,УГС ст. 169,УГС,ст. 169,1905-089,1905,89,8046,8053,Ст. 169,"новлено безъ вызова сторонъ. Между тѣмъ, согласно ст. 171 уст. гр. суд., извѣщеніе сторонъ о днѣ слушанія дѣла было обязательно для съѣзда. Ст. 169 устава, на которую сослался съѣздъ, говоритъ, что частныя жалобы разсматриваются въ мировомъ съѣздѣ безъ вызова сторонъ; но постановленіе э",прямое название акта рядом с номером,номер статьи извлечён из OCR; сверяйте со сканом,https://ivseliv.github.io/senat/lex/#/d/1905-089,1905-089:7784-9349,https://ivseliv.github.io/senat/lex/#/d/1905-089?mode=laws&c=%D0%A3%D0%93%D0%A1&q=%D1%81%D1%82.+169&at=7784&end=9349,true
1905-089:УГС:171:7956,УГС ст. 171,УГС,ст. 171,1905-089,1905,89,7956,7963,ст. 171,"опредѣленіе это постановлено безъ вызова сторонъ. Между тѣмъ, согласно ст. 171 уст. гр. суд., извѣщеніе сторонъ о днѣ слушанія дѣла было обязательно для съѣзда. Ст. 169 устава, на которую сослался съѣздъ, говоритъ, что",прямое название акта рядом с номером,номер статьи извлечён из OCR; сверяйте со сканом,https://ivseliv.github.io/senat/lex/#/d/1905-089,1905-089:6507-8045,https://ivseliv.github.io/senat/lex/#/d/1905-089?mode=laws&c=%D0%A3%D0%93%D0%A1&q=%D1%81%D1%82.+171&at=6507&end=8045,true
1897-074:УГС:1767:2538,УГС ст. 1767,УГС,ст. 1767,1897-074,1897,74,2538,2546,ст. 1767,"оли по болѣе высокой оцѣнкѣ онаго? Для разрѣшенія сего вопроса слѣдуетъ прежде всего имѣть въ виду, что въ губерніяхъ Царства Польскаго, по ст. 1767 уст. гр. суд., правила о раздѣлѣ наслѣдства, установленныя гражданскимъ кодексомъ, необязательны для гминныхъ судовъ, которые руководствуют",прямое название акта рядом с номером,номер статьи извлечён из OCR; сверяйте со сканом,https://ivseliv.github.io/senat/lex/#/d/1897-074,1897-074:1482-3043,https://ivseliv.github.io/senat/lex/#/d/1897-074?mode=laws&c=%D0%A3%D0%93%D0%A1&q=%D1%81%D1%82.+1767&at=1482&end=3043,true
1897-043:УГС:184:1998,УГС ст. 184,УГС,ст. 184,1897-043,1897,43,1998,2005,ст. 184,"требованія истца. Приэтомъ по терминологіи, принятой еще въ законахъ о судопроизводствѣ и взысканіяхъ гражданскихъ (2 ч. X т. изд. 1876 г. ст. 184, 221) и перешедшей безъ измѣненія въ уставъ гражданскаго судопроизводства, встрѣчными называются только иски отвѣтчиковъ къ истцамъ (мотивы",прямое название акта рядом с номером,номер статьи извлечён из OCR; сверяйте со сканом,https://ivseliv.github.io/senat/lex/#/d/1897-043,1897-043:1457-3062,https://ivseliv.github.io/senat/lex/#/d/1897-043?mode=laws&c=%D0%A3%D0%93%D0%A1&q=%D1%81%D1%82.+184&at=1457&end=3062,true
1897-059:УГС:185:1307,УГС ст. 185,УГС,ст. 185,1897-059,1897,59,1307,1314,ст. 185,"указывая на то, что означеннымъ рѣшеніемъ нарушаются права его довѣрителя, въ дѣлѣ не участвовавшаго, просилъ мировой съѣздъ, на основаніи ст. 185 и 188 уст. гр. суд., рѣшеніе мирового судьи отмѣнить и дѣло передать на разсмотрѣніе въ другой судебный мировой участокъ. Уфимскій",прямое название акта рядом с номером,номер статьи извлечён из OCR; сверяйте со сканом,https://ivseliv.github.io/senat/lex/#/d/1897-059,1897-059:0-1445,https://ivseliv.github.io/senat/lex/#/d/1897-059?mode=laws&c=%D0%A3%D0%93%D0%A1&q=%D1%81%D1%82.+185&at=0&end=1445,true
1897-074:УГС:186:7156,УГС ст. 186,УГС,ст. 186,1897-074,1897,74,7156,7163,ст. 186,"ъ отступленія отъ первоначальнаго требованія. По симъ соображеніямъ, Правительствующій Сенатъ опредѣляетъ: жалобу Екатерины Куронь, по силѣ ст. 186 уст. гр. суд., оставить безъ послѣдствій.",прямое название акта рядом с номером,номер статьи извлечён из OCR; сверяйте со сканом,https://ivseliv.github.io/senat/lex/#/d/1897-074,1897-074:5033-7205,https://ivseliv.github.io/senat/lex/#/d/1897-074?mode=laws&c=%D0%A3%D0%93%D0%A1&q=%D1%81%D1%82.+186&at=5033&end=7205,true
1897-089:УГС:186:12366,УГС ст. 186,УГС,ст. 186,1897-089,1897,89,12366,12373,ст. 186,"анныхъ въ кассаціонной жалобѣ статей закона освободилъ отъ описи и продажи два мѣста въ молитвенномъ домѣ въ г. Переяславѣ и руководствуясь ст. 186 уст. гр. суд.,—Правительствующій Сенатъ опредѣляетъ: жалобу мѣщанина Янкеля Тумаркина на опредѣленіе Лубенскаго окружнаго суда 25 апрѣля 18",прямое название акта рядом с номером,номер статьи извлечён из OCR; сверяйте со сканом,https://ivseliv.github.io/senat/lex/#/d/1897-089,1897-089:10933-12547,https://ivseliv.github.io/senat/lex/#/d/1897-089?mode=laws&c=%D0%A3%D0%93%D0%A1&q=%D1%81%D1%82.+186&at=10933&end=12547,true
1904-075:УГС:186:7170,УГС ст. 186,УГС,ст. 186,1904-075,1904,75,7170,7177,ст. 186,"ются окончательными и всѣ безъ изъятій подлежатъ обжалованію по существу съѣздамъ мировыхъ судей, на окончательныя опредѣленія которыхъ, по ст. 186 и 189 уст. гр. суд., могутъ быть приносимы кассаціонныя жалобы Правительствующему Сенату. Переходя, засимъ, къ разсмотрѣнію кассаціонной жа",прямое название акта рядом с номером,номер статьи извлечён из OCR; сверяйте со сканом,https://ivseliv.github.io/senat/lex/#/d/1904-075,1904-075:5802-7529,https://ivseliv.github.io/senat/lex/#/d/1904-075?mode=laws&c=%D0%A3%D0%93%D0%A1&q=%D1%81%D1%82.+186&at=5802&end=7529,true
1897-073:УГС:187:2325,УГС ст. 187,УГС,ст. 187,1897-073,1897,73,2325,2332,ст. 187,"нной вещи денегъ съ лица, получившаго вещь обратно,—Правительствующій Сенатъ опредѣляетъ: просьбу коллежскаго секретаря Степанова, за силою ст. 187 уст. гр. суд., оставить безъ послѣдствій.",прямое название акта рядом с номером,номер статьи извлечён из OCR; сверяйте со сканом,https://ivseliv.github.io/senat/lex/#/d/1897-073,1897-073:1030-2374,https://ivseliv.github.io/senat/lex/#/d/1897-073?mode=laws&c=%D0%A3%D0%93%D0%A1&q=%D1%81%D1%82.+187&at=1030&end=2374,true
1904-017:УГС:1899:2964,УГС ст. 1899,УГС,ст. 1899,1904-017,1904,17,2964,2972,ст. 1899,"о кредитора массы не устраняется также и въ случаяхъ ходатайствъ о внѣ-конкурсномъ удовлетвореніи претензіи кредитора (ст. 14 и 22 прил. къ ст. 1899 уст. гр. суд.), такъ какъ по свойству своему нѣкоторыя изъ требованій кредиторовъ не только не осуществляются иначе, какъ путемъ иска (ст.",прямое название акта рядом с номером,номер статьи извлечён из OCR; сверяйте со сканом,https://ivseliv.github.io/senat/lex/#/d/1904-017,1904-017:1523-3471,https://ivseliv.github.io/senat/lex/#/d/1904-017?mode=laws&c=%D0%A3%D0%93%D0%A1&q=%D1%81%D1%82.+1899&at=1523&end=3471,true
1904-108:УГС:1899:644,УГС ст. 1899,УГС,ст. 1899,1904-108,1904,108,644,652,ст. 1899,"ошеніе, въ которомъ жаловался на допущеніе въ общее собраніе для выбора кураторовъ лицъ съ претензіями, пользующимися, по 22 ст. прилож. къ ст. 1899 уст. гр. суд., правомъ отдѣльнаго отъ конкурснаго производства удовлетворенія, и просилъ произведенные выборы признать неправильными и не п",прямое название акта рядом с номером,номер статьи извлечён из OCR; сверяйте со сканом,https://ivseliv.github.io/senat/lex/#/d/1904-108,1904-108:0-1936,https://ivseliv.github.io/senat/lex/#/d/1904-108?mode=laws&c=%D0%A3%D0%93%D0%A1&q=%D1%81%D1%82.+1899&at=0&end=1936,true
1905-019:УГС:19:4456,УГС ст. 19,УГС,ст. 19,1905-019,1905,19,4456,4462,ст. 19,"ѣны личности и ея правъ, которыя предвидѣны въ законѣ для несовершеннолѣтнихъ и другихъ лицъ, ограниченныхъ въ своихъ гражданскихъ правахъ (ст. 19, 20 и 21 уст. гр. суд.); 4) очевидно, такого значенія ордеръ совѣта не имѣетъ и не лишаетъ просителя права ограничить предѣлы его порученія",прямое название акта рядом с номером,номер статьи извлечён из OCR; сверяйте со сканом,https://ivseliv.github.io/senat/lex/#/d/1905-019,1905-019:4054-5813,https://ivseliv.github.io/senat/lex/#/d/1905-019?mode=laws&c=%D0%A3%D0%93%D0%A1&q=%D1%81%D1%82.+19&at=4054&end=5813,true
1897-087:УГС:194:5699,УГС ст. 194,УГС,ст. 194,1897-087,1897,87,5699,5706,ст. 194,"Правительствующій Сенатъ опредѣляетъ: рѣшеніе мирового съѣзда 1 окр. Ломжинской губерніи отмѣнить по нарушенію ст. 751, 753 и 754 гр. код., ст. 194, 207, 209 и 232 гр. ул. и ст. 142 п. 4 уст. гр. суд. и дѣло, для новаго разсмотрѣнія, передать въ мировой съѣздъ 2 округа той-же губерніи.",прямое название акта рядом с номером,номер статьи извлечён из OCR; сверяйте со сканом,https://ivseliv.github.io/senat/lex/#/d/1897-087,1897-087:4172-5845,https://ivseliv.github.io/senat/lex/#/d/1897-087?mode=laws&c=%D0%A3%D0%93%D0%A1&q=%D1%81%D1%82.+194&at=4172&end=5845,true
1904-006:УГС:2:1561,УГС ст. 2,УГС,ст. 2,1904-006,1904,6,1561,1566,ст. 2,"ецъ вынужденъ ходатайствовать о вымежеваніи спадающихъ на его часть изъ общаго владѣнія земель судебнымъ порядкомъ, а потому и имѣя въ виду ст. 2, 4, 6 прилож. I къ ст. 1400 уст. гр. суд., повѣренный истца, предъявляя настоящій искъ въ порядкѣ судебно-межеваго разбирательства, просилъ",прямое название акта рядом с номером,номер статьи извлечён из OCR; сверяйте со сканом,https://ivseliv.github.io/senat/lex/#/d/1904-006,1904-006:0-1747,https://ivseliv.github.io/senat/lex/#/d/1904-006?mode=laws&c=%D0%A3%D0%93%D0%A1&q=%D1%81%D1%82.+2&at=0&end=1747,true
1905-034:УГС:20:1072,УГС ст. 20,УГС,ст. 20,1905-034,1905,34,1072,1078,ст. 20,"вѣтчиковъ 440 руб. и судебныя издержки. Въ кассаціонной жалобѣ отвѣтчики, указывая, между прочимъ, на то, что настоящій искъ, согласно 1 п. ст. 20 прав. о произв. суд. дѣлъ, какъ вытекающій изъ найма земельныхъ угодій и не превышающій 500 руб., подсуденъ земскому начальнику, а не уѣздн",акт определён по контексту решения,номер статьи извлечён из OCR; сверяйте со сканом,https://ivseliv.github.io/senat/lex/#/d/1905-034,1905-034:0-1438,https://ivseliv.github.io/senat/lex/#/d/1905-034?mode=laws&c=%D0%A3%D0%93%D0%A1&q=%D1%81%D1%82.+20&at=0&end=1438,true
1904-114:УГС:202:5085,УГС ст. 202,УГС,ст. 202,1904-114,1904,114,5085,5092,ст. 202,"тихъ статей, въ особенности же при сопоставленіи ихъ съ правилами, опредѣляющими порядокъ исчисленія подлежащей взысканію судебной пошлины (ст. 202 и 851 уст. гр. суд.), усматривается, что цѣна иска должна находиться въ строгомъ соотвѣтствіи съ цѣнностью отыскиваемаго или оспариваемаго",прямое название акта рядом с номером,номер статьи извлечён из OCR; сверяйте со сканом,https://ivseliv.github.io/senat/lex/#/d/1904-114,1904-114:4673-6432,https://ivseliv.github.io/senat/lex/#/d/1904-114?mode=laws&c=%D0%A3%D0%93%D0%A1&q=%D1%81%D1%82.+202&at=4673&end=6432,true
1905-001:УГС:204:2103,УГС ст. 204,УГС,ст. 204,1905-001,1905,1,2103,2110,ст. 204,"оренньмъ жителемъ (мѣсту водворенія), ни къ его постоянному мѣсту жительства, съ которымъ его связываютъ главнѣйшіе имущественные интересы (ст. 204 уст. гр. суд.). На основаніи ст. 1673 уст. гр. суд., просьба о признаніи лица состоящимъ подъ законнымъ прещеніемъ подается въ окружный суд",прямое название акта рядом с номером,номер статьи извлечён из OCR; сверяйте со сканом,https://ivseliv.github.io/senat/lex/#/d/1905-001,1905-001:1417-3105,https://ivseliv.github.io/senat/lex/#/d/1905-001?mode=laws&c=%D0%A3%D0%93%D0%A1&q=%D1%81%D1%82.+204&at=1417&end=3105,true
1897-010:УГС:2079:5512,УГС ст. 2079,УГС,ст. 2079,1897-010,1897,10,5512,5520,ст. 2079,"настоящаго дѣла, обсужденію его подлежитъ вопросъ о томъ, должны-ли быть заявляемы производящему вызовъ суду подъ опасеніемъ утраты права (ст. 2079 и 2080 уст. гр. суд.) такія претензіи кредиторовъ наслѣдственной массы, которыя присуждены состоявшимися въ другихъ судахъ рѣшеніями, и по",прямое название акта рядом с номером,номер статьи извлечён из OCR; сверяйте со сканом,https://ivseliv.github.io/senat/lex/#/d/1897-010,1897-010:4348-6178,https://ivseliv.github.io/senat/lex/#/d/1897-010?mode=laws&c=%D0%A3%D0%93%D0%A1&q=%D1%81%D1%82.+2079&at=4348&end=6178,true
1897-010:УГС:2080:3129,УГС ст. 2080,УГС,ст. 2080,1897-010,1897,10,3129,3137,2080 ст.,"влены въ срокъ вызова. Вызовъ не распространяется на требованія, которыя еще раньше вызова были заявлены суду и имѣлись въ виду его (2079 и 2080 ст. уст. гр. суд.). Разумѣется, что только тѣ кредиторы освобождены отъ заявленія своихъ требованій суду, производящему вызовъ, которые тому же",прямое название акта рядом с номером,номер статьи извлечён из OCR; сверяйте со сканом,https://ivseliv.github.io/senat/lex/#/d/1897-010,1897-010:1533-3153,https://ivseliv.github.io/senat/lex/#/d/1897-010?mode=laws&c=%D0%A3%D0%93%D0%A1&q=%D1%81%D1%82.+2080&at=1533&end=3153,true
1905-097:УГС:210:4552,УГС ст. 210,УГС,ст. 210,1905-097,1905,97,4552,4559,ст. 210,"ія его истецъ не могъ получить свѣдѣній ни въ принадлежащемъ ему имѣніи, по мѣсту положенія котораго долженъ быть предъявленъ въ судѣ искъ (ст. 210 уст. гр. суд.), ни въ мѣстѣ послѣдняго его жительства. Замѣнить вызовъ черезъ публикацію просьбою о признаніи отвѣтчика по правиламъ ст. 14",прямое название акта рядом с номером,номер статьи извлечён из OCR; сверяйте со сканом,https://ivseliv.github.io/senat/lex/#/d/1905-097,1905-097:2950-4614,https://ivseliv.github.io/senat/lex/#/d/1905-097?mode=laws&c=%D0%A3%D0%93%D0%A1&q=%D1%81%D1%82.+210&at=2950&end=4614,true
1904-017:УГС:22:3379,УГС ст. 22,УГС,ст. 22,1904-017,1904,17,3379,3385,ст. 22,"ать спору въ отношеніи самой принадлежности ихъ къ разряду требованій, пользующихся отдѣльнымъ удовлетвореніемъ, какъ по своему содержанію (ст. 22 прил.), такъ и по несоблюденію другихъ, указанныхъ въ законѣ, условій (ст. 23 прил.). Затѣмъ, само собою разумѣется, что никакихъ препятств",акт определён по контексту решения,номер статьи извлечён из OCR; сверяйте со сканом,https://ivseliv.github.io/senat/lex/#/d/1904-017,1904-017:1523-3471,https://ivseliv.github.io/senat/lex/#/d/1904-017?mode=laws&c=%D0%A3%D0%93%D0%A1&q=%D1%81%D1%82.+22&at=1523&end=3471,true
1905-044:УГС:22:6012,УГС ст. 22,УГС,ст. 22,1905-044,1905,44,6012,6018,22 ст.,"лжника, замѣняя его по всѣмъ дѣламъ, поступившимъ въ ея распоряженіе (рѣш. гр. касс. деп. 1878 г. № 264), и къ ней же, на точномъ основаніи 22 ст. уст. гр. суд., переходитъ право искать и отвѣчать на судѣ за должника (рѣш. гр. касс. деп. 1901 г. № 101). Изложенное приводитъ къ заключен",прямое название акта рядом с номером,номер статьи извлечён из OCR; сверяйте со сканом,https://ivseliv.github.io/senat/lex/#/d/1905-044,1905-044:4526-6125,https://ivseliv.github.io/senat/lex/#/d/1905-044?mode=laws&c=%D0%A3%D0%93%D0%A1&q=%D1%81%D1%82.+22&at=4526&end=6125,true
1897-087:УГС:232:1570,УГС ст. 232,УГС,ст. 232,1897-087,1897,87,1570,1577,ст. 232,"о „исключается примѣненіемъ ст. 754“. Въ присужде- ніи просительницѣ 1/2 имущества Григорія Пивоварскаго въ пожизненное пользованіе по силѣ ст. 232 гр. улож. 1825 г. мировой съѣздъ отказалъ на томъ основаніи, что порядокъ наслѣдованія, указанный въ этомъ законѣ, могъ существовать для пр",акт определён по контексту решения,номер статьи извлечён из OCR; сверяйте со сканом,https://ivseliv.github.io/senat/lex/#/d/1897-087,1897-087:1226-2972,https://ivseliv.github.io/senat/lex/#/d/1897-087?mode=laws&c=%D0%A3%D0%93%D0%A1&q=%D1%81%D1%82.+232&at=1226&end=2972,true
1905-016:УГС:234:2027,УГС ст. 234,УГС,ст. 234,1905-016,1905,16,2027,2034,ст. 234,"авить самую книгу при себѣ въ силу устава торговаго; 7) что ссылка просителя на ст. 258 и 259 уст. суд. торг. изд. 1893 г. (по изд. 1903 г. ст. 234 и 235) и на ст. 449 уст. гр. суд. можетъ вызвать лишь указаніе на то, что съ передачей кредиторомъ своего права третьему лицу, когда по зак",прямое название акта рядом с номером,номер статьи извлечён из OCR; сверяйте со сканом,https://ivseliv.github.io/senat/lex/#/d/1905-016,1905-016:1425-2835,https://ivseliv.github.io/senat/lex/#/d/1905-016?mode=laws&c=%D0%A3%D0%93%D0%A1&q=%D1%81%D1%82.+234&at=1425&end=2835,true
1904-087:УГС:250:6439,УГС ст. 250,УГС,ст. 250,1904-087,1904,87,6439,6446,ст. 250,"представленія довѣренности въ тѣхъ случаяхъ, когда законъ предписываетъ, чтобы особое полномочіе было выражено въ довѣренности повѣреннаго (ст. 250 уст. гр. суд.),—то такимъ представителемъ онъ является и по отношенію къ посторонимъ лицамъ, вступающимъ съ фирмою въ договоры. Въ частност",прямое название акта рядом с номером,номер статьи извлечён из OCR; сверяйте со сканом,https://ivseliv.github.io/senat/lex/#/d/1904-087,1904-087:5001-6574,https://ivseliv.github.io/senat/lex/#/d/1904-087?mode=laws&c=%D0%A3%D0%93%D0%A1&q=%D1%81%D1%82.+250&at=5001&end=6574,true
1905-008:УГС:250:1274,УГС ст. 250,УГС,ст. 250,1905-008,1905,8,1274,1281,ст. 250,"ьскія обязанности—каковымъ является тайный совѣтникъ Плющевскій-Плющикъ—право принесенія кассаціонной жалобы на рѣшеніе судебной палаты? Въ ст. 250 уст. гр. суд. говорится, что „предоставленіе права принести апелляціонную жалобу, ходатайствовать объ отмѣнѣ рѣшенія, вступившаго въ законн",прямое название акта рядом с номером,номер статьи извлечён из OCR; сверяйте со сканом,https://ivseliv.github.io/senat/lex/#/d/1905-008,1905-008:0-2227,https://ivseliv.github.io/senat/lex/#/d/1905-008?mode=laws&c=%D0%A3%D0%93%D0%A1&q=%D1%81%D1%82.+250&at=0&end=2227,true
1904-079:УГС:256:9951,УГС ст. 256,УГС,ст. 256,1904-079,1904,79,9951,9958,ст. 256,"ражданскаго судопроизводства дозволяетъ исправлять до наступленія извѣстнаго момента для предупрежденія потери тяжущеюся стороною ея правъ (ст. 256, 756 уст. гр. суд.), а въ случаяхъ, подобныхъ настоящему,—до постановленія судомъ опредѣленія о послѣдствіяхъ торговъ; 3) торги на имѣніе Б",прямое название акта рядом с номером,номер статьи извлечён из OCR; сверяйте со сканом,https://ivseliv.github.io/senat/lex/#/d/1904-079,1904-079:9419-11113,https://ivseliv.github.io/senat/lex/#/d/1904-079?mode=laws&c=%D0%A3%D0%93%D0%A1&q=%D1%81%D1%82.+256&at=9419&end=11113,true
1905-090:УГС:258:654,УГС ст. 258,УГС,ст. 258,1905-090,1905,90,654,661,258 ст.,"орогъ подалъ въ Шавельскій мировой съѣздъ апелляціонную жалобу и въ засѣданіи съѣзда заявилъ, что настоящій искъ предъявленъ съ нарушеніемъ 258 ст. уст. гр. суд., такъ какъ искъ состоитъ изъ механически соединенныхъ 9-ти договоровъ о перевозкѣ грузовъ, при чемъ сущность требованій по ка",прямое название акта рядом с номером,номер статьи извлечён из OCR; сверяйте со сканом,https://ivseliv.github.io/senat/lex/#/d/1905-090,1905-090:0-1856,https://ivseliv.github.io/senat/lex/#/d/1905-090?mode=laws&c=%D0%A3%D0%93%D0%A1&q=%D1%81%D1%82.+258&at=0&end=1856,true
1897-010:УГС:2597:6868,УГС ст. 2597,УГС,ст. 2597,1897-010,1897,10,6868,6876,ст. 2597,"ще имѣ- етъ въ виду вызовъ лицъ неизвѣстныхъ тому, кто проситъ о вызовѣ съ цѣлью охраненія при содѣйствіи суда правъ этого послѣдняго лица (ст. 2597, 2619, 2451, 2452, 2538, 2576, 1649 и 1428). Сообразно съ симъ въ ст. 2080 уст. гр. суд. постановлено, что дѣйствіе вызова не распространяе",прямое название акта рядом с номером,номер статьи извлечён из OCR; сверяйте со сканом,https://ivseliv.github.io/senat/lex/#/d/1897-010,1897-010:5906-7292,https://ivseliv.github.io/senat/lex/#/d/1897-010?mode=laws&c=%D0%A3%D0%93%D0%A1&q=%D1%81%D1%82.+2597&at=5906&end=7292,true
1897-040:УГС:265:944,УГС ст. 265,УГС,ст. 265,1897-040,1897,40,944,951,ст. 265,"Гражд. 1897 г. 9 судебныхъ установленіяхъ (ст. 265 уст. гр. суд.), а также и прочія должностныя лица судебнаго вѣдомства, при подачѣ и присылкѣ имъ по почтѣ прошеній, жалобъ и другихъ докуме",прямое название акта рядом с номером,номер статьи извлечён из OCR; сверяйте со сканом,https://ivseliv.github.io/senat/lex/#/d/1897-040,1897-040:0-1658,https://ivseliv.github.io/senat/lex/#/d/1897-040?mode=laws&c=%D0%A3%D0%93%D0%A1&q=%D1%81%D1%82.+265&at=0&end=1658,true
1897-040:УГС:269:1321,УГС ст. 269,УГС,ст. 269,1897-040,1897,40,1321,1328,ст. 269,"платы листовъ простой бумаги гербовымъ сборомъ соотвѣтственно съ размѣромъ листовъ казенной простой гербовой бумаги, обязаны примѣнять 2 п. ст. 269 уст. гр. суд., т. е. оставлять поданныя или присланныя по почтѣ прошенія, жалобы и другіе документы и бумаги безъ движенія. Руководствуясь",прямое название акта рядом с номером,номер статьи извлечён из OCR; сверяйте со сканом,https://ivseliv.github.io/senat/lex/#/d/1897-040,1897-040:0-1658,https://ivseliv.github.io/senat/lex/#/d/1897-040?mode=laws&c=%D0%A3%D0%93%D0%A1&q=%D1%81%D1%82.+269&at=0&end=1658,true
1904-087:УГС:27:6154,УГС ст. 27,УГС,ст. 27,1904-087,1904,87,6154,6160,ст. 27,"; всѣ же другія разнаго рода общества, товарищества и компаніи не иначе могутъ искать и отвѣчать на судѣ, какъ въ лицѣ особаго повѣреннаго (ст. 27 уст. гр. суд.). Если уполномоченный управлять дѣлами фирмы признается на судѣ полноправнымъ представителемъ фирмы и отъ него не требуется п",прямое название акта рядом с номером,номер статьи извлечён из OCR; сверяйте со сканом,https://ivseliv.github.io/senat/lex/#/d/1904-087,1904-087:5001-6574,https://ivseliv.github.io/senat/lex/#/d/1904-087?mode=laws&c=%D0%A3%D0%93%D0%A1&q=%D1%81%D1%82.+27&at=5001&end=6574,true
1905-001:УГС:27:1727,УГС ст. 27,УГС,ст. 27,1905-001,1905,1,1727,1733,ст. 27,"ст. 489—521 гражданскаго уложенія Царства Польскаго 1825 г., касающихся законнаго прещенія и ограниченія дѣеспособности. Изъ точнаго смысла ст. 27 уст. особ. произ. (ст. 1673 уст. гр. суд.) видно, что возможность принятія мѣръ къ охранѣ личности и имущества лица, подвергшагося разстрой",прямое название акта рядом с номером,номер статьи извлечён из OCR; сверяйте со сканом,https://ivseliv.github.io/senat/lex/#/d/1905-001,1905-001:1417-3105,https://ivseliv.github.io/senat/lex/#/d/1905-001?mode=laws&c=%D0%A3%D0%93%D0%A1&q=%D1%81%D1%82.+27&at=1417&end=3105,true
1905-079:УГС:27:1821,УГС ст. 27,УГС,ст. 27,1905-079,1905,79,1821,1827,ст. 27,"овъ“, въ виду ст. 389 учр. суд. уст., не даетъ ему права вести въ судебныхъ установленіяхъ по довѣренностямъ банка дѣла сего послѣдняго. По ст. 27 уст. гр. суд., всѣ (за исключеніемъ указанныхъ въ предыдущей 26 ст.) разнаго рода общества, товарищества и компаніи, а слѣдовательно и горо",прямое название акта рядом с номером,номер статьи извлечён из OCR; сверяйте со сканом,https://ivseliv.github.io/senat/lex/#/d/1905-079,1905-079:1568-3041,https://ivseliv.github.io/senat/lex/#/d/1905-079?mode=laws&c=%D0%A3%D0%93%D0%A1&q=%D1%81%D1%82.+27&at=1568&end=3041,true
1897-055:УГС:270:2030,УГС ст. 270,УГС,ст. 270,1897-055,1897,55,2030,2037,ст. 270,"ыполненіемъ сего требованія въ установленный срокъ, Эйзенбергу совершенно правильно было возвращено его исковое прошеніе съ приложеніями по ст. 270 уст. гр. суд. Въ кассаціонной жалобѣ Эйзенбергъ, указывая на неправильное истолкованіе палатою законовъ, ходатайствуетъ объ отмѣнѣ опредѣле",прямое название акта рядом с номером,номер статьи извлечён из OCR; сверяйте со сканом,https://ivseliv.github.io/senat/lex/#/d/1897-055,1897-055:0-2051,https://ivseliv.github.io/senat/lex/#/d/1897-055?mode=laws&c=%D0%A3%D0%93%D0%A1&q=%D1%81%D1%82.+270&at=0&end=2051,true
1904-038:УГС:273:1806,УГС ст. 273,УГС,ст. 273,1904-038,1904,38,1806,1813,273 ст.,"подсудность его мировымъ судебнымъ установленіямъ въ силу 1 п. 29 ст. уст. гр. суд., такъ какъ, при опредѣленіи цѣны иска на основаніи 1 п. 273 ст. того же устава, цѣна эта превышаетъ 500 руб., ибо 6°/₀ на 480 р. съ 12 марта 1899 г. по 10 іюня 1900 года (день предъявленія иска) составля",прямое название акта рядом с номером,номер статьи извлечён из OCR; сверяйте со сканом,https://ivseliv.github.io/senat/lex/#/d/1904-038,1904-038:1440-2925,https://ivseliv.github.io/senat/lex/#/d/1904-038?mode=laws&c=%D0%A3%D0%93%D0%A1&q=%D1%81%D1%82.+273&at=1440&end=2925,true
1904-042:УГС:273:10656,УГС ст. 273,УГС,ст. 273,1904-042,1904,42,10656,10663,ст. 273,"ніи съ истицы исковой пошлины 949 р., по нарушенію ст. 1077 и 915 т. X ч. 1, конвенціи Россіи съ Франціею о наслѣдствахъ 20 марта 1874 г. и ст. 273, 274 и 849 уст. гр. суд. Противъ кассаціонной жалобы повѣренныхъ отвѣтчицы, повѣренные истицы, присяжные повѣренные Кейзеръ и Геннертъ, пре",прямое название акта рядом с номером,номер статьи извлечён из OCR; сверяйте со сканом,https://ivseliv.github.io/senat/lex/#/d/1904-042,1904-042:9293-10833,https://ivseliv.github.io/senat/lex/#/d/1904-042?mode=laws&c=%D0%A3%D0%93%D0%A1&q=%D1%81%D1%82.+273&at=9293&end=10833,true
1904-042:УГС:274:2634,УГС ст. 274,УГС,ст. 274,1904-042,1904,42,2634,2641,274 ст.,"ваніи. При этомъ окружный судъ признать, что, въ виду предъявленія спора противъ оцѣнки иска истцомъ въ 19821 р. и по соображенію, согласно 274 ст. уст. гр. суд., этой оцѣнки съ казенною по табели, цѣна иска должна быть опредѣлена въ 209614 р. 48 коп., съ каковой суммы подлежитъ ко взыс",прямое название акта рядом с номером,номер статьи извлечён из OCR; сверяйте со сканом,https://ivseliv.github.io/senat/lex/#/d/1904-042,1904-042:1518-3004,https://ivseliv.github.io/senat/lex/#/d/1904-042?mode=laws&c=%D0%A3%D0%93%D0%A1&q=%D1%81%D1%82.+274&at=1518&end=3004,true
1897-079:УГС:29:1124,УГС ст. 29,УГС,ст. 29,1897-079,1897,79,1124,1130,29 ст.,"ше запахать и обсѣменить оную, изъ чего слѣдуетъ, что никто изъ тяжущихся не владѣлъ спорною землею болѣе полугода, какъ того требуетъ 4 п. 29 ст. уст. гр. суд., ибо по ст. 525—592 зак. гр. 1 ч. X т. незаконное владѣніе, основанное на захватѣ имущества отвѣтчика, охраняется мировымъ су",прямое название акта рядом с номером,номер статьи извлечён из OCR; сверяйте со сканом,https://ivseliv.github.io/senat/lex/#/d/1897-079,1897-079:0-1721,https://ivseliv.github.io/senat/lex/#/d/1897-079?mode=laws&c=%D0%A3%D0%93%D0%A1&q=%D1%81%D1%82.+29&at=0&end=1721,true
1904-038:УГС:29:1729,УГС ст. 29,УГС,ст. 29,1904-038,1904,38,1729,1735,29 ст.,"атежа; 2) что формулированный въ таком видѣ искъ, по суммѣ своей, превышаетъ подсудность его мировымъ судебнымъ установленіямъ въ силу 1 п. 29 ст. уст. гр. суд., такъ какъ, при опредѣленіи цѣны иска на основаніи 1 п. 273 ст. того же устава, цѣна эта превышаетъ 500 руб., ибо 6°/₀ на 480",прямое название акта рядом с номером,номер статьи извлечён из OCR; сверяйте со сканом,https://ivseliv.github.io/senat/lex/#/d/1904-038,1904-038:1440-2925,https://ivseliv.github.io/senat/lex/#/d/1904-038?mode=laws&c=%D0%A3%D0%93%D0%A1&q=%D1%81%D1%82.+29&at=1440&end=2925,true
1904-114:УГС:29:10112,УГС ст. 29,УГС,ст. 29,1904-114,1904,114,10112,10118,29 ст.,"о рѣшенія усматривается, что сумма означенныхъ платежей превышаетъ 500 руб., и потому съѣздъ мировыхъ судей допустилъ прямое нарушеніе 1 п. 29 ст. уст. гр. суд., отвергнувъ заявленный отвѣтчицею отводъ о неподсудности дѣла мировымъ судебнымъ установленіямъ. Вслѣдствіе изложеннаго, Прав",прямое название акта рядом с номером,номер статьи извлечён из OCR; сверяйте со сканом,https://ivseliv.github.io/senat/lex/#/d/1904-114,1904-114:9064-10443,https://ivseliv.github.io/senat/lex/#/d/1904-114?mode=laws&c=%D0%A3%D0%93%D0%A1&q=%D1%81%D1%82.+29&at=9064&end=10443,true
1905-034:УГС:29:1307,УГС ст. 29,УГС,ст. 29,1905-034,1905,34,1307,1313,ст. 29,"500 руб., подсуденъ земскому начальнику, а не уѣздному члену суда, ходатайствуютъ объ отмѣнѣ рѣшенія окружнаго суда по нарушенію прим. 1 къ ст. 29 уст. гр. суд., а также по нарушенію ст. 69 (п. 3), 105, 129, 142, 143 и 332 того-же устава и 570 и 684 т. X ч. 1 зак. гражд.",прямое название акта рядом с номером,номер статьи извлечён из OCR; сверяйте со сканом,https://ivseliv.github.io/senat/lex/#/d/1905-034,1905-034:0-1438,https://ivseliv.github.io/senat/lex/#/d/1905-034?mode=laws&c=%D0%A3%D0%93%D0%A1&q=%D1%81%D1%82.+29&at=0&end=1438,true
1905-097:УГС:293:4101,УГС ст. 293,УГС,ст. 293,1905-097,1905,97,4101,4108,ст. 293,"нія его имущества, оно не въ правѣ, такъ какъ для вызова въ судъ отвѣтчиковъ, находящихся въ безвѣстномъ отсутствіи, установленъ въ законѣ (ст. 293 уст. гр. суд.) особый способъ—публикація въ вѣдомостяхъ. Слѣдуетъ замѣтить, что въ ст. 293 уст. гр. суд. публикація установлена для вызова",прямое название акта рядом с номером,номер статьи извлечён из OCR; сверяйте со сканом,https://ivseliv.github.io/senat/lex/#/d/1905-097,1905-097:2950-4614,https://ivseliv.github.io/senat/lex/#/d/1905-097?mode=laws&c=%D0%A3%D0%93%D0%A1&q=%D1%81%D1%82.+293&at=2950&end=4614,true
1904-072:УГС:3:3554,УГС ст. 3,УГС,ст. 3,1904-072,1904,72,3554,3559,ст. 3,"сь болѣе двухъ третей явившихся кредиторовъ, то судъ не въ правѣ игнорировать этого ихъ желанія (ср. ст. 544, 545 уст. о торг. несостоят. и ст. 3 прил. III къ ст. 1400 (прим.) уст. гр. суд.); но если между ними по изложенному вопросу существуетъ разногласіе, которое разрѣшается лишь п",прямое название акта рядом с номером,номер статьи извлечён из OCR; сверяйте со сканом,https://ivseliv.github.io/senat/lex/#/d/1904-072,1904-072:2975-4984,https://ivseliv.github.io/senat/lex/#/d/1904-072?mode=laws&c=%D0%A3%D0%93%D0%A1&q=%D1%81%D1%82.+3&at=2975&end=4984,true
1904-105:УГС:3:3537,УГС ст. 3,УГС,ст. 3,1904-105,1904,105,3537,3542,ст. 3,"мъ старшимъ нотаріусомъ, составляются съ соблюденіемъ существующихъ на сей предметъ постановленій (уст. гр. суд. ст. 618; пол. о взыск. гр. ст. 3, 9, 10 (прил.), 12, 13, 27 и др.) и нижеслѣдующихъ правилъ. Эта же статья закона приведена какъ въ 1 п. прил. къ ст. 154 (п. 5) пол. о нота",прямое название акта рядом с номером,номер статьи извлечён из OCR; сверяйте со сканом,https://ivseliv.github.io/senat/lex/#/d/1904-105,1904-105:2923-4346,https://ivseliv.github.io/senat/lex/#/d/1904-105?mode=laws&c=%D0%A3%D0%93%D0%A1&q=%D1%81%D1%82.+3&at=2923&end=4346,true
1897-009:УГС:300:16144,УГС ст. 300,УГС,ст. 300,1897-009,1897,9,16144,16151,ст. 300,"й Сенатъ находитъ, что въ тѣхъ случаяхъ, когда къ установленному закономъ сроку причисляется для отсутствующихъ тяжущихся срокъ поверстный (ст. 300 уст. гр. суд.), слѣдуетъ признать, что срокъ, отъ котораго зависитъ право тяжущагося, истекаетъ въ послѣдній день поверстнаго срока (ст. 82",прямое название акта рядом с номером,номер статьи извлечён из OCR; сверяйте со сканом,https://ivseliv.github.io/senat/lex/#/d/1897-009,1897-009:15381-17301,https://ivseliv.github.io/senat/lex/#/d/1897-009?mode=laws&c=%D0%A3%D0%93%D0%A1&q=%D1%81%D1%82.+300&at=15381&end=17301,true
1897-070:УГС:339:3676,УГС ст. 339,УГС,ст. 339,1897-070,1897,70,3676,3683,ст. 339,"частную жалобу Гдаля Пиниса оставить безъ послѣдствій. Въ кассаціонной на это опредѣленіе жалобѣ проситель указываетъ на нарушеніе съѣздомъ ст. 339, 1051, 1170 (п. 1) и 1180 (п. 3) уст. гр. суд.",прямое название акта рядом с номером,номер статьи извлечён из OCR; сверяйте со сканом,https://ivseliv.github.io/senat/lex/#/d/1897-070,1897-070:3138-4845,https://ivseliv.github.io/senat/lex/#/d/1897-070?mode=laws&c=%D0%A3%D0%93%D0%A1&q=%D1%81%D1%82.+339&at=3138&end=4845,true
1897-093:УГС:339:7682,УГС ст. 339,УГС,ст. 339,1897-093,1897,93,7682,7689,ст. 339,"атайствуютъ объ отмѣнѣ этого рѣшенія, по нарушенію ст. 60, 61, 65 законовъ основныхъ томъ I, 109, 420, прил. къ 698 ст. 1 ч. X. т. 2 прим., ст. 339, 711 устава гражданскаго судопроизводства.",прямое название акта рядом с номером,номер статьи извлечён из OCR; сверяйте со сканом,https://ivseliv.github.io/senat/lex/#/d/1897-093,1897-093:7042-8776,https://ivseliv.github.io/senat/lex/#/d/1897-093?mode=laws&c=%D0%A3%D0%93%D0%A1&q=%D1%81%D1%82.+339&at=7042&end=8776,true
1904-025:УГС:339:3712,УГС ст. 339,УГС,ст. 339,1904-025,1904,25,3712,3719,ст. 339,"сія прочихъ членовъ. Такимъ образомъ, съѣздъ нарушилъ вышеприведенный законъ и рѣшеніе общаго собранія департаментовъ Пр. Сената, а равно и ст. 339, 456 и 711 уст. гр. суд. Законъ вовсе не обязываетъ свидѣтельствовать подписи за неграмотныхъ непремѣнно мѣстными сельскими старостами, а п",прямое название акта рядом с номером,номер статьи извлечён из OCR; сверяйте со сканом,https://ivseliv.github.io/senat/lex/#/d/1904-025,1904-025:3129-4905,https://ivseliv.github.io/senat/lex/#/d/1904-025?mode=laws&c=%D0%A3%D0%93%D0%A1&q=%D1%81%D1%82.+339&at=3129&end=4905,true
1904-042:УГС:339:9972,УГС ст. 339,УГС,ст. 339,1904-042,1904,42,9972,9979,ст. 339,"ъ духовнаго завѣщанія графа Георга де-Сенъ-При относительно сдѣланнаго имъ распоряженія о родовомъ имѣніи Нижегородскаго уѣзда по нарушенію ст. 339, 464, 465, 707 и 711 уст. гр. суд., ст. 1068, 1077 и 1078 т. X ч. 1, 10 п. конвенціи, заключенной между Россіею и Франціею 20 марта/1 апрѣл",прямое название акта рядом с номером,номер статьи извлечён из OCR; сверяйте со сканом,https://ivseliv.github.io/senat/lex/#/d/1904-042,1904-042:9293-10833,https://ivseliv.github.io/senat/lex/#/d/1904-042?mode=laws&c=%D0%A3%D0%93%D0%A1&q=%D1%81%D1%82.+339&at=9293&end=10833,true
1905-007:УГС:339:6079,УГС ст. 339,УГС,ст. 339,1905-007,1905,7,6079,6086,ст. 339,"ственное ей значеніе. Затѣмъ, Правительствующій Сенатъ находитъ, что, независимо отъ указанныхъ неправильностей, судебная палата нарушила и ст. 339 уст. гр. суд., оставленіемъ безъ обсужденія существенныхъ для дѣла обстоятельствъ, а именно, что наслѣдственная движимость подверглась факт",прямое название акта рядом с номером,номер статьи извлечён из OCR; сверяйте со сканом,https://ivseliv.github.io/senat/lex/#/d/1905-007,1905-007:5726-6749,https://ivseliv.github.io/senat/lex/#/d/1905-007?mode=laws&c=%D0%A3%D0%93%D0%A1&q=%D1%81%D1%82.+339&at=5726&end=6749,true
1905-012:УГС:339:5692,УГС ст. 339,УГС,ст. 339,1905-012,1905,12,5692,5699,ст. 339,"алобу, поданномъ согласно 761 ст. уст. гр. суд. и по истеченіи указаннаго въ ст. 760 срока, такъ и въ самомъ засѣданіи апелляціоннаго суда (ст. 339 уст. гр. суд.; рѣш. 1877 г. № 131 и др.); 5) что, въ виду изложенныхъ соображеній, Харьковская судебная палата неправильно оставила безъ на",прямое название акта рядом с номером,номер статьи извлечён из OCR; сверяйте со сканом,https://ivseliv.github.io/senat/lex/#/d/1905-012,1905-012:5384-6273,https://ivseliv.github.io/senat/lex/#/d/1905-012?mode=laws&c=%D0%A3%D0%93%D0%A1&q=%D1%81%D1%82.+339&at=5384&end=6273,true
1905-026:УГС:339:10044,УГС ст. 339,УГС,ст. 339,1905-026,1905,26,10044,10051,339 ст.,"нему купленнаго имъ отъ Симоненко имѣнія, тѣмъ самымъ допустила фактическое изъятіе этого имѣнія изъ его владѣнія, не войдя вовсе, вопреки 339 ст. уст. гр. суд., въ разсмотрѣніе правъ на спорное имѣніе отвѣтчика, и избавила, такимъ образомъ, послѣдняго, вопреки 366 ст. уст. гр. суд., о",прямое название акта рядом с номером,номер статьи извлечён из OCR; сверяйте со сканом,https://ivseliv.github.io/senat/lex/#/d/1905-026,1905-026:9149-10794,https://ivseliv.github.io/senat/lex/#/d/1905-026?mode=laws&c=%D0%A3%D0%93%D0%A1&q=%D1%81%D1%82.+339&at=9149&end=10794,true
1905-043:УГС:339:11231,УГС ст. 339,УГС,ст. 339,1905-043,1905,43,11231,11238,ст. 339,"ажденіе, соотвѣтствующее ихъ трудамъ, насколько таковые были бы доказаны. Оставленіемъ этихъ обстоятельствъ безъ обсужденія палата нарушила ст. 339 и 711 уст. гр. суд., а посему Правительствующій Сенатъ опредѣляетъ: 1) по кассаціонной жалобѣ повѣреннаго Матушинскаго и Сулимерскаго рѣшен",прямое название акта рядом с номером,номер статьи извлечён из OCR; сверяйте со сканом,https://ivseliv.github.io/senat/lex/#/d/1905-043,1905-043:10335-11651,https://ivseliv.github.io/senat/lex/#/d/1905-043?mode=laws&c=%D0%A3%D0%93%D0%A1&q=%D1%81%D1%82.+339&at=10335&end=11651,true
1905-044:УГС:339:7730,УГС ст. 339,УГС,ст. 339,1905-044,1905,44,7730,7737,ст. 339,"ращенія таковыхъ на удовлетвореніе долговъ торговаго дома“. Въ виду изложенныхъ соображеній, признавая нарушеніе со стороны судебной палаты ст. 339 уст. гр. суд., состоящее въ томъ, что ею оставлены безъ обсужденія документы, представленные со стороны администраціи для установленія пост",прямое название акта рядом с номером,номер статьи извлечён из OCR; сверяйте со сканом,https://ivseliv.github.io/senat/lex/#/d/1905-044,1905-044:7387-8361,https://ivseliv.github.io/senat/lex/#/d/1905-044?mode=laws&c=%D0%A3%D0%93%D0%A1&q=%D1%81%D1%82.+339&at=7387&end=8361,true
1905-098:УГС:339:2856,УГС ст. 339,УГС,ст. 339,1905-098,1905,98,2856,2863,ст. 339,дополн. правила о приписан. къ частнымъ горн. заводамъ людяхъ вѣдомства министерства государственныхъ имуществъ. Особ. прилож. къ IX т.) и ст. 339 и 711 уст. гр. суд.,прямое название акта рядом с номером,номер статьи извлечён из OCR; сверяйте со сканом,https://ivseliv.github.io/senat/lex/#/d/1905-098,1905-098:1562-3171,https://ivseliv.github.io/senat/lex/#/d/1905-098?mode=laws&c=%D0%A3%D0%93%D0%A1&q=%D1%81%D1%82.+339&at=1562&end=3171,true
1905-100:УГС:339:9063,УГС ст. 339,УГС,ст. 339,1905-100,1905,100,9063,9070,ст. 339,"учрежденной по его дѣламъ администраціи, т.-е. его же представителя, но обстоятельство это, хотя и составляетъ нарушеніе со стороны палаты ст. 339 и 711 уст. гр. суд., тѣмъ не менѣе служить поводомъ къ отмѣнѣ обжалованнаго опредѣленія не можетъ, въ виду безусловной неосновательности вы",прямое название акта рядом с номером,номер статьи извлечён из OCR; сверяйте со сканом,https://ivseliv.github.io/senat/lex/#/d/1905-100,1905-100:7388-9099,https://ivseliv.github.io/senat/lex/#/d/1905-100?mode=laws&c=%D0%A3%D0%93%D0%A1&q=%D1%81%D1%82.+339&at=7388&end=9099,true
1904-108:УГС:34:4156,УГС ст. 34,УГС,ст. 34,1904-108,1904,108,4156,4162,ст. 34,"552 уст. судопр. торг.); что въ такомъ общемъ собраніи принимаютъ участіе, какъ кредиторы по претензіямъ безспорнымъ, такъ и спорнымъ (ср. ст. 34 прил. къ 1899 ст. уст. гр. суд.), и что, до выясненія количества требованія личнаго и вещнаго въ ипотечной претензіи, кредиторъ по ипотечно",прямое название акта рядом с номером,номер статьи извлечён из OCR; сверяйте со сканом,https://ivseliv.github.io/senat/lex/#/d/1904-108,1904-108:2963-4725,https://ivseliv.github.io/senat/lex/#/d/1904-108?mode=laws&c=%D0%A3%D0%93%D0%A1&q=%D1%81%D1%82.+34&at=2963&end=4725,true
1905-041:УГС:352:7614,УГС ст. 352,УГС,ст. 352,1905-041,1905,41,7614,7621,ст. 352,"ора недѣйствительнымъ и для отказа во внесеніи его въ крѣпостную книгу. Вслѣдствіе сего, Правительствующій Сенатъ опредѣляетъ: по нарушенію ст. 352 пол. о нот. части, 129 и 142 ст. уст. гр. суд., опредѣленіе Юрьево-Верроскаго мироваго съѣзда отмѣнить и передать дѣло въ Венденъ-Валкскій",прямое название акта рядом с номером,номер статьи извлечён из OCR; сверяйте со сканом,https://ivseliv.github.io/senat/lex/#/d/1905-041,1905-041:5838-7776,https://ivseliv.github.io/senat/lex/#/d/1905-041?mode=laws&c=%D0%A3%D0%93%D0%A1&q=%D1%81%D1%82.+352&at=5838&end=7776,true
1897-035:УГС:366:3605,УГС ст. 366,УГС,ст. 366,1897-035,1897,35,3605,3612,ст. 366,"этихъ правилъ въ дѣлахъ о наслѣдствѣ передъ мѣстнымъ обычаемъ. Кассаціонная жалоба справедливо видитъ въ этомъ соображеніи палаты нарушеніе ст. 366 уст. гр. суд. Искъ княгини Айдемировой заключается въ требованіи о присужденіи ей изъ имущества отца законной части, причитающейся ей какъ",прямое название акта рядом с номером,номер статьи извлечён из OCR; сверяйте со сканом,https://ivseliv.github.io/senat/lex/#/d/1897-035,1897-035:2490-4283,https://ivseliv.github.io/senat/lex/#/d/1897-035?mode=laws&c=%D0%A3%D0%93%D0%A1&q=%D1%81%D1%82.+366&at=2490&end=4283,true
1897-062:УГС:366:8102,УГС ст. 366,УГС,ст. 366,1897-062,1897,62,8102,8109,ст. 366,"ы кассаціонной жалобѣ повѣренный Эйлера и Пастора, присяжный повѣренный Розингъ, ходатайствуетъ объ отмѣнѣ означеннаго рѣшенія по нарушенію ст. 366, 409 и 410 уст. гр. суд. и неправильному толкованію ст. 400 учр. суд. уст., ст. 1529 зак. гр. 1 ч. X т. и ст. 257 и 258 уст. суд. торг. ч.",прямое название акта рядом с номером,номер статьи извлечён из OCR; сверяйте со сканом,https://ivseliv.github.io/senat/lex/#/d/1897-062,1897-062:7661-9170,https://ivseliv.github.io/senat/lex/#/d/1897-062?mode=laws&c=%D0%A3%D0%93%D0%A1&q=%D1%81%D1%82.+366&at=7661&end=9170,true
1904-078:УГС:366:5264,УГС ст. 366,УГС,ст. 366,1904-078,1904,78,5264,5271,ст. 366,"вской мануфактуры, указывая на нарушеніе палатою § 39, 41, 48 и 58 устава товарищества Даниловской мануфактуры, ст. 2181 и 2184 т. X ч. 1 и ст. 366, 409 и 711 уст. гр. суд., проситъ отмѣнить рѣшеніе. Противъ этой жалобы повѣренный Мещерина подалъ объясненіе, въ которомъ проситъ оставить",прямое название акта рядом с номером,номер статьи извлечён из OCR; сверяйте со сканом,https://ivseliv.github.io/senat/lex/#/d/1904-078,1904-078:3916-5436,https://ivseliv.github.io/senat/lex/#/d/1904-078?mode=laws&c=%D0%A3%D0%93%D0%A1&q=%D1%81%D1%82.+366&at=3916&end=5436,true
1905-026:УГС:366:10167,УГС ст. 366,УГС,ст. 366,1905-026,1905,26,10167,10174,366 ст.,"я вовсе, вопреки 339 ст. уст. гр. суд., въ разсмотрѣніе правъ на спорное имѣніе отвѣтчика, и избавила, такимъ образомъ, послѣдняго, вопреки 366 ст. уст. гр. суд., отъ обязанности предъявленія доказательствъ своего права на спорную землю; ссылка палаты въ концѣ рѣшенія на показанія свидѣ",прямое название акта рядом с номером,номер статьи извлечён из OCR; сверяйте со сканом,https://ivseliv.github.io/senat/lex/#/d/1905-026,1905-026:9149-10794,https://ivseliv.github.io/senat/lex/#/d/1905-026?mode=laws&c=%D0%A3%D0%93%D0%A1&q=%D1%81%D1%82.+366&at=9149&end=10794,true
1904-048:УГС:368:3736,УГС ст. 368,УГС,ст. 368,1904-048,1904,48,3736,3743,ст. 368,"айствовать о своемъ узаконеніи, то обязана была потребовать дополнительныхъ доказательствъ, вполнѣ неосновательно, какъ потому, что законъ (ст. 368 уст. гр. суд.) не налагаетъ на судъ обязанности указывать просителямъ на необходимость представленія новыхъ доказательствъ спорныхъ фактовъ",прямое название акта рядом с номером,номер статьи извлечён из OCR; сверяйте со сканом,https://ivseliv.github.io/senat/lex/#/d/1904-048,1904-048:2605-4155,https://ivseliv.github.io/senat/lex/#/d/1904-048?mode=laws&c=%D0%A3%D0%93%D0%A1&q=%D1%81%D1%82.+368&at=2605&end=4155,true
1897-058:УГС:389:5504,УГС ст. 389,УГС,ст. 389,1897-058,1897,58,5504,5511,ст. 389,"удебной оцѣнки возраженія истца не заслуживаютъ уваженія, ибо дѣйствія членовъ суда по производству оцѣнки не были своевременно, въ порядкѣ ст. 389 и 504 уст. гр. суд., обжалованы; что по судебной оцѣнкѣ, въ правильности которой палата не видитъ основанія сомнѣваться, свободная стоимост",прямое название акта рядом с номером,номер статьи извлечён из OCR; сверяйте со сканом,https://ivseliv.github.io/senat/lex/#/d/1897-058,1897-058:5126-6967,https://ivseliv.github.io/senat/lex/#/d/1897-058?mode=laws&c=%D0%A3%D0%93%D0%A1&q=%D1%81%D1%82.+389&at=5126&end=6967,true
1897-091:УГС:4:3236,УГС ст. 4,УГС,ст. 4,1897-091,1897,91,3236,3241,ст. 4,"ротивъ той части рѣшенія съѣзда, которая касается не ея, а Викентія Буткевича, но симъ послѣднимъ не обжалована, не подлежатъ разсмотрѣнію (ст. 4 уст. гр. суд.), Правительствующій Сенатъ опредѣляетъ: кассаціонную жалобу Вероники Буткевичъ, за силою 186 ст. уст. гр. суд., оставить безъ",прямое название акта рядом с номером,номер статьи извлечён из OCR; сверяйте со сканом,https://ivseliv.github.io/senat/lex/#/d/1897-091,1897-091:1532-3394,https://ivseliv.github.io/senat/lex/#/d/1897-091?mode=laws&c=%D0%A3%D0%93%D0%A1&q=%D1%81%D1%82.+4&at=1532&end=3394,true
1904-075:УГС:4:4464,УГС ст. 4,УГС,ст. 4,1904-075,1904,75,4464,4469,ст. 4,"ыхъ законовъ видно, что дѣла о нарушеніяхъ устава о гербовомъ сборѣ не слѣдуютъ никакой подсудности; что, въ прямое отступленіе отъ правила ст. 4 уст. гр. суд., они возбуждаются самимъ судомъ и, не заключая въ себѣ спора о правѣ гражданскомъ, не могутъ быть предметомъ гражданскаго иск",прямое название акта рядом с номером,номер статьи извлечён из OCR; сверяйте со сканом,https://ivseliv.github.io/senat/lex/#/d/1904-075,1904-075:2928-4837,https://ivseliv.github.io/senat/lex/#/d/1904-075?mode=laws&c=%D0%A3%D0%93%D0%A1&q=%D1%81%D1%82.+4&at=2928&end=4837,true
1905-089:УГС:4:1152,УГС ст. 4,УГС,ст. 4,1905-089,1905,89,1152,1157,ст. 4,"ея стоимости не имѣетъ значенія. Въ принесенной въ Правительствующій Сенатъ кассаціонной жалобѣ просители указываютъ на нарушеніе съѣздомъ ст. 4, 79, 171, 568, 584, 1133, 1147 (п. в), 1566 и 1567 уст. гр. суд.",прямое название акта рядом с номером,номер статьи извлечён из OCR; сверяйте со сканом,https://ivseliv.github.io/senat/lex/#/d/1905-089,1905-089:0-1503,https://ivseliv.github.io/senat/lex/#/d/1905-089?mode=laws&c=%D0%A3%D0%93%D0%A1&q=%D1%81%D1%82.+4&at=0&end=1503,true
1904-091:УГС:409:2506,УГС ст. 409,УГС,ст. 409,1904-091,1904,91,2506,2513,ст. 409,"іи груза быть удостовѣряемы свидѣтельскими показаніями?—долженъ быть разрѣшенъ въ утвердительномъ смыслѣ по слѣдующимъ соображеніямъ: 1) въ ст. 409 уст. гр. судопр. высказано общее начало о томъ, что свидѣтельскія показанія могутъ быть признаваемы доказательствомъ тѣхъ только событій, д",прямое название акта рядом с номером,номер статьи извлечён из OCR; сверяйте со сканом,https://ivseliv.github.io/senat/lex/#/d/1904-091,1904-091:1083-2890,https://ivseliv.github.io/senat/lex/#/d/1904-091?mode=laws&c=%D0%A3%D0%93%D0%A1&q=%D1%81%D1%82.+409&at=1083&end=2890,true
1897-062:УГС:410:7661,УГС ст. 410,УГС,ст. 410,1897-062,1897,62,7661,7668,ст. 410,"телей стремятся установить подъ видомъ обстоятельствъ, сопровождавшихъ заключеніе помянутыхъ договоровъ, внутреннюю ихъ связь, что противно ст. 410 уст. гр. суд., то и ходатайство ихъ о допросѣ означенныхъ свидѣтелей не подлежитъ удовлетворенію. Вслѣдствіе сего С.-Петербургская судебная",прямое название акта рядом с номером,номер статьи извлечён из OCR; сверяйте со сканом,https://ivseliv.github.io/senat/lex/#/d/1897-062,1897-062:6593-7917,https://ivseliv.github.io/senat/lex/#/d/1897-062?mode=laws&c=%D0%A3%D0%93%D0%A1&q=%D1%81%D1%82.+410&at=6593&end=7917,true
1904-099:УГС:416:9563,УГС ст. 416,УГС,ст. 416,1904-099,1904,99,9563,9570,ст. 416,"виду изложеннаго, слѣдуетъ признать, что судебная палата неправильно примѣнила къ настоящему дѣлу ст. 509 уст. суд. торг. (по изд. 1903 г. ст. 416). Саратовская судебная палата, независимо отъ сего, нарушила еще и 21 ст. уст. гр. суд., признавъ, вопреки точному смыслу этой статьи, что",прямое название акта рядом с номером,номер статьи извлечён из OCR; сверяйте со сканом,https://ivseliv.github.io/senat/lex/#/d/1904-099,1904-099:7639-9572,https://ivseliv.github.io/senat/lex/#/d/1904-099?mode=laws&c=%D0%A3%D0%93%D0%A1&q=%D1%81%D1%82.+416&at=7639&end=9572,true
1905-061:УГС:441:6123,УГС ст. 441,УГС,ст. 441,1905-061,1905,61,6123,6130,ст. 441,"тностяхъ Россійской Имперіи, гдѣ имѣютъ примѣненіе общіе межевые законы (2 ч. X т. св. зак. изд. 1893 г.), разрѣшаются въ порядкѣ межевомъ (ст. 441 ч. 2 т. X и 10 п. прилож. I къ ст. 1400 уст. гр. суд.). Порядокъ разсмотрѣнія межевыхъ дѣлъ въ Закавказскомъ краѣ, на основаніи особаго пол",прямое название акта рядом с номером,номер статьи извлечён из OCR; сверяйте со сканом,https://ivseliv.github.io/senat/lex/#/d/1905-061,1905-061:5646-6975,https://ivseliv.github.io/senat/lex/#/d/1905-061?mode=laws&c=%D0%A3%D0%93%D0%A1&q=%D1%81%D1%82.+441&at=5646&end=6975,true
1905-016:УГС:449:2047,УГС ст. 449,УГС,ст. 449,1905-016,1905,16,2047,2054,ст. 449,"и себѣ въ силу устава торговаго; 7) что ссылка просителя на ст. 258 и 259 уст. суд. торг. изд. 1893 г. (по изд. 1903 г. ст. 234 и 235) и на ст. 449 уст. гр. суд. можетъ вызвать лишь указаніе на то, что съ передачей кредиторомъ своего права третьему лицу, когда по закону установлены особ",прямое название акта рядом с номером,номер статьи извлечён из OCR; сверяйте со сканом,https://ivseliv.github.io/senat/lex/#/d/1905-016,1905-016:1425-2835,https://ivseliv.github.io/senat/lex/#/d/1905-016?mode=laws&c=%D0%A3%D0%93%D0%A1&q=%D1%81%D1%82.+449&at=1425&end=2835,true
1905-015:УГС:452:1911,УГС ст. 452,УГС,ст. 452,1905-015,1905,15,1911,1918,ст. 452,"ъ 3-хъ, ст. 896 уст. гр. суд. непредоставленіемъ ему доказывать въ исполнительномъ порядкѣ биржевую стоимость закладнаго листа, и, въ 4-хъ, ст. 452 уст. гр. суд.—отказомъ въ выдачѣ свидѣтельства на полученіе справки изъ учетнаго банка.",прямое название акта рядом с номером,номер статьи извлечён из OCR; сверяйте со сканом,https://ivseliv.github.io/senat/lex/#/d/1905-015,1905-015:1300-2849,https://ivseliv.github.io/senat/lex/#/d/1905-015?mode=laws&c=%D0%A3%D0%93%D0%A1&q=%D1%81%D1%82.+452&at=1300&end=2849,true
1904-054:УГС:456:5024,УГС ст. 456,УГС,ст. 456,1904-054,1904,54,5024,5031,ст. 456,"лью они представлены, не заслуживаетъ уваженія, потому что хотя, при такомъ недостаткѣ, судебное мѣсто не можетъ быть обвинено въ нарушеніи ст. 456 уст. гр. суд., если оставитъ подобные документы безъ обсужденія (рѣш. 1877 г. № 160),—но ни въ какомъ случаѣ принятіе ихъ къ разсмотрѣнію н",прямое название акта рядом с номером,номер статьи извлечён из OCR; сверяйте со сканом,https://ivseliv.github.io/senat/lex/#/d/1904-054,1904-054:4117-5775,https://ivseliv.github.io/senat/lex/#/d/1904-054?mode=laws&c=%D0%A3%D0%93%D0%A1&q=%D1%81%D1%82.+456&at=4117&end=5775,true
1904-057:УГС:457:1454,УГС ст. 457,УГС,ст. 457,1904-057,1904,57,1454,1461,ст. 457,"енія окончательнаго расчета, а вслѣдствіе простой небрежности,—и такъ какъ убытки эти опредѣляются и нормируются не договоромъ, а закономъ (ст. 457 и 458 т. XVI ч. 2), то правило 1303 ст. уст. гр. суд., какъ правило ограничительное, не можетъ быть толкуемо распространительно и имѣть при",прямое название акта рядом с номером,номер статьи извлечён из OCR; сверяйте со сканом,https://ivseliv.github.io/senat/lex/#/d/1904-057,1904-057:0-1760,https://ivseliv.github.io/senat/lex/#/d/1904-057?mode=laws&c=%D0%A3%D0%93%D0%A1&q=%D1%81%D1%82.+457&at=0&end=1760,true
1904-033:УГС:46:2539,УГС ст. 46,УГС,ст. 46,1904-033,1904,33,2539,2545,ст. 46,"положеніе устраняетъ, какъ и всякое изъятіе, силу общаго правила о необходимости довѣренности для хожденія по чужимъ дѣламъ (уст. гр. суд. ст. 46, 47, 247 и 248), или-же особаго по ст. 1286 того-же устава уполномочія для предъявленія иска или подачи отвѣта по дѣлу казеннаго управленія",прямое название акта рядом с номером,номер статьи извлечён из OCR; сверяйте со сканом,https://ivseliv.github.io/senat/lex/#/d/1904-033,1904-033:1527-2814,https://ivseliv.github.io/senat/lex/#/d/1904-033?mode=laws&c=%D0%A3%D0%93%D0%A1&q=%D1%81%D1%82.+46&at=1527&end=2814,true
1904-042:УГС:464:13008,УГС ст. 464,УГС,ст. 464,1904-042,1904,42,13008,13015,464 ст.,"ѣ отвѣтчика, князя де-Клермонъ-Тоннеръ, во владѣніе завѣщаннымъ имуществомъ. Подлинность означеннаго завѣщанія истицею не опровергалась. По 464 ст. уст. гр. суд., акты, совершенные въ иностранномъ государствѣ по существующимъ тамъ законамъ, хотя бы и несходно съ обрядомъ совершенія подо",прямое название акта рядом с номером,номер статьи извлечён из OCR; сверяйте со сканом,https://ivseliv.github.io/senat/lex/#/d/1904-042,1904-042:12206-13951,https://ivseliv.github.io/senat/lex/#/d/1904-042?mode=laws&c=%D0%A3%D0%93%D0%A1&q=%D1%81%D1%82.+464&at=12206&end=13951,true
1904-042:УГС:465:13995,УГС ст. 465,УГС,ст. 465,1904-042,1904,42,13995,14002,ст. 465,"ряда ихъ совершенія, такъ и въ отношеніи правъ и обязанностей, устанавливаемыхъ ими для сторонъ. Рѣшеніемъ 1882 года за № 130 признано, что ст. 465 уст. гр. суд., которая стоитъ въ неразрывной связи съ вышеприведенною 464 статьею, относится также къ завѣщаніямъ, составленнымъ по законам",прямое название акта рядом с номером,номер статьи извлечён из OCR; сверяйте со сканом,https://ivseliv.github.io/senat/lex/#/d/1904-042,1904-042:13701-15585,https://ivseliv.github.io/senat/lex/#/d/1904-042?mode=laws&c=%D0%A3%D0%93%D0%A1&q=%D1%81%D1%82.+465&at=13701&end=15585,true
1904-019:УГС:47:772,УГС ст. 47,УГС,ст. 47,1904-019,1904,19,772,778,47 ст.,"каго засвидѣтельствованія, но для довѣренностей для ходатайствъ въ мировыхъ судебныхъ установленіяхъ (и для заявленій по сему предмету), по 47 ст. уст. гр. суд., необходимо, чтобы письменное заявленіе о томъ было засвидѣтельствовано въ ближайшемъ къ просителю мѣстѣ пребыванія обществен",прямое название акта рядом с номером,номер статьи извлечён из OCR; сверяйте со сканом,https://ivseliv.github.io/senat/lex/#/d/1904-019,1904-019:0-1351,https://ivseliv.github.io/senat/lex/#/d/1904-019?mode=laws&c=%D0%A3%D0%93%D0%A1&q=%D1%81%D1%82.+47&at=0&end=1351,true
1905-001:УГС:490:2387,УГС ст. 490,УГС,ст. 490,1905-001,1905,1,2387,2394,ст. 490,"судъ по мѣсту жительства сего лица и разсматривается судомъ либо по ходатайству лицъ, непосредственно заинтересованныхъ въ судьбѣ больнаго (ст. 490 гр. улож.), либо по предложенію прокурора, въ огражденіе какъ самого больнаго, такъ и общественнаго порядка. Притомъ въ законѣ не содержитс",акт определён по контексту решения,номер статьи извлечён из OCR; сверяйте со сканом,https://ivseliv.github.io/senat/lex/#/d/1905-001,1905-001:1417-3105,https://ivseliv.github.io/senat/lex/#/d/1905-001?mode=laws&c=%D0%A3%D0%93%D0%A1&q=%D1%81%D1%82.+490&at=1417&end=3105,true
1904-108:УГС:5:6747,УГС ст. 5,УГС,ст. 5,1904-108,1904,108,6747,6752,ст. 5,"1498 ст. основано, какъ видно изъ приведенныхъ подъ онымъ цитатъ, на 1 и 2 п. ст. 22 прилож. VII къ ст. 162 полож. 9 іюля 1889 г. Согласно ст. 5 сего приложенія (ст. 5 прилож. къ ст. 1899 уст. гр. суд.), по силѣ опредѣленія объ объявленіи несостоятельности, право должника управлять и",прямое название акта рядом с номером,номер статьи извлечён из OCR; сверяйте со сканом,https://ivseliv.github.io/senat/lex/#/d/1904-108,1904-108:6064-7856,https://ivseliv.github.io/senat/lex/#/d/1904-108?mode=laws&c=%D0%A3%D0%93%D0%A1&q=%D1%81%D1%82.+5&at=6064&end=7856,true
1897-058:УГС:504:27222,УГС ст. 504,УГС,ст. 504,1897-058,1897,58,27222,27229,504 ст.,"ему часть рѣшенія подлежащей отмѣнѣ. Въ седьмомъ и послѣднемъ пунктѣ жалобы проситель указываетъ на неправильность примѣненія палатою 389 и 504 ст. уст. гр. суд. по поводу оцѣнокъ имѣній, часть которыхъ должна быть выдѣлена княжнѣ Мещерской. Эта неправильность дѣйствительно допущена пал",прямое название акта рядом с номером,номер статьи извлечён из OCR; сверяйте со сканом,https://ivseliv.github.io/senat/lex/#/d/1897-058,1897-058:25663-27374,https://ivseliv.github.io/senat/lex/#/d/1897-058?mode=laws&c=%D0%A3%D0%93%D0%A1&q=%D1%81%D1%82.+504&at=25663&end=27374,true
1904-099:УГС:509:3534,УГС ст. 509,УГС,ст. 509,1904-099,1904,99,3534,3541,509 ст.,"ратовская же судебная палата нашла неправильнымъ это опредѣленіе окружнаго суда и отмѣнила дѣйствія пристава, какъ неправильныя, находя: по 509 ст. уст. торг. несост., всѣ заимодавцы должника обязаны заявить свои претензіи конкурсу для полученія удовлетворенія въ конкурсномъ порядкѣ изъ",акт определён по контексту решения,номер статьи извлечён из OCR; сверяйте со сканом,https://ivseliv.github.io/senat/lex/#/d/1904-099,1904-099:3101-4956,https://ivseliv.github.io/senat/lex/#/d/1904-099?mode=laws&c=%D0%A3%D0%93%D0%A1&q=%D1%81%D1%82.+509&at=3101&end=4956,true
1904-038:УГС:55:4544,УГС ст. 55,УГС,ст. 55,1904-038,1904,38,4544,4550,ст. 55,"ъ опредѣляется сумма капитала, показанная въ исковомъ прошеніи, съ причисленіемъ къ ней отыскиваемыхъ по день предъявленія иска процентовъ (ст. 55, 272, 273 уст. гр. суд.); 2) подсудность сего рода исковъ между мировыми и общими судебными установленіями ограничена для первыхъ цѣною иск",прямое название акта рядом с номером,номер статьи извлечён из OCR; сверяйте со сканом,https://ivseliv.github.io/senat/lex/#/d/1904-038,1904-038:4106-6204,https://ivseliv.github.io/senat/lex/#/d/1904-038?mode=laws&c=%D0%A3%D0%93%D0%A1&q=%D1%81%D1%82.+55&at=4106&end=6204,true
1897-055:УГС:566:4125,УГС ст. 566,УГС,ст. 566,1897-055,1897,55,4125,4132,ст. 566,"тельнаго производства, какъ дополнительнаго, достаточно такое же прошеніе, какое установлено для возбужденія частныхъ производствъ по дѣлу (ст. 566 и слѣд. уст. гр. суд.), но съ соблюденіемъ притомъ правилъ, изложенныхъ въ ст. 898 и слѣдующихъ. Для исполнительнаго производства продолжаю",прямое название акта рядом с номером,номер статьи извлечён из OCR; сверяйте со сканом,https://ivseliv.github.io/senat/lex/#/d/1897-055,1897-055:3078-4813,https://ivseliv.github.io/senat/lex/#/d/1897-055?mode=laws&c=%D0%A3%D0%93%D0%A1&q=%D1%81%D1%82.+566&at=3078&end=4813,true
1904-044:УГС:57:1573,УГС ст. 57,УГС,ст. 57,1904-044,1904,44,1573,1579,ст. 57,"286 уст. гр. суд.). Уполномочіе въ видѣ предписанія, составляя дѣлопроизводственную бумагу административнаго присутственнаго мѣста, въ силу ст. 57 пун. 2 герб. уст. изд. 1893 г., изъято отъ обложенія гербовымъ сборомъ. Въ иномъ видѣ стоитъ дѣло, когда уполномочіе выдано частному лицу.",акт определён по контексту решения,номер статьи извлечён из OCR; сверяйте со сканом,https://ivseliv.github.io/senat/lex/#/d/1904-044,1904-044:0-1861,https://ivseliv.github.io/senat/lex/#/d/1904-044?mode=laws&c=%D0%A3%D0%93%D0%A1&q=%D1%81%D1%82.+57&at=0&end=1861,true
1904-039:УГС:584:785,УГС ст. 584,УГС,ст. 584,1904-039,1904,39,785,792,ст. 584,"авшій въ засѣданіи съѣзда, и не заявилъ о неподсудности дѣла мировымъ судебнымъ установленіямъ, но вопросъ этотъ возбуждается, на основаніи ст. 584 уст. гр. суд., самимъ судомъ помимо отвода сторонъ и во всякомъ положеніи дѣла, и затѣмъ нашелъ: 1) что просительный пунктъ иска, предъявле",прямое название акта рядом с номером,номер статьи извлечён из OCR; сверяйте со сканом,https://ivseliv.github.io/senat/lex/#/d/1904-039,1904-039:0-1501,https://ivseliv.github.io/senat/lex/#/d/1904-039?mode=laws&c=%D0%A3%D0%93%D0%A1&q=%D1%81%D1%82.+584&at=0&end=1501,true
1904-056:УГС:584:3020,УГС ст. 584,УГС,ст. 584,1904-056,1904,56,3020,3027,584 ст.,"ъ, произведенный не при надлежащемъ судебномъ учрежденіи, долженъ быть признанъ недѣйствительнымъ помимо всякихъ жалобъ, и съѣздъ, согласно 584 ст. уст. гр. суд., обязанъ, безъ жалобъ заинтересованныхъ лицъ, возбудить вопросъ о мѣстѣ продажи и правильномъ исполненіи 1133 и 1567 ст. уст.",прямое название акта рядом с номером,номер статьи извлечён из OCR; сверяйте со сканом,https://ivseliv.github.io/senat/lex/#/d/1904-056,1904-056:2501-4017,https://ivseliv.github.io/senat/lex/#/d/1904-056?mode=laws&c=%D0%A3%D0%93%D0%A1&q=%D1%81%D1%82.+584&at=2501&end=4017,true
1905-034:УГС:584:4842,УГС ст. 584,УГС,ст. 584,1905-034,1905,34,4842,4849,ст. 584,"20 раздѣла 2 правилъ объ устр. суд. части и о произв. суд. дѣлъ, подвѣд. земск. нач. и городск. судьямъ, и примѣч. 1-го къ ст. 29 и п. 1-го ст. 584 уст. гр. суд., приняли къ своему производству настоящій искъ, подсудный земскому начальнику или городскому судьѣ,—Правительствующій Сенатъ",прямое название акта рядом с номером,номер статьи извлечён из OCR; сверяйте со сканом,https://ivseliv.github.io/senat/lex/#/d/1905-034,1905-034:3973-5152,https://ivseliv.github.io/senat/lex/#/d/1905-034?mode=laws&c=%D0%A3%D0%93%D0%A1&q=%D1%81%D1%82.+584&at=3973&end=5152,true
1897-005:УГС:589:4225,УГС ст. 589,УГС,ст. 589,1897-005,1897,5,4225,4232,589 ст.,"ственниковъ, могущихъ впослѣдствіи обнаружиться. Но совсѣмъ иное дѣло, когда, какъ въ настоящемъ случаѣ, отвѣтчикъ, оспаривая, на основаніи 589 ст. уст. гр. суд., право племянника на искъ о наслѣдствѣ послѣ дяди, ссылается на нахожденіе въ живыхъ матери истца, сестры наслѣдодателя, удос",прямое название акта рядом с номером,номер статьи извлечён из OCR; сверяйте со сканом,https://ivseliv.github.io/senat/lex/#/d/1897-005,1897-005:3834-5535,https://ivseliv.github.io/senat/lex/#/d/1897-005?mode=laws&c=%D0%A3%D0%93%D0%A1&q=%D1%81%D1%82.+589&at=3834&end=5535,true
1897-031:УГС:589:5978,УГС ст. 589,УГС,ст. 589,1897-031,1897,31,5978,5985,ст. 589,"ли уже тотъ участокъ Асадулаеву, который введенъ во владѣніе таковымъ 19 февраля 1879 г. Рѣшеніе это вступило въ законную силу и, по смыслу ст. 589 и 895 уст. гр. суд., погашаетъ право иска казны къ тѣмъ же отвѣтчикамъ въ качествѣ продавцовъ Асадулаеву спорнаго имѣнія. Послѣдній не учас",прямое название акта рядом с номером,номер статьи извлечён из OCR; сверяйте со сканом,https://ivseliv.github.io/senat/lex/#/d/1897-031,1897-031:5724-7193,https://ivseliv.github.io/senat/lex/#/d/1897-031?mode=laws&c=%D0%A3%D0%93%D0%A1&q=%D1%81%D1%82.+589&at=5724&end=7193,true
1897-065:УГС:589:1835,УГС ст. 589,УГС,ст. 589,1897-065,1897,65,1835,1842,ст. 589,"нымъ по иску, относящемуся къ тому же спорному предмету, отыскиваемому и оспариваемому тѣми же тяжущимися сторонами и на томъ же основаніи (ст. 589 и 895 уст. гр. суд.). Постановленіе суда, состоявшееся не въ исковомъ (состязательномъ), а въ частномъ или охранительномъ порядкѣ судопроиз",прямое название акта рядом с номером,номер статьи извлечён из OCR; сверяйте со сканом,https://ivseliv.github.io/senat/lex/#/d/1897-065,1897-065:1297-3054,https://ivseliv.github.io/senat/lex/#/d/1897-065?mode=laws&c=%D0%A3%D0%93%D0%A1&q=%D1%81%D1%82.+589&at=1297&end=3054,true
1904-090:УГС:601:10700,УГС ст. 601,УГС,ст. 601,1904-090,1904,90,10700,10707,ст. 601,"ое въ сборникѣ за 1893 г. подъ № 2, относительно отвѣтственности казны предъ оправданнымъ подсудимымъ по ст. 783 и 784 уст. угол. суд. и по ст. 601 уст. гр. судопр. только при наличности неправильныхъ дѣйствій должностныхъ лицъ казеннаго управленія, не имѣетъ отношенія къ настоящему дѣл",прямое название акта рядом с номером,номер статьи извлечён из OCR; сверяйте со сканом,https://ivseliv.github.io/senat/lex/#/d/1904-090,1904-090:8744-10849,https://ivseliv.github.io/senat/lex/#/d/1904-090?mode=laws&c=%D0%A3%D0%93%D0%A1&q=%D1%81%D1%82.+601&at=8744&end=10849,true
1897-059:УГС:608:1563,УГС ст. 608,УГС,ст. 608,1897-059,1897,59,1563,1570,ст. 608,"Гражд. 1897 г. 13* мировой съѣздъ, находя, что, по силѣ ст. 82 зак. о суд. и взыск. гр. 2 ч. X т. св. изд. 1876 г. (ст. 608 зак. суд. гр. 2 ч. XVI т. св. изд. 1892 г.), срокъ, указанный въ п. 3 отд. VI Высочайше утвержденнаго 8 іюня 1889 г. мнѣнія Государственнаг",акт определён по контексту решения,номер статьи извлечён из OCR; сверяйте со сканом,https://ivseliv.github.io/senat/lex/#/d/1897-059,1897-059:1210-2416,https://ivseliv.github.io/senat/lex/#/d/1897-059?mode=laws&c=%D0%A3%D0%93%D0%A1&q=%D1%81%D1%82.+608&at=1210&end=2416,true
1897-028:УГС:610:2126,УГС ст. 610,УГС,ст. 610,1897-028,1897,28,2126,2133,ст. 610,"182 ст. пол. о разм. Закавк. края 29 іюня 1861 г., въ виду 681—685 ст. т. VIII ч. 1 уст. лѣсн. изд. 1876 года (ст. 784—788 изд. 1893 г.) и ст. 610 и 611 уст. гр. суд. Правительствующій Сенатъ находитъ, что, на основаніи 182 ст. полож. о разм. Закавк. края, если споръ происходитъ о лѣсн",прямое название акта рядом с номером,номер статьи извлечён из OCR; сверяйте со сканом,https://ivseliv.github.io/senat/lex/#/d/1897-028,1897-028:1270-2824,https://ivseliv.github.io/senat/lex/#/d/1897-028?mode=laws&c=%D0%A3%D0%93%D0%A1&q=%D1%81%D1%82.+610&at=1270&end=2824,true
1897-028:УГС:611:1636,УГС ст. 611,УГС,ст. 611,1897-028,1897,28,1636,1643,611 ст.,"а не стоимость въ десять разъ увеличенную. По симъ основаніямъ, находя, что палата неправильно примѣнила 182 ст. меж. пол. и нарушила 610 и 611 ст. уст. гр. суд. и вышеприведенныя 681—685 ст. уст. лѣсн., уполномоченный казны проситъ Правительствующій Сенатъ означенное опредѣленіе палаты",прямое название акта рядом с номером,номер статьи извлечён из OCR; сверяйте со сканом,https://ivseliv.github.io/senat/lex/#/d/1897-028,1897-028:1270-2824,https://ivseliv.github.io/senat/lex/#/d/1897-028?mode=laws&c=%D0%A3%D0%93%D0%A1&q=%D1%81%D1%82.+611&at=1270&end=2824,true
1904-105:УГС:618:3510,УГС ст. 618,УГС,ст. 618,1904-105,1904,105,3510,3517,ст. 618,"лагаемымъ и снимаемымъ самимъ старшимъ нотаріусомъ, составляются съ соблюденіемъ существующихъ на сей предметъ постановленій (уст. гр. суд. ст. 618; пол. о взыск. гр. ст. 3, 9, 10 (прил.), 12, 13, 27 и др.) и нижеслѣдующихъ правилъ. Эта же статья закона приведена какъ въ 1 п. прил. къ с",прямое название акта рядом с номером,номер статьи извлечён из OCR; сверяйте со сканом,https://ivseliv.github.io/senat/lex/#/d/1904-105,1904-105:2923-4346,https://ivseliv.github.io/senat/lex/#/d/1904-105?mode=laws&c=%D0%A3%D0%93%D0%A1&q=%D1%81%D1%82.+618&at=2923&end=4346,true
1897-069:УГС:64:998,УГС ст. 64,УГС,ст. 64,1897-069,1897,69,998,1004,ст. 64,"го возвращенія; хотя же отецъ его отказался отъ принятія послѣдующей повѣстки, но въ виду отказа его былъ соблюденъ порядокъ, установленный ст. 64 и 65 уст. гр. суд., а потому съѣздъ, оставивъ заявленіе просителей о неврученіи повѣстки третьему отвѣтчику Фишелю Фридману безъ послѣдстві",прямое название акта рядом с номером,номер статьи извлечён из OCR; сверяйте со сканом,https://ivseliv.github.io/senat/lex/#/d/1897-069,1897-069:0-1505,https://ivseliv.github.io/senat/lex/#/d/1897-069?mode=laws&c=%D0%A3%D0%93%D0%A1&q=%D1%81%D1%82.+64&at=0&end=1505,true
1897-001:УГС:659:18439,УГС ст. 659,УГС,ст. 659,1897-001,1897,1,18439,18446,ст. 659,"го отъ явки на призывъ стороны, — можетъ явиться только обезпеченіе на немъ обратнаго къ нему требованія призывавшей стороны (уст. гр. суд. ст. 659). А такъ какъ въ данномъ случаѣ истцы привлекали третьихъ лицъ ни въ пособники себѣ, ни на свою сторону, а для совмѣстнаго съ отвѣтною стор",прямое название акта рядом с номером,номер статьи извлечён из OCR; сверяйте со сканом,https://ivseliv.github.io/senat/lex/#/d/1897-001,1897-001:16837-18448,https://ivseliv.github.io/senat/lex/#/d/1897-001?mode=laws&c=%D0%A3%D0%93%D0%A1&q=%D1%81%D1%82.+659&at=16837&end=18448,true
1905-055:УГС:663:864,УГС ст. 663,УГС,ст. 663,1905-055,1905,55,864,871,663 ст.,"ъ состоитъ страхователемъ пожизненныхъ доходовъ и капиталовъ въ С.-Петербургскомъ обществѣ страхованій, просилъ допустить его, на основаніи 663 ст. уст. гр. суд., къ участію въ дѣлѣ, въ качествѣ третьяго лица, совокупно съ истцомъ. Окружный судъ, признавъ, что требованія Балкашина не по",прямое название акта рядом с номером,номер статьи извлечён из OCR; сверяйте со сканом,https://ivseliv.github.io/senat/lex/#/d/1905-055,1905-055:0-1825,https://ivseliv.github.io/senat/lex/#/d/1905-055?mode=laws&c=%D0%A3%D0%93%D0%A1&q=%D1%81%D1%82.+663&at=0&end=1825,true
1904-090:УГС:684:11321,УГС ст. 684,УГС,ст. 684,1904-090,1904,90,11321,11328,ст. 684,"жаннаго товара за меньшую противъ дѣйствительной стоимости его цѣну. Такое требованіе, несомнѣнно, относится къ области гражданскихъ правъ (ст. 684 ч. 1 т. X св. зак.), и потому и по силѣ 1 и 2 ст. уст. гр. суд. подлежитъ разсмотрѣнію суда, независимо отъ того, подвергаются-ли какой-либ",прямое название акта рядом с номером,номер статьи извлечён из OCR; сверяйте со сканом,https://ivseliv.github.io/senat/lex/#/d/1904-090,1904-090:10609-12181,https://ivseliv.github.io/senat/lex/#/d/1904-090?mode=laws&c=%D0%A3%D0%93%D0%A1&q=%D1%81%D1%82.+684&at=10609&end=12181,true
1905-034:УГС:69:1350,УГС ст. 69,УГС,ст. 69,1905-034,1905,34,1350,1356,ст. 69,"не уѣздному члену суда, ходатайствуютъ объ отмѣнѣ рѣшенія окружнаго суда по нарушенію прим. 1 къ ст. 29 уст. гр. суд., а также по нарушенію ст. 69 (п. 3), 105, 129, 142, 143 и 332 того-же устава и 570 и 684 т. X ч. 1 зак. гражд.",прямое название акта рядом с номером,номер статьи извлечён из OCR; сверяйте со сканом,https://ivseliv.github.io/senat/lex/#/d/1905-034,1905-034:0-1438,https://ivseliv.github.io/senat/lex/#/d/1905-034?mode=laws&c=%D0%A3%D0%93%D0%A1&q=%D1%81%D1%82.+69&at=0&end=1438,true
1905-114:УГС:693:1816,УГС ст. 693,УГС,ст. 693,1905-114,1905,114,1816,1823,ст. 693,"о окончаніи словеснаго состязанія, и постановленіе рѣшенія по общему правилу совершается въ особой комнатѣ по обсужденіи выслушаннаго дѣла (ст. 693 уст. гр. суд.) Сопоставленіе содержанія означенныхъ законоположеній съ вышеуказанными разъясненіями Правительствующаго Сената не оставляетъ",прямое название акта рядом с номером,номер статьи извлечён из OCR; сверяйте со сканом,https://ivseliv.github.io/senat/lex/#/d/1905-114,1905-114:1237-3043,https://ivseliv.github.io/senat/lex/#/d/1905-114?mode=laws&c=%D0%A3%D0%93%D0%A1&q=%D1%81%D1%82.+693&at=1237&end=3043,true
1904-044:УГС:7:2633,УГС ст. 7,УГС,ст. 7,1904-044,1904,44,2633,2638,ст. 7,"въ виду, что къ городскимъ общественнымъ управленіямъ по веденію дѣлъ въ судѣ примѣняются правила, установленныя для казенныхъ управленій (ст. 7 гор. пол. и 1282 прим. 2 уст. гр. суд.),—слѣдуетъ признать, что и городскія общественныя управленія, при выдачѣ частнымъ лицамъ довѣренност",прямое название акта рядом с номером,номер статьи извлечён из OCR; сверяйте со сканом,https://ivseliv.github.io/senat/lex/#/d/1904-044,1904-044:1612-2934,https://ivseliv.github.io/senat/lex/#/d/1904-044?mode=laws&c=%D0%A3%D0%93%D0%A1&q=%D1%81%D1%82.+7&at=1612&end=2934,true
1897-067:УГС:705:4207,УГС ст. 705,УГС,ст. 705,1897-067,1897,67,4207,4214,ст. 705,"установленныхъ для сего правилъ, всякое постановленіе суда, хотя бы оно и не принадлежало къ числу рѣшеній въ строгомъ смыслѣ этого слова (ст. 705 уст. гр. суд.), если этимъ постановленіемъ разрѣшается окончательно вопросъ о чемъ либо правѣ и тѣмъ заканчивается судебное производство по",прямое название акта рядом с номером,номер статьи извлечён из OCR; сверяйте со сканом,https://ivseliv.github.io/senat/lex/#/d/1897-067,1897-067:3269-4621,https://ivseliv.github.io/senat/lex/#/d/1897-067?mode=laws&c=%D0%A3%D0%93%D0%A1&q=%D1%81%D1%82.+705&at=3269&end=4621,true
1905-002:УГС:706:1280,УГС ст. 706,УГС,ст. 706,1905-002,1905,2,1280,1287,ст. 706,"атъ находитъ: 1) что настоящій искъ имѣлъ своимъ предметомъ право собственности на участокъ земли, и судебная палата измѣнять, въ нарушеніе ст. 706 уст. гр. суд., этотъ предметъ, считать настоящій искъ искомъ не о правѣ собственности, а о правѣ пользованія, и признавать его въ такомъ из",прямое название акта рядом с номером,номер статьи извлечён из OCR; сверяйте со сканом,https://ivseliv.github.io/senat/lex/#/d/1905-002,1905-002:0-1623,https://ivseliv.github.io/senat/lex/#/d/1905-002?mode=laws&c=%D0%A3%D0%93%D0%A1&q=%D1%81%D1%82.+706&at=0&end=1623,true
1904-042:УГС:707:6653,УГС ст. 707,УГС,ст. 707,1904-042,1904,42,6653,6660,707 ст.,"овыхъ имѣній графа Георгія Сенъ-При, расположенныхъ въ Нижегородскомъ уѣздѣ. Сему выводу не противорѣчитъ указываемая повѣреннымъ отвѣтчицы 707 ст. уст. гр. суд. На точномъ основаніи 1068 ст. 1 ч. X т., родовыя имѣнія не подлежатъ завѣщанію; допускаемое же ею одно изъятіе можетъ быть ос",прямое название акта рядом с номером,номер статьи извлечён из OCR; сверяйте со сканом,https://ivseliv.github.io/senat/lex/#/d/1904-042,1904-042:5747-7687,https://ivseliv.github.io/senat/lex/#/d/1904-042?mode=laws&c=%D0%A3%D0%93%D0%A1&q=%D1%81%D1%82.+707&at=5747&end=7687,true
1897-034:УГС:711:4038,УГС ст. 711,УГС,ст. 711,1897-034,1897,34,4038,4045,ст. 711,"му предмету заключенію, въ правѣ была не давать такому извѣту дальнѣйшаго хода, ни въ чемъ не нарушивъ этимъ 557 ст. уст. гр. суд.); 3) что ст. 711 уст. гр. суд. не нарушена, такъ какъ, вопреки указанію въ жалобѣ, соображенія палаты представляются достаточно опредѣленными и обоснованным",прямое название акта рядом с номером,номер статьи извлечён из OCR; сверяйте со сканом,https://ivseliv.github.io/senat/lex/#/d/1897-034,1897-034:2873-4515,https://ivseliv.github.io/senat/lex/#/d/1897-034?mode=laws&c=%D0%A3%D0%93%D0%A1&q=%D1%81%D1%82.+711&at=2873&end=4515,true
1904-042:УГС:711:24036,УГС ст. 711,УГС,ст. 711,1904-042,1904,42,24036,24043,711 ст.,"а,—былъ русскій подданный, а не французскій гражданинъ, какъ доказывалъ отвѣтчикъ. Уклонившись отъ разрѣшенія сего вопроса, палата нарушила 711 ст. уст. гр. суд. По всѣмъ изложеннымъ соображеніямъ, Правительствующій Сенатъ опредѣляетъ: I) по кассаціонной жалобѣ повѣренныхъ Изабеллы-Шарл",прямое название акта рядом с номером,номер статьи извлечён из OCR; сверяйте со сканом,https://ivseliv.github.io/senat/lex/#/d/1904-042,1904-042:22411-24057,https://ivseliv.github.io/senat/lex/#/d/1904-042?mode=laws&c=%D0%A3%D0%93%D0%A1&q=%D1%81%D1%82.+711&at=22411&end=24057,true
1904-078:УГС:711:10175,УГС ст. 711,УГС,ст. 711,1904-078,1904,78,10175,10182,ст. 711,"еніе это, такъ и соображенія суда, вслѣдствіе чего не была обязана излагать свои соображенія по сему предмету и, слѣдовательно, не нарушила ст. 711 уст. гр. суд. (рѣш. гр. касс. д-та 1902 г. № 14).",прямое название акта рядом с номером,номер статьи извлечён из OCR; сверяйте со сканом,https://ivseliv.github.io/senat/lex/#/d/1904-078,1904-078:8802-10531,https://ivseliv.github.io/senat/lex/#/d/1904-078?mode=laws&c=%D0%A3%D0%93%D0%A1&q=%D1%81%D1%82.+711&at=8802&end=10531,true
1905-007:УГС:711:3203,УГС ст. 711,УГС,ст. 711,1905-007,1905,7,3203,3210,ст. 711,"нованіе обжалованнаго рѣшенія, не удовлетворяютъ требованіямъ ясности и послѣдовательности, необходимыхъ для правильнаго судебнаго рѣшенія (ст. 711 уст. гр. суд.). Такъ, установивъ, что искъ основанъ на домашнемъ раздѣльномъ актѣ, совершенномъ 28 іюля 1900 года, по которому наслѣдники с",прямое название акта рядом с номером,номер статьи извлечён из OCR; сверяйте со сканом,https://ivseliv.github.io/senat/lex/#/d/1905-007,1905-007:2695-4587,https://ivseliv.github.io/senat/lex/#/d/1905-007?mode=laws&c=%D0%A3%D0%93%D0%A1&q=%D1%81%D1%82.+711&at=2695&end=4587,true
1905-043:УГС:711:4069,УГС ст. 711,УГС,ст. 711,1905-043,1905,43,4069,4076,ст. 711,"Въ кассаціонной жалобѣ душеприказчики, Матушинскій и Сулимерскій, указывая на допущенныя палатою нарушенія ст. 1026, 1031 и 900 гр. код. и ст. 711 уст. гр. суд., просятъ объ отмѣнѣ рѣшенія, насколько оно касается удовлетворенія въ части первоначальнаго иска Павловскихъ и отказа въ част",прямое название акта рядом с номером,номер статьи извлечён из OCR; сверяйте со сканом,https://ivseliv.github.io/senat/lex/#/d/1905-043,1905-043:2857-4718,https://ivseliv.github.io/senat/lex/#/d/1905-043?mode=laws&c=%D0%A3%D0%93%D0%A1&q=%D1%81%D1%82.+711&at=2857&end=4718,true
1897-053:УГС:726:460,УГС ст. 726,УГС,ст. 726,1897-053,1897,53,460,467,ст. 726,"Ярославскій окружный судъ нашелъ, что рѣшеніе состоялось хотя и въ отсутствіи отвѣчика, но не противъ него, а противъ истца; что, согласно ст. 726 уст. гр. суд., отвѣтчику, мѣсто жительства котораго истцомъ не указано, объявляется чрезъ публикацію лишь такое рѣшеніе, которое постановле",прямое название акта рядом с номером,номер статьи извлечён из OCR; сверяйте со сканом,https://ivseliv.github.io/senat/lex/#/d/1897-053,1897-053:0-1604,https://ivseliv.github.io/senat/lex/#/d/1897-053?mode=laws&c=%D0%A3%D0%93%D0%A1&q=%D1%81%D1%82.+726&at=0&end=1604,true
1897-053:УГС:728:4336,УГС ст. 728,УГС,ст. 728,1897-053,1897,53,4336,4343,ст. 728,"вомъ „относительно.“ Упущенная же изъ виду ст. 734 уст. гр. суд. точно опредѣляетъ, что „для обѣихъ сторонъ срокъ апелляціи исчисляется, по ст. 728, со времени полученія отвѣтчикомъ выписки рѣшенія, или со времени предъявленія отвѣтчику повѣстки объ исполненіи рѣшенія, смотря по тому, ч",прямое название акта рядом с номером,номер статьи извлечён из OCR; сверяйте со сканом,https://ivseliv.github.io/senat/lex/#/d/1897-053,1897-053:2645-4734,https://ivseliv.github.io/senat/lex/#/d/1897-053?mode=laws&c=%D0%A3%D0%93%D0%A1&q=%D1%81%D1%82.+728&at=2645&end=4734,true
1905-012:УГС:730:2885,УГС ст. 730,УГС,ст. 730,1905-012,1905,12,2885,2892,ст. 730,"было ни копіи его для истца, ни сборовъ, но не нашла возможнымъ удовлетворить ходатайство повѣреннаго Пименова о возвращеніи отзыва въ виду ст. 730 уст. гр. суд., допускающей жалобы по этому предмету лишь вмѣстѣ съ апелляціей. Имѣя въ виду, что жаловаться на принятіе отзыва можетъ тольк",прямое название акта рядом с номером,номер статьи извлечён из OCR; сверяйте со сканом,https://ivseliv.github.io/senat/lex/#/d/1905-012,1905-012:1224-2971,https://ivseliv.github.io/senat/lex/#/d/1905-012?mode=laws&c=%D0%A3%D0%93%D0%A1&q=%D1%81%D1%82.+730&at=1224&end=2971,true
1897-053:УГС:734:3758,УГС ст. 734,УГС,ст. 734,1897-053,1897,53,3758,3765,ст. 734,"да въ искѣ истцу отказано, неправильны и въ томъ отношеніи, что въ нихъ невѣрно истолкованъ смыслъ ст. 726 уст. гр. суд. и упущена изъ виду ст. 734 того же устава. Ст. 726 уст. гр. суд. вовсе не заключаетъ въ себѣ, какъ это полагаютъ судъ и палата, правила, что публикуется резолюція зао",прямое название акта рядом с номером,номер статьи извлечён из OCR; сверяйте со сканом,https://ivseliv.github.io/senat/lex/#/d/1897-053,1897-053:2645-4734,https://ivseliv.github.io/senat/lex/#/d/1897-053?mode=laws&c=%D0%A3%D0%93%D0%A1&q=%D1%81%D1%82.+734&at=2645&end=4734,true
1904-059:УГС:734:4354,УГС ст. 734,УГС,ст. 734,1904-059,1904,59,4354,4361,734 ст.,"бу, возвращенную ему судомъ, въ правѣ обжаловать заочное рѣшеніе подачею новой апелляціонной жалобы въ срокъ, установленный закономъ (155 и 734 ст. уст. гр. суд.). Вслѣдствіе сего Правительствующій Сенатъ опредѣляетъ: опредѣленіе Виницкаго мироваго съѣзда, по нарушенію 155 ст. уст. гр.",прямое название акта рядом с номером,номер статьи извлечён из OCR; сверяйте со сканом,https://ivseliv.github.io/senat/lex/#/d/1904-059,1904-059:2712-4575,https://ivseliv.github.io/senat/lex/#/d/1904-059?mode=laws&c=%D0%A3%D0%93%D0%A1&q=%D1%81%D1%82.+734&at=2712&end=4575,true
1904-083:УГС:734:664,УГС ст. 734,УГС,ст. 734,1904-083,1904,83,664,671,ст. 734,"ельствующій Сенатъ находитъ: 1) что упомянутое въ вопросѣ указаніе кассаціонной жалобы, прежде всего, не оправдывается буквальнымъ текстомъ ст. 734 и 728 уст. гр. суд., въ которыхъ исчисленіе апелляціоннаго срока со дня предъявленія отвѣтчику повѣстки объ исполненіи заочнаго рѣшенія не",прямое название акта рядом с номером,номер статьи извлечён из OCR; сверяйте со сканом,https://ivseliv.github.io/senat/lex/#/d/1904-083,1904-083:0-1781,https://ivseliv.github.io/senat/lex/#/d/1904-083?mode=laws&c=%D0%A3%D0%93%D0%A1&q=%D1%81%D1%82.+734&at=0&end=1781,true
1904-074:УГС:749:3401,УГС ст. 749,УГС,ст. 749,1904-074,1904,74,3401,3408,ст. 749,"и, копіи рѣшенія. Правило это, будучи исключеніемъ изъ общаго правила объ исчисленіи срока для обжалованія рѣшеній со дня объявленія оныхъ (ст. 749 и 785 уст. гр. суд.), уже по этому одному, не можетъ быть толкуемо распространительно.—По буквальному же смыслу статьи 1293, оно состоитъ в",прямое название акта рядом с номером,номер статьи извлечён из OCR; сверяйте со сканом,https://ivseliv.github.io/senat/lex/#/d/1904-074,1904-074:3016-4365,https://ivseliv.github.io/senat/lex/#/d/1904-074?mode=laws&c=%D0%A3%D0%93%D0%A1&q=%D1%81%D1%82.+749&at=3016&end=4365,true
1905-012:УГС:760:3464,УГС ст. 760,УГС,ст. 760,1905-012,1905,12,3464,3471,760 ст.,"апелляціонную жалобу отвѣтчика. Такого рода требованія, согласно 764 ст. уст. гр. суд. могутъ быть заявлены не позже срока, установленнаго 760 ст., т.-е. въ теченіе мѣсяца со дня полученія копіи апелляціонной жалобы съ присовокупленіемъ поверстнаго. Установивъ, что повѣренный Пименова",прямое название акта рядом с номером,номер статьи извлечён из OCR; сверяйте со сканом,https://ivseliv.github.io/senat/lex/#/d/1905-012,1905-012:2745-4251,https://ivseliv.github.io/senat/lex/#/d/1905-012?mode=laws&c=%D0%A3%D0%93%D0%A1&q=%D1%81%D1%82.+760&at=2745&end=4251,true
1905-012:УГС:764:3390,УГС ст. 764,УГС,ст. 764,1905-012,1905,12,3390,3397,764 ст.,"въ видѣ встрѣчнаго апелляціоннаго требованія, заявленнаго въ объясненіи на апелляціонную жалобу отвѣтчика. Такого рода требованія, согласно 764 ст. уст. гр. суд. могутъ быть заявлены не позже срока, установленнаго 760 ст., т.-е. въ теченіе мѣсяца со дня полученія копіи апелляціонной жал",прямое название акта рядом с номером,номер статьи извлечён из OCR; сверяйте со сканом,https://ivseliv.github.io/senat/lex/#/d/1905-012,1905-012:2745-4251,https://ivseliv.github.io/senat/lex/#/d/1905-012?mode=laws&c=%D0%A3%D0%93%D0%A1&q=%D1%81%D1%82.+764&at=2745&end=4251,true
1904-090:УГС:783:10665,УГС ст. 783,УГС,ст. 783,1904-090,1904,90,10665,10672,ст. 783,"авительствующаго Сената, напечатанное въ сборникѣ за 1893 г. подъ № 2, относительно отвѣтственности казны предъ оправданнымъ подсудимымъ по ст. 783 и 784 уст. угол. суд. и по ст. 601 уст. гр. судопр. только при наличности неправильныхъ дѣйствій должностныхъ лицъ казеннаго управленія, не",прямое название акта рядом с номером,номер статьи извлечён из OCR; сверяйте со сканом,https://ivseliv.github.io/senat/lex/#/d/1904-090,1904-090:8744-10849,https://ivseliv.github.io/senat/lex/#/d/1904-090?mode=laws&c=%D0%A3%D0%93%D0%A1&q=%D1%81%D1%82.+783&at=8744&end=10849,true
1904-074:УГС:785:1002,УГС ст. 785,УГС,ст. 785,1904-074,1904,74,1002,1009,785 ст.,а обложенія имущества Родіоновой пошлиною по страховой оцѣнкѣ въ 2325 руб. Жалобу эту окружный судъ возвратилъ за пропускомъ установленнаго 785 ст. уст. гр. суд. двухнедѣльнаго срока со дня объявленія обжалованнаго опредѣленія въ окончательной формѣ.—Принесенную на это распоряженіе окру,прямое название акта рядом с номером,номер статьи извлечён из OCR; сверяйте со сканом,https://ivseliv.github.io/senat/lex/#/d/1904-074,1904-074:0-1559,https://ivseliv.github.io/senat/lex/#/d/1904-074?mode=laws&c=%D0%A3%D0%93%D0%A1&q=%D1%81%D1%82.+785&at=0&end=1559,true
1897-001:УГС:793:20238,УГС ст. 793,УГС,ст. 793,1897-001,1897,1,20238,20245,ст. 793,"ончательномъ выводѣ правильнымъ, Правительствующій Сенатъ опредѣляетъ: просьбу повѣренныхъ купцовъ Константина и Петра Панкѣевыхъ, за силою ст. 793 уст. гр. суд., оставить безъ послѣдствій.",прямое название акта рядом с номером,номер статьи извлечён из OCR; сверяйте со сканом,https://ivseliv.github.io/senat/lex/#/d/1897-001,1897-001:18232-20287,https://ivseliv.github.io/senat/lex/#/d/1897-001?mode=laws&c=%D0%A3%D0%93%D0%A1&q=%D1%81%D1%82.+793&at=18232&end=20287,true
1897-009:УГС:793:22753,УГС ст. 793,УГС,ст. 793,1897-009,1897,9,22753,22760,793 ст.,"таточныхъ для признанія этого вывода правильнымъ, и поэтому это нарушеніе 339 ст. уст. гр. судопр., какъ несущественное, не можетъ, въ силу 793 ст. уст. гр. судопр., служить поводомъ къ отмѣнѣ рѣшенія палаты,—Правительствующій Сенатъ, признавая по всѣмъ симъ основаніямъ кассаціонную жал",прямое название акта рядом с номером,номер статьи извлечён из OCR; сверяйте со сканом,https://ivseliv.github.io/senat/lex/#/d/1897-009,1897-009:21321-23148,https://ivseliv.github.io/senat/lex/#/d/1897-009?mode=laws&c=%D0%A3%D0%93%D0%A1&q=%D1%81%D1%82.+793&at=21321&end=23148,true
1897-014:УГС:793:18730,УГС ст. 793,УГС,ст. 793,1897-014,1897,14,18730,18737,ст. 793,"ямъ, не находя поводовъ къ отмѣнѣ рѣшенія палаты, Правительствующій Сенатъ опредѣляетъ: просьбу присяжнаго повѣреннаго Абрамовича, за силою ст. 793 уст. гр. суд., оставить безъ послѣдствій.",прямое название акта рядом с номером,номер статьи извлечён из OCR; сверяйте со сканом,https://ivseliv.github.io/senat/lex/#/d/1897-014,1897-014:17273-18779,https://ivseliv.github.io/senat/lex/#/d/1897-014?mode=laws&c=%D0%A3%D0%93%D0%A1&q=%D1%81%D1%82.+793&at=17273&end=18779,true
1897-019:УГС:793:4332,УГС ст. 793,УГС,ст. 793,1897-019,1897,19,4332,4339,ст. 793,"гр. код. По симъ основаніямъ Правительствующій Сенатъ определяетъ: просьбу повѣреннаго торговаго дома подъ фирмою „бр. Гинсбергъ“, за силою ст. 793 уст. гр. суд., оставить безъ послѣдствій.",прямое название акта рядом с номером,номер статьи извлечён из OCR; сверяйте со сканом,https://ivseliv.github.io/senat/lex/#/d/1897-019,1897-019:3122-4381,https://ivseliv.github.io/senat/lex/#/d/1897-019?mode=laws&c=%D0%A3%D0%93%D0%A1&q=%D1%81%D1%82.+793&at=3122&end=4381,true
1897-033:УГС:793:1058,УГС ст. 793,УГС,ст. 793,1897-033,1897,33,1058,1065,ст. 793,"ятельнаго въ дѣлѣ значенія, не требуютъ особаго обсужденія, Правительствующій Сенатъ опредѣляетъ: просьбу повѣреннаго Вѣры Анжело, за силою ст. 793 уст. гр. суд., оставить безъ послѣдствій.",прямое название акта рядом с номером,номер статьи извлечён из OCR; сверяйте со сканом,https://ivseliv.github.io/senat/lex/#/d/1897-033,1897-033:0-1107,https://ivseliv.github.io/senat/lex/#/d/1897-033?mode=laws&c=%D0%A3%D0%93%D0%A1&q=%D1%81%D1%82.+793&at=0&end=1107,true
1897-034:УГС:793:6090,УГС ст. 793,УГС,ст. 793,1897-034,1897,34,6090,6097,ст. 793,"., и дѣло передать, для новаго въ этой части разсмотрѣнія, въ другой департаментъ той-же палаты, и 2) просьбу повѣреннаго Зетцеръ, за силою ст. 793 уст. гр. суд., оставить безъ послѣдствій.",прямое название акта рядом с номером,номер статьи извлечён из OCR; сверяйте со сканом,https://ivseliv.github.io/senat/lex/#/d/1897-034,1897-034:4220-6139,https://ivseliv.github.io/senat/lex/#/d/1897-034?mode=laws&c=%D0%A3%D0%93%D0%A1&q=%D1%81%D1%82.+793&at=4220&end=6139,true
1897-039:УГС:793:3482,УГС ст. 793,УГС,ст. 793,1897-039,1897,39,3482,3489,ст. 793,"0). По изложеннымъ соображеніямъ Правительствующій Сенатъ опредѣляетъ: кассаціонную жалобу начальницы Старицкой Маріинской общины, за силою ст. 793 уст. гр. суд., оставить безъ послѣдствій.",прямое название акта рядом с номером,номер статьи извлечён из OCR; сверяйте со сканом,https://ivseliv.github.io/senat/lex/#/d/1897-039,1897-039:1333-3531,https://ivseliv.github.io/senat/lex/#/d/1897-039?mode=laws&c=%D0%A3%D0%93%D0%A1&q=%D1%81%D1%82.+793&at=1333&end=3531,true
1897-051:УГС:793:7789,УГС ст. 793,УГС,ст. 793,1897-051,1897,51,7789,7796,ст. 793,"рѣчащимъ закону; посему Правительствующій Сенатъ опредѣляетъ: касаціонную жалобу повѣреннаго надворнаго совѣтника Петра Ратманова, за силою ст. 793 уст. гр. суд., оставить безъ послѣдствій.",прямое название акта рядом с номером,номер статьи извлечён из OCR; сверяйте со сканом,https://ivseliv.github.io/senat/lex/#/d/1897-051,1897-051:5913-7838,https://ivseliv.github.io/senat/lex/#/d/1897-051?mode=laws&c=%D0%A3%D0%93%D0%A1&q=%D1%81%D1%82.+793&at=5913&end=7838,true
1897-057:УГС:793:5653,УГС ст. 793,УГС,ст. 793,1897-057,1897,57,5653,5660,ст. 793,"По симъ соображеніямъ Правительствующій Сенатъ ОПРЕДѢЛЯЕТЪ: кассаціонную жалобу повѣреннаго вдовы статскаго совѣтника Лепешинской, за силою ст. 793 уст. гр. суд., оставить безъ послѣдствій.",прямое название акта рядом с номером,номер статьи извлечён из OCR; сверяйте со сканом,https://ivseliv.github.io/senat/lex/#/d/1897-057,1897-057:4575-5702,https://ivseliv.github.io/senat/lex/#/d/1897-057?mode=laws&c=%D0%A3%D0%93%D0%A1&q=%D1%81%D1%82.+793&at=4575&end=5702,true
1897-060:УГС:793:7736,УГС ст. 793,УГС,ст. 793,1897-060,1897,60,7736,7743,ст. 793,"0 г. № 88). По симъ основаніямъ Правительствующій Сенатъ опредѣляетъ: кассаціонную жалобу повѣреннаго солдатской вдовы Пискаревой, за силою ст. 793 уст. гр. суд., оставить безъ послѣдствій.",прямое название акта рядом с номером,номер статьи извлечён из OCR; сверяйте со сканом,https://ivseliv.github.io/senat/lex/#/d/1897-060,1897-060:5810-7785,https://ivseliv.github.io/senat/lex/#/d/1897-060?mode=laws&c=%D0%A3%D0%93%D0%A1&q=%D1%81%D1%82.+793&at=5810&end=7785,true
1897-062:УГС:793:13795,УГС ст. 793,УГС,ст. 793,1897-062,1897,62,13795,13802,ст. 793,"правильнымъ. Вслѣдствіе всего изложеннаго Правительствующій Сенатъ опредѣляетъ: просьбу повѣреннаго Отто Пастора и Филиппа Эйлера, за силою ст. 793 уст. гр. суд., оставить безъ послѣдствій.",прямое название акта рядом с номером,номер статьи извлечён из OCR; сверяйте со сканом,https://ivseliv.github.io/senat/lex/#/d/1897-062,1897-062:11710-13844,https://ivseliv.github.io/senat/lex/#/d/1897-062?mode=laws&c=%D0%A3%D0%93%D0%A1&q=%D1%81%D1%82.+793&at=11710&end=13844,true
1897-075:УГС:793:6010,УГС ст. 793,УГС,ст. 793,1897-075,1897,75,6010,6017,ст. 793,"мъ симъ соображеніямъ Правительствующій Сенатъ опредѣляетъ: кассаціонную жалобу повѣреннаго управленія казенныхъ желѣзныхъ дорогъ, за силою ст. 793 уст. гр. суд., оставить безъ послѣдствій.",прямое название акта рядом с номером,номер статьи извлечён из OCR; сверяйте со сканом,https://ivseliv.github.io/senat/lex/#/d/1897-075,1897-075:4328-6059,https://ivseliv.github.io/senat/lex/#/d/1897-075?mode=laws&c=%D0%A3%D0%93%D0%A1&q=%D1%81%D1%82.+793&at=4328&end=6059,true
1897-080:УГС:793:14607,УГС ст. 793,УГС,ст. 793,1897-080,1897,80,14607,14614,ст. 793,"сей послѣдней, Правительствующій Сенатъ опредѣляетъ: просьбу повѣреннаго конкурснаго управленія по дѣламъ купца Василія Пальмера, за силою ст. 793 уст. гр. суд., оставить безъ послѣдствій.",прямое название акта рядом с номером,номер статьи извлечён из OCR; сверяйте со сканом,https://ivseliv.github.io/senat/lex/#/d/1897-080,1897-080:13235-14656,https://ivseliv.github.io/senat/lex/#/d/1897-080?mode=laws&c=%D0%A3%D0%93%D0%A1&q=%D1%81%D1%82.+793&at=13235&end=14656,true
1897-088:УГС:793:7392,УГС ст. 793,УГС,ст. 793,1897-088,1897,88,7392,7399,ст. 793,"этихъ основаніяхъ Правительствующій Сенатъ опредѣляетъ: кассаціонную жалобу повѣреннаго коллежскаго совѣтника Николая Безобразова, за силою ст. 793 уст. гр. суд., оставить безъ послѣдствій.",прямое название акта рядом с номером,номер статьи извлечён из OCR; сверяйте со сканом,https://ivseliv.github.io/senat/lex/#/d/1897-088,1897-088:7023-7441,https://ivseliv.github.io/senat/lex/#/d/1897-088?mode=laws&c=%D0%A3%D0%93%D0%A1&q=%D1%81%D1%82.+793&at=7023&end=7441,true
1897-093:УГС:793:16876,УГС ст. 793,УГС,ст. 793,1897-093,1897,93,16876,16882,ст 793,"смотрѣнія, въ другой департаментъ той же палаты, а въ остальныхъ частяхъ кассаціонныя жалобы Новогрудскихъ и повѣреннаго Гвоздева, за силою ст 793 уст. гр. суд., оставить безъ послѣдствій.",прямое название акта рядом с номером,номер статьи извлечён из OCR; сверяйте со сканом,https://ivseliv.github.io/senat/lex/#/d/1897-093,1897-093:15351-16924,https://ivseliv.github.io/senat/lex/#/d/1897-093?mode=laws&c=%D0%A3%D0%93%D0%A1&q=%D1%81%D1%82.+793&at=15351&end=16924,true
1897-098:УГС:793:16538,УГС ст. 793,УГС,ст. 793,1897-098,1897,98,16538,16545,ст. 793,"скаго не заслуживаетъ уваженія и вслѣдствіе сего опредѣляетъ: просьбу повѣреннаго дѣйствительнаго статскаго совѣтника Кремянскаго, за силою ст. 793 уст. гр. суд., оставить безъ послѣдствій.",прямое название акта рядом с номером,номер статьи извлечён из OCR; сверяйте со сканом,https://ivseliv.github.io/senat/lex/#/d/1897-098,1897-098:15394-16587,https://ivseliv.github.io/senat/lex/#/d/1897-098?mode=laws&c=%D0%A3%D0%93%D0%A1&q=%D1%81%D1%82.+793&at=15394&end=16587,true
1897-073:УГС:794:320,УГС ст. 794,УГС,ст. 794,1897-073,1897,73,320,327,ст. 794,"іи этой вещи похищенною можетъ, въ виду ст. 30 уст. угол. суд., служить такимъ новымъ обстоятельствомъ, вслѣдствіе котораго допускается, по ст. 794 уст. гр. суд., пересмотръ состоявшагося прежде гражданскаго рѣшенія, съ уголовнымъ постановленіемъ несогласнаго (рѣш. гр. касс. деп. 1875 г",прямое название акта рядом с номером,номер статьи извлечён из OCR; сверяйте со сканом,https://ivseliv.github.io/senat/lex/#/d/1897-073,1897-073:0-1262,https://ivseliv.github.io/senat/lex/#/d/1897-073?mode=laws&c=%D0%A3%D0%93%D0%A1&q=%D1%81%D1%82.+794&at=0&end=1262,true
1897-031:УГС:795:9977,УГС ст. 795,УГС,ст. 795,1897-031,1897,31,9977,9984,ст. 795,"отмѣнѣ рѣшенія палаты 18 декабря 1881 года, какъ нисколько не нарушившаго ихъ правъ; вообще же означенный порядокъ обжалованія установленъ ст. 795 уст. гр. суд. лишь по дѣламъ гражданскимъ, и вовсе не имѣетъ примѣненія къ межевымъ дѣламъ, какъ то признано рѣшеніемъ палаты 2 мая 1889 го",прямое название акта рядом с номером,номер статьи извлечён из OCR; сверяйте со сканом,https://ivseliv.github.io/senat/lex/#/d/1897-031,1897-031:8408-10220,https://ivseliv.github.io/senat/lex/#/d/1897-031?mode=laws&c=%D0%A3%D0%93%D0%A1&q=%D1%81%D1%82.+795&at=8408&end=10220,true
1897-009:УГС:801:14738,УГС ст. 801,УГС,ст. 801,1897-009,1897,9,14738,14745,ст. 801,"Останавливаясь на первомъ изъ сихъ вопросовъ, Правительствующій Сенатъ находитъ, что законъ (ст. 801 уст. гр. суд.) даетъ право тяжущемуся, не принесшему, въ установленный срокъ, кассаціонной жалобы, обжаловать рѣшеніе въ объясненіи на касс",прямое название акта рядом с номером,номер статьи извлечён из OCR; сверяйте со сканом,https://ivseliv.github.io/senat/lex/#/d/1897-009,1897-009:13901-15646,https://ivseliv.github.io/senat/lex/#/d/1897-009?mode=laws&c=%D0%A3%D0%93%D0%A1&q=%D1%81%D1%82.+801&at=13901&end=15646,true
1904-093:УГС:81:1430,УГС ст. 81,УГС,ст. 81,1904-093,1904,93,1430,1436,ст. 81,"ной дороги въ силу лежащей на ней обязанности не можетъ имѣть мѣста и о состоявшемся относительно нагрузки соглашеніи, на точномъ основаніи ст. 81 уст. гр. суд., должна доказать желѣзная дорога, какъ утверждающая, что она, не будучи обязана производить нагрузку, взяла на себя эту опера",прямое название акта рядом с номером,номер статьи извлечён из OCR; сверяйте со сканом,https://ivseliv.github.io/senat/lex/#/d/1904-093,1904-093:0-1677,https://ivseliv.github.io/senat/lex/#/d/1904-093?mode=laws&c=%D0%A3%D0%93%D0%A1&q=%D1%81%D1%82.+81&at=0&end=1677,true
1905-028:УГС:81:3442,УГС ст. 81,УГС,ст. 81,1905-028,1905,28,3442,3448,ст. 81,"ны истца никакихъ данныхъ не представлено въ доказательство неправильной укладки отвѣтчикомъ рельсовъ, имѣлъ законное основаніе, не нарушая ст. 81 уст. гр. суд., для отказа въ искѣ о вознагражденіи за причиненныя лошади поврежденія, каковыя произошли, по заключенію мироваго съѣзда, не",прямое название акта рядом с номером,номер статьи извлечён из OCR; сверяйте со сканом,https://ivseliv.github.io/senat/lex/#/d/1905-028,1905-028:2806-3862,https://ivseliv.github.io/senat/lex/#/d/1905-028?mode=laws&c=%D0%A3%D0%93%D0%A1&q=%D1%81%D1%82.+81&at=2806&end=3862,true
1897-059:УГС:82:1503,УГС ст. 82,УГС,ст. 82,1897-059,1897,59,1503,1509,ст. 82,"Гражд. 1897 г. 13* мировой съѣздъ, находя, что, по силѣ ст. 82 зак. о суд. и взыск. гр. 2 ч. X т. св. изд. 1876 г. (ст. 608 зак. суд. гр. 2 ч. XVI т. св. изд. 1892 г.), срокъ, указанный въ п. 3 отд. VI",акт определён по контексту решения,номер статьи извлечён из OCR; сверяйте со сканом,https://ivseliv.github.io/senat/lex/#/d/1897-059,1897-059:1210-2416,https://ivseliv.github.io/senat/lex/#/d/1897-059?mode=laws&c=%D0%A3%D0%93%D0%A1&q=%D1%81%D1%82.+82&at=1210&end=2416,true
1897-067:УГС:821:2578,УГС ст. 821,УГС,ст. 821,1897-067,1897,67,2578,2585,ст. 821,"тельствую- щимъ Сенатомъ объ отмѣнѣ опредѣленія мирового съѣзда по слѣдующимъ приводимымъ имъ основаніямъ: 1) сужденіе съѣзда, что, по силѣ ст. 821 уст. гр. суд., осмотръ книгъ допущенъ быть не можетъ, нарушаетъ эту статью, коею обезпеченіе доказательствъ „осмотромъ“ допущено. 2) Статьи",прямое название акта рядом с номером,номер статьи извлечён из OCR; сверяйте со сканом,https://ivseliv.github.io/senat/lex/#/d/1897-067,1897-067:2006-3523,https://ivseliv.github.io/senat/lex/#/d/1897-067?mode=laws&c=%D0%A3%D0%93%D0%A1&q=%D1%81%D1%82.+821&at=2006&end=3523,true
1897-009:УГС:824:16285,УГС ст. 824,УГС,ст. 824,1897-009,1897,9,16285,16292,ст. 824,"т. 300 уст. гр. суд.), слѣдуетъ признать, что срокъ, отъ котораго зависитъ право тяжущагося, истекаетъ въ послѣдній день поверстнаго срока (ст. 824), и такъ какъ, по ст. 828 уст. гр. суд., при поступленіи прошенія или жалобы отъ лицъ отсутствующихъ, днемъ полученія въ судѣ бумаги считае",прямое название акта рядом с номером,номер статьи извлечён из OCR; сверяйте со сканом,https://ivseliv.github.io/senat/lex/#/d/1897-009,1897-009:15381-17301,https://ivseliv.github.io/senat/lex/#/d/1897-009?mode=laws&c=%D0%A3%D0%93%D0%A1&q=%D1%81%D1%82.+824&at=15381&end=17301,true
1897-009:УГС:828:16311,УГС ст. 828,УГС,ст. 828,1897-009,1897,9,16311,16318,ст. 828,"дуетъ признать, что срокъ, отъ котораго зависитъ право тяжущагося, истекаетъ въ послѣдній день поверстнаго срока (ст. 824), и такъ какъ, по ст. 828 уст. гр. суд., при поступленіи прошенія или жалобы отъ лицъ отсутствующихъ, днемъ полученія въ судѣ бумаги считается день полученія ея на п",прямое название акта рядом с номером,номер статьи извлечён из OCR; сверяйте со сканом,https://ivseliv.github.io/senat/lex/#/d/1897-009,1897-009:15381-17301,https://ivseliv.github.io/senat/lex/#/d/1897-009?mode=laws&c=%D0%A3%D0%93%D0%A1&q=%D1%81%D1%82.+828&at=15381&end=17301,true
1897-067:УГС:82¹:552,УГС ст. 82¹,УГС,ст. 82¹,1897-067,1897,67,552,559,ст. 82¹,"имъ торговыхъ книгъ, находящихся въ ихъ арестованномъ магазинѣ, — просилъ мирового судью, на случай выдачи книгъ, произвести, на основаніи ст. 82¹ уст. гр. суд., осмотръ этихъ книгъ для обезпеченія доказательствъ по вышеизложеннымъ обстоятельствамъ. Мировой судья оставилъ это прошеніе",прямое название акта рядом с номером,номер статьи извлечён из OCR; сверяйте со сканом,https://ivseliv.github.io/senat/lex/#/d/1897-067,1897-067:0-2222,https://ivseliv.github.io/senat/lex/#/d/1897-067?mode=laws&c=%D0%A3%D0%93%D0%A1&q=%D1%81%D1%82.+82%C2%B9&at=0&end=2222,true
1897-055:УГС:848:4740,УГС ст. 848,УГС,ст. 848,1897-055,1897,55,4740,4747,ст. 848,"ѣшенія перваго вопроса ссылка палаты на ст. 853 у. г. с. не имѣетъ для даннаго вопроса рѣшающаго значенія, такъ какъ статья эта въ связи съ ст. 848 у. г. с. упоминаетъ лишь объ исковыхъ, а не объ иныхъ прошеніяхъ. Второй изъ вышепоставленныхъ вопросовъ тоже",акт определён по контексту решения,номер статьи извлечён из OCR; сверяйте со сканом,https://ivseliv.github.io/senat/lex/#/d/1897-055,1897-055:3078-4813,https://ivseliv.github.io/senat/lex/#/d/1897-055?mode=laws&c=%D0%A3%D0%93%D0%A1&q=%D1%81%D1%82.+848&at=3078&end=4813,true
1904-042:УГС:849:22627,УГС ст. 849,УГС,ст. 849,1904-042,1904,42,22627,22634,ст. 849,"завѣщанія, а не искъ объ изъятіи изъ владѣнія отвѣтчика имѣнія опредѣленной цѣнности; поэтому оцѣнка иска должна быть опредѣлена, согласно ст. 849 уст. гр. суд., самимъ судомъ. Приведенная 849 ст. относится только къ дѣламъ, неподлежащимъ оцѣнкѣ. Между тѣмъ палата установила, что, по т",прямое название акта рядом с номером,номер статьи извлечён из OCR; сверяйте со сканом,https://ivseliv.github.io/senat/lex/#/d/1904-042,1904-042:21012-22664,https://ivseliv.github.io/senat/lex/#/d/1904-042?mode=laws&c=%D0%A3%D0%93%D0%A1&q=%D1%81%D1%82.+849&at=21012&end=22664,true
1905-115:УГС:849:4143,УГС ст. 849,УГС,ст. 849,1905-115,1905,115,4143,4150,ст. 849,"іи того или другаго денежнаго сбора, неполныя сотни (или части ихъ) считались за полныя, онъ въ текстѣ своемъ ясно это и выражалъ, напр. въ ст. 849 уст. гр. суд., 47 и 50 уст. о герб. сб. изд. 1903 г. Но, если изъ статьи 2-й таксы нельзя вывести заключенія, что при ввиманіи установленна",прямое название акта рядом с номером,номер статьи извлечён из OCR; сверяйте со сканом,https://ivseliv.github.io/senat/lex/#/d/1905-115,1905-115:2653-4203,https://ivseliv.github.io/senat/lex/#/d/1905-115?mode=laws&c=%D0%A3%D0%93%D0%A1&q=%D1%81%D1%82.+849&at=2653&end=4203,true
1897-055:УГС:853:918,УГС ст. 853,УГС,ст. 853,1897-055,1897,55,918,925,ст. 853,"Эйзенбергу при объявленіи. По жалобѣ Эйзенберга на это распоряженіе суда, С.-Петербургская судебная палата нашла: а) что, по точному смыслу ст. 853 уст. гр. суд., отъ платежа судебныхъ пошлинъ изъемлются только иски о возвратѣ судебныхъ издержекъ, тогда какъ Эйзенбергъ ищетъ съ Соколовс",прямое название акта рядом с номером,номер статьи извлечён из OCR; сверяйте со сканом,https://ivseliv.github.io/senat/lex/#/d/1897-055,1897-055:0-2051,https://ivseliv.github.io/senat/lex/#/d/1897-055?mode=laws&c=%D0%A3%D0%93%D0%A1&q=%D1%81%D1%82.+853&at=0&end=2051,true
1904-043:УГС:870:904,УГС ст. 870,УГС,ст. 870,1904-043,1904,43,904,911,ст. 870,"еніе 868 ст. уст. гр. суд. Какъ разъяснено рѣшеніемъ гражданскаго кассаціоннаго департамента 1886 г. по дѣлу кр. дер. Чутевой (№ 1 сборн.), ст. 870 уст. гр. суд.,—обязывающая судъ, при рѣшеніи дѣла частью въ пользу одной, частью въ пользу другой стороны, опредѣлять, кто изъ тяжущихся и",прямое название акта рядом с номером,номер статьи извлечён из OCR; сверяйте со сканом,https://ivseliv.github.io/senat/lex/#/d/1904-043,1904-043:0-1288,https://ivseliv.github.io/senat/lex/#/d/1904-043?mode=laws&c=%D0%A3%D0%93%D0%A1&q=%D1%81%D1%82.+870&at=0&end=1288,true
1904-082:УГС:881:1298,УГС ст. 881,УГС,ст. 881,1904-082,1904,82,1298,1305,ст. 881,"аго судьи въ выдачѣ лицу, желающему воспользоваться пра- вомъ бѣдности, удостовѣренія о недостаточности средствъ сего лица на веденіе дѣла (ст. 881 уст. гр. суд.) подлежитъ-ли обжалованію въ установленномъ уставомъ гражданскаго судопроизводства для обжалованія судебныхъ опредѣленій част",прямое название акта рядом с номером,номер статьи извлечён из OCR; сверяйте со сканом,https://ivseliv.github.io/senat/lex/#/d/1904-082,1904-082:0-1474,https://ivseliv.github.io/senat/lex/#/d/1904-082?mode=laws&c=%D0%A3%D0%93%D0%A1&q=%D1%81%D1%82.+881&at=0&end=1474,true
1897-055:УГС:886:2636,УГС ст. 886,УГС,ст. 886,1897-055,1897,55,2636,2643,ст. 886,"кающее по такому прошенію исполнительное производство считаться новымъ дѣломъ и притомъ такимъ, для котораго теряетъ свое дѣйствіе, въ виду ст. 886 уст. гр. суд., выданное и принятое въ уваженіе по главному дѣлу свидѣтельство на право бѣдности? Для разрѣшенія перваго вопроса необходимо",прямое название акта рядом с номером,номер статьи извлечён из OCR; сверяйте со сканом,https://ivseliv.github.io/senat/lex/#/d/1897-055,1897-055:1800-3351,https://ivseliv.github.io/senat/lex/#/d/1897-055?mode=laws&c=%D0%A3%D0%93%D0%A1&q=%D1%81%D1%82.+886&at=1800&end=3351,true
1897-055:УГС:896:3245,УГС ст. 896,УГС,ст. 896,1897-055,1897,55,3245,3252,ст. 896,"іи убытковъ, доходовъ и судебныхъ издержекъ не именуется исковымъ и нигдѣ въ статьяхъ, опредѣляющихъ порядокъ исполнительнаго производства (ст. 896—923 уст. гр. суд.), не установлено примѣненіе къ этимъ прошеніямъ правилъ объ исковыхъ прошеніяхъ. И по существу исполнительнаго производст",прямое название акта рядом с номером,номер статьи извлечён из OCR; сверяйте со сканом,https://ivseliv.github.io/senat/lex/#/d/1897-055,1897-055:1800-3351,https://ivseliv.github.io/senat/lex/#/d/1897-055?mode=laws&c=%D0%A3%D0%93%D0%A1&q=%D1%81%D1%82.+896&at=1800&end=3351,true
1905-015:УГС:896:1779,УГС ст. 896,УГС,ст. 896,1905-015,1905,15,1779,1786,ст. 896,"е мировымъ съѣздомъ, во 1-хъ, ст. 1478, 1479 и 1480 ч. III св. мѣстн. узакон. Прибалт. губ.; во 2-хъ, ст. 130 и 129 уст. гр. суд.; въ 3-хъ, ст. 896 уст. гр. суд. непредоставленіемъ ему доказывать въ исполнительномъ порядкѣ биржевую стоимость закладнаго листа, и, въ 4-хъ, ст. 452 уст. гр",прямое название акта рядом с номером,номер статьи извлечён из OCR; сверяйте со сканом,https://ivseliv.github.io/senat/lex/#/d/1905-015,1905-015:1300-2849,https://ivseliv.github.io/senat/lex/#/d/1905-015?mode=laws&c=%D0%A3%D0%93%D0%A1&q=%D1%81%D1%82.+896&at=1300&end=2849,true
1897-055:УГС:897:2904,УГС ст. 897,УГС,ст. 897,1897-055,1897,55,2904,2911,ст. 897,"вопроса необходимо установить, можетъ ли быть считаемо прошеніе, которымъ возбуждается исполнительное производство, исковымъ прошеніемъ? По ст. 897 уст. гр. суд. къ исполнительному порядку примѣняются общія правила гражданскаго производства съ изъятіями, установленными въ слѣдующихъ за",прямое название акта рядом с номером,номер статьи извлечён из OCR; сверяйте со сканом,https://ivseliv.github.io/senat/lex/#/d/1897-055,1897-055:1800-3351,https://ivseliv.github.io/senat/lex/#/d/1897-055?mode=laws&c=%D0%A3%D0%93%D0%A1&q=%D1%81%D1%82.+897&at=1800&end=3351,true
1897-055:УГС:898:4208,УГС ст. 898,УГС,ст. 898,1897-055,1897,55,4208,4215,ст. 898,"тановлено для возбужденія частныхъ производствъ по дѣлу (ст. 566 и слѣд. уст. гр. суд.), но съ соблюденіемъ притомъ правилъ, изложенныхъ въ ст. 898 и слѣдующихъ. Для исполнительнаго производства продолжаютъ имѣть значеніе исковыя требованія, заявленныя въ исковомъ прошеніи, коими возбуж",прямое название акта рядом с номером,номер статьи извлечён из OCR; сверяйте со сканом,https://ivseliv.github.io/senat/lex/#/d/1897-055,1897-055:3078-4813,https://ivseliv.github.io/senat/lex/#/d/1897-055?mode=laws&c=%D0%A3%D0%93%D0%A1&q=%D1%81%D1%82.+898&at=3078&end=4813,true
1904-023:УГС:9:490,УГС ст. 9,УГС,ст. 9,1904-023,1904,23,490,495,9 ст.,"оей вдовьей доли? Прямаго отвѣта на этотъ вопросъ въ законахъ нѣтъ, а потому онъ долженъ быть разрѣшенъ по общему смыслу законовъ, согласно 9 ст. уст. гр. суд. Къ такому разъясненію смысла 1301 ст. Правительствующій Сенатъ имѣлъ поводы неоднократно и въ цѣломъ рядѣ рѣшеній указывалъ н",прямое название акта рядом с номером,номер статьи извлечён из OCR; сверяйте со сканом,https://ivseliv.github.io/senat/lex/#/d/1904-023,1904-023:0-1401,https://ivseliv.github.io/senat/lex/#/d/1904-023?mode=laws&c=%D0%A3%D0%93%D0%A1&q=%D1%81%D1%82.+9&at=0&end=1401,true
1904-060:УГС:9:7952,УГС ст. 9,УГС,ст. 9,1904-060,1904,60,7952,7957,ст. 9,"то, при неясности представленнаго въ копіи отдѣльнаго постановленія, оно подлежитъ выясненію чрезъ сопоставленіе съ другими частями тарифа (ст. 9 уст. гр. суд.), зависитъ потребовать къ дѣлу представленіе полнаго тарифа. Итакъ, изъ вышеизложеннаго слѣдуетъ, что въ случаяхъ непредставл",прямое название акта рядом с номером,номер статьи извлечён из OCR; сверяйте со сканом,https://ivseliv.github.io/senat/lex/#/d/1904-060,1904-060:7217-8899,https://ivseliv.github.io/senat/lex/#/d/1904-060?mode=laws&c=%D0%A3%D0%93%D0%A1&q=%D1%81%D1%82.+9&at=7217&end=8899,true
1905-020:УГС:9:2982,УГС ст. 9,УГС,ст. 9,1905-020,1905,20,2982,2987,ст. 9,"установленныхъ для нея сроковъ, но тѣмъ не менѣе недопущеніе такихъ соглашеній, какъ общее правило, съ несомнѣнностью само собою вытекаетъ (ст. 9 уст. гр. суд.) изъ цѣли, руководившей и нашего законодателя при установленіи давности. Имъ при этомъ имѣлось въ виду, главнымъ образомъ, ох",прямое название акта рядом с номером,номер статьи извлечён из OCR; сверяйте со сканом,https://ivseliv.github.io/senat/lex/#/d/1905-020,1905-020:1534-3386,https://ivseliv.github.io/senat/lex/#/d/1905-020?mode=laws&c=%D0%A3%D0%93%D0%A1&q=%D1%81%D1%82.+9&at=1534&end=3386,true
1905-096:УГС:9:4407,УГС ст. 9,УГС,ст. 9,1905-096,1905,96,4407,4412,ст. 9,"чаѣ, когда пережившій супругъ принадлежитъ къ тому же роду, изъ котораго это имѣніе досталось умершему, оказывается правильно и согласно съ ст. 9 уст. гр. суд. разрѣшеннымъ судебною палатою, на точномъ основаніи 6 п. ст. 397 т. X ч. 1, отрицательно,—Правительствующій Сенатъ опредѣляет",прямое название акта рядом с номером,номер статьи извлечён из OCR; сверяйте со сканом,https://ivseliv.github.io/senat/lex/#/d/1905-096,1905-096:3801-4611,https://ivseliv.github.io/senat/lex/#/d/1905-096?mode=laws&c=%D0%A3%D0%93%D0%A1&q=%D1%81%D1%82.+9&at=3801&end=4611,true
1905-097:УГС:9:5262,УГС ст. 9,УГС,ст. 9,1905-097,1905,97,5262,5267,ст. 9,"анной въ окружный судъ на опредѣленіе дворянской опеки, въ законѣ не указанъ; поэтому къ данному случаю долженъ быть примѣненъ по аналогіи (ст. 9 уст. гр. суд.) указанный выше порядокъ вызова въ судъ безвѣстно-отсутствующаго отвѣтчика. Необходимость возбужденія дѣла о признаніи отвѣтч",прямое название акта рядом с номером,номер статьи извлечён из OCR; сверяйте со сканом,https://ivseliv.github.io/senat/lex/#/d/1905-097,1905-097:4396-6518,https://ivseliv.github.io/senat/lex/#/d/1905-097?mode=laws&c=%D0%A3%D0%93%D0%A1&q=%D1%81%D1%82.+9&at=4396&end=6518,true
1897-055:УГС:902:4378,УГС ст. 902,УГС,ст. 902,1897-055,1897,55,4378,4385,ст. 902,"лнительнаго производства продолжаютъ имѣть значеніе исковыя требованія, заявленныя въ исковомъ прошеніи, коими возбуждено главное дѣло (ср. ст. 902). Такимъ образомъ, прошеніе, которымъ начинается исполнительное производство, не можетъ быть отождествлено съ исковымъ прошеніемъ, и посему",акт определён по контексту решения,номер статьи извлечён из OCR; сверяйте со сканом,https://ivseliv.github.io/senat/lex/#/d/1897-055,1897-055:3078-4813,https://ivseliv.github.io/senat/lex/#/d/1897-055?mode=laws&c=%D0%A3%D0%93%D0%A1&q=%D1%81%D1%82.+902&at=3078&end=4813,true
1904-099:УГС:924:6181,УГС ст. 924,УГС,ст. 924,1904-099,1904,99,6181,6188,ст. 924,"щаго Сената подлежатъ вопросы о томъ: можно-ли присужденное судебнымъ рѣшеніемъ взысканіе приводить въ исполненіе порядкомъ, установленнымъ ст. 924 и слѣд. уст. гр. суд., по отношенію къ должникамъ, объявленнымъ несостоятельными,—если за взыскателемъ признано судомъ право на удовлетворе",прямое название акта рядом с номером,номер статьи извлечён из OCR; сверяйте со сканом,https://ivseliv.github.io/senat/lex/#/d/1904-099,1904-099:4685-6664,https://ivseliv.github.io/senat/lex/#/d/1904-099?mode=laws&c=%D0%A3%D0%93%D0%A1&q=%D1%81%D1%82.+924&at=4685&end=6664,true
1905-097:УГС:933:5576,УГС ст. 933,УГС,ст. 933,1905-097,1905,97,5576,5583,ст. 933,"можетъ представиться только въ томъ случаѣ, если постановленное противъ него рѣшеніе будетъ обращено къ исполненію однимъ изъ указанныхъ въ ст. 933 уст. гр. суд. способовъ. Въ этомъ случаѣ повѣстка объ исполненіи, по смыслу ст. 942, должна быть вручена отвѣтчику лично или по мѣсту его п",прямое название акта рядом с номером,номер статьи извлечён из OCR; сверяйте со сканом,https://ivseliv.github.io/senat/lex/#/d/1905-097,1905-097:4396-6518,https://ivseliv.github.io/senat/lex/#/d/1905-097?mode=laws&c=%D0%A3%D0%93%D0%A1&q=%D1%81%D1%82.+933&at=4396&end=6518,true
1905-056:УГС:940:3753,УГС ст. 940,УГС,ст. 940,1905-056,1905,56,3753,3760,ст. 940,"ло-векселя имѣніе, а судебный приставъ, приступивъ къ исполненію рѣшенія указаннымъ ему взыскателемъ способомъ, не вышелъ изъ предписаннаго ст. 940 и слѣд. уст. гр. суд. порядка въ исполненіи рѣшенія. Признавая по изложеннымъ соображеніямъ указанія кассаціонной жалобы неосновательными,",прямое название акта рядом с номером,номер статьи извлечён из OCR; сверяйте со сканом,https://ivseliv.github.io/senat/lex/#/d/1905-056,1905-056:1777-4086,https://ivseliv.github.io/senat/lex/#/d/1905-056?mode=laws&c=%D0%A3%D0%93%D0%A1&q=%D1%81%D1%82.+940&at=1777&end=4086,true
1905-097:УГС:942:5660,УГС ст. 942,УГС,ст. 942,1905-097,1905,97,5660,5667,ст. 942,"будетъ обращено къ исполненію однимъ изъ указанныхъ въ ст. 933 уст. гр. суд. способовъ. Въ этомъ случаѣ повѣстка объ исполненіи, по смыслу ст. 942, должна быть вручена отвѣтчику лично или по мѣсту его пребыванія въ порядкѣ, означенномъ въ ст. 282—289 уст. гр. суд., каковой порядокъ, по",прямое название акта рядом с номером,номер статьи извлечён из OCR; сверяйте со сканом,https://ivseliv.github.io/senat/lex/#/d/1905-097,1905-097:4396-6518,https://ivseliv.github.io/senat/lex/#/d/1905-097?mode=laws&c=%D0%A3%D0%93%D0%A1&q=%D1%81%D1%82.+942&at=4396&end=6518,true
1904-099:УГС:966:9387,УГС ст. 966,УГС,ст. 966,1904-099,1904,99,9387,9394,ст. 966,"ства, на которое взыскательницею обращено взысканіе, къ составу наслѣдственнаго послѣ завѣщателя имущества подлежатъ разрѣшенію въ порядкѣ, ст. 966 уст. гр. суд. указанномъ. Въ виду изложеннаго, слѣдуетъ признать, что судебная палата неправильно примѣнила къ настоящему дѣлу ст. 509 уст.",прямое название акта рядом с номером,номер статьи извлечён из OCR; сверяйте со сканом,https://ivseliv.github.io/senat/lex/#/d/1904-099,1904-099:7639-9572,https://ivseliv.github.io/senat/lex/#/d/1904-099?mode=laws&c=%D0%A3%D0%93%D0%A1&q=%D1%81%D1%82.+966&at=7639&end=9572,true
1904-060:УЖД:1:7193,УЖД ст. 1,УЖД,ст. 1,1904-060,1904,60,7193,7198,ст. 1,"ыя на желѣзныхъ дорогахъ провозныя платы, дополнительныя и другія сборы, а равно правила примѣненія упомянутыхъ платъ и сборовъ (прим. I къ ст. 1 прилож. къ ст. 18 общ. уст. росс. жел. дор.). Эти последнія правила, если ими сопровождается изданіе тарифа, всегда должны быть въ виду суд",прямое название акта рядом с номером,номер статьи извлечён из OCR; сверяйте со сканом,https://ivseliv.github.io/senat/lex/#/d/1904-060,1904-060:5736-7467,https://ivseliv.github.io/senat/lex/#/d/1904-060?mode=laws&c=%D0%A3%D0%96%D0%94&q=%D1%81%D1%82.+1&at=5736&end=7467,true
1904-030:УЖД:10:5195,УЖД ст. 10,УЖД,ст. 10,1904-030,1904,30,5195,5201,10 ст.,"уза. Эти договорныя соглашенія желѣзныхъ дорогъ съ другими перевозочными предпріятіями, при распространеніи ими прямыхъ сообщеній, согласно 10 ст. общ. уст. росс. жел. дорогъ, за предѣлы желѣзнодорожныхъ станцій, должны быть признаваемы обязательными не только для участвующихъ въ этомъ",прямое название акта рядом с номером,номер статьи извлечён из OCR; сверяйте со сканом,https://ivseliv.github.io/senat/lex/#/d/1904-030,1904-030:4775-6565,https://ivseliv.github.io/senat/lex/#/d/1904-030?mode=laws&c=%D0%A3%D0%96%D0%94&q=%D1%81%D1%82.+10&at=4775&end=6565,true
1904-106:УЖД:101:1505,УЖД ст. 101,УЖД,ст. 101,1904-106,1904,106,1505,1512,101 ст.,"видѣ. Въ просьбѣ объ отмѣнѣ этого рѣшенія повѣренный дороги указываетъ на нарушеніе мировымъ съѣздомъ 81 ст. уст. гражд. судопр. и 60, 52 и 101 ст. общ. уст. росс. жел. дор.",прямое название акта рядом с номером,номер статьи извлечён из OCR; сверяйте со сканом,https://ivseliv.github.io/senat/lex/#/d/1904-106,1904-106:0-1538,https://ivseliv.github.io/senat/lex/#/d/1904-106?mode=laws&c=%D0%A3%D0%96%D0%94&q=%D1%81%D1%82.+101&at=0&end=1538,true
1904-092:УЖД:103:1987,УЖД ст. 103,УЖД,ст. 103,1904-092,1904,92,1987,1994,103 ст.,"безъ всякихъ возраженій со стороны получателя, съ неповрежденной укупоркой, безъ провѣрки его наличности и сохранности, а потому, согласно 103 ст. уст. жел. дор., съѣздъ не имѣлъ законнаго основанія удовлетворить искъ и признать, что подмѣнъ произведенъ до сдачи груза получателю.",прямое название акта рядом с номером,номер статьи извлечён из OCR; сверяйте со сканом,https://ivseliv.github.io/senat/lex/#/d/1904-092,1904-092:1231-3001,https://ivseliv.github.io/senat/lex/#/d/1904-092?mode=laws&c=%D0%A3%D0%96%D0%94&q=%D1%81%D1%82.+103&at=1231&end=3001,true
1905-090:УЖД:107:1180,УЖД ст. 107,УЖД,ст. 107,1905-090,1905,90,1180,1187,ст. 107,"ь и, вмѣстѣ съ симъ, ходатайствовалъ, если съѣздъ не уважитъ означенной его просьбы, опредѣлить цѣну убытковъ за порчу грузовъ на основаніи ст. 107 уст. жел. дор., согласно представленной имъ справки Шадовскаго общественнаго управленія, по мѣсту станціи назначенія гор. Шадовъ, а не на о",прямое название акта рядом с номером,номер статьи извлечён из OCR; сверяйте со сканом,https://ivseliv.github.io/senat/lex/#/d/1905-090,1905-090:0-1856,https://ivseliv.github.io/senat/lex/#/d/1905-090?mode=laws&c=%D0%A3%D0%96%D0%94&q=%D1%81%D1%82.+107&at=0&end=1856,true
1904-030:УЖД:110:4437,УЖД ст. 110,УЖД,ст. 110,1904-030,1904,30,4437,4444,110 ст.,"й отвѣчать за просрочку въ доставкѣ груза, происшедшую на морѣ. По отношенію къ сему спору слѣдуетъ замѣтить, что правило, установленное въ 110 ст. общ. уст. росс. жел. дорогъ и опредѣляющее отвѣтственность желѣзныхъ дорогъ за несоблюденіе сроковъ доставки, указанныхъ въ 53 ст. сего уст",прямое название акта рядом с номером,номер статьи извлечён из OCR; сверяйте со сканом,https://ivseliv.github.io/senat/lex/#/d/1904-030,1904-030:3277-5059,https://ivseliv.github.io/senat/lex/#/d/1904-030?mode=laws&c=%D0%A3%D0%96%D0%94&q=%D1%81%D1%82.+110&at=3277&end=5059,true
1905-022:УЖД:110:3189,УЖД ст. 110,УЖД,ст. 110,1905-022,1905,22,3189,3196,ст. 110,"іи извѣстнаго условія (пробѣгъ спирта въ обратномъ направленіи въ 6-ти мѣсячный срокъ). 2) По той же причинѣ неправильна и ссылка съѣзда на ст. 110 уст. жел. дор. Взыскавъ плату за сданную ей къ перевозкѣ порожнюю цистерну и доставивъ эту цистерну не въ срокъ, дорога за это обязана упла",прямое название акта рядом с номером,номер статьи извлечён из OCR; сверяйте со сканом,https://ivseliv.github.io/senat/lex/#/d/1905-022,1905-022:1348-3211,https://ivseliv.github.io/senat/lex/#/d/1905-022?mode=laws&c=%D0%A3%D0%96%D0%94&q=%D1%81%D1%82.+110&at=1348&end=3211,true
1905-101:УЖД:110:1778,УЖД ст. 110,УЖД,ст. 110,1905-101,1905,101,1778,1785,110 ст.,"дитъ, что, по обстоятельствамъ дѣла и по содержанію кассаціонной жалобы, разрѣшенію Сената подлежатъ два вопроса: а) отвѣчаетъ-ли, согласно 110 ст. уст. жел. дор., желѣзная дорога за просрочку въ доставкѣ грузовъ не только за полныя просроченныя сутки, но и за доли сутокъ, и б) если иск",прямое название акта рядом с номером,номер статьи извлечён из OCR; сверяйте со сканом,https://ivseliv.github.io/senat/lex/#/d/1905-101,1905-101:1330-3023,https://ivseliv.github.io/senat/lex/#/d/1905-101?mode=laws&c=%D0%A3%D0%96%D0%94&q=%D1%81%D1%82.+110&at=1330&end=3023,true
1905-022:УЖД:111:3438,УЖД ст. 111,УЖД,ст. 111,1905-022,1905,22,3438,3445,ст. 111,"е въ срокъ, дорога за это обязана уплатить 5% съ взысканной провозной платы. Вознагражденіе это она обязана уплатить въ сроки, указанные въ ст. 111 и 121 уст. жел. дор. Отъ уплаты этого вознагражденія дорога, очевидно, не можетъ быть освобождена только потому, что по истеченіи 6 мѣсяцев",прямое название акта рядом с номером,номер статьи извлечён из OCR; сверяйте со сканом,https://ivseliv.github.io/senat/lex/#/d/1905-022,1905-022:2990-4583,https://ivseliv.github.io/senat/lex/#/d/1905-022?mode=laws&c=%D0%A3%D0%96%D0%94&q=%D1%81%D1%82.+111&at=2990&end=4583,true
1905-020:УЖД:114:1126,УЖД ст. 114,УЖД,ст. 114,1905-020,1905,20,1126,1133,ст. 114,"имѣнимъ ко взаимнымъ претензіямъ желѣзныхъ дорогъ по предметамъ обратнаго требованія (регресса) вознагражденія, уплаченнаго одною изъ нихъ (ст. 114 общ. уст. ж. д.), если о срокѣ такихъ требованій, какъ въ данномъ случаѣ, состоялись между дорогами особыя соглашенія, выписка изъ которыхъ",прямое название акта рядом с номером,номер статьи извлечён из OCR; сверяйте со сканом,https://ivseliv.github.io/senat/lex/#/d/1905-020,1905-020:0-1776,https://ivseliv.github.io/senat/lex/#/d/1905-020?mode=laws&c=%D0%A3%D0%96%D0%94&q=%D1%81%D1%82.+114&at=0&end=1776,true
1905-021:УЖД:1167:5474,УЖД ст. 1167,УЖД,ст. 1167,1905-021,1905,21,5474,5482,ст. 1167,"какъ при точномъ соблюденіи правилъ относительно составленія, публикаціи, введенія въ дѣйствіе и отмѣны тарифовъ (собр. узак. 1889 г. № 146 ст. 1167). А такъ какъ всякій дополнительный сборъ, вновь установляемый въ пользу одного изъ учрежденій, предусмотрѣнныхъ въ 10 ст. общ. уст., по мѣ",акт определён по контексту решения,номер статьи извлечён из OCR; сверяйте со сканом,https://ivseliv.github.io/senat/lex/#/d/1905-021,1905-021:3740-5484,https://ivseliv.github.io/senat/lex/#/d/1905-021?mode=laws&c=%D0%A3%D0%96%D0%94&q=%D1%81%D1%82.+1167&at=3740&end=5484,true
1905-101:УЖД:124:1538,УЖД ст. 124,УЖД,ст. 124,1905-101,1905,101,1538,1545,124 ст.,"ндаво-Рыбинской желѣзной дороги принесъ кассаціонную жалобу, ходатайствуя объ отмѣнѣ его за нарушеніемъ 129 и 142 ст. уст. гр. суд. и 110 и 124 ст. уст. жел. дор.",прямое название акта рядом с номером,номер статьи извлечён из OCR; сверяйте со сканом,https://ivseliv.github.io/senat/lex/#/d/1905-101,1905-101:0-1560,https://ivseliv.github.io/senat/lex/#/d/1905-101?mode=laws&c=%D0%A3%D0%96%D0%94&q=%D1%81%D1%82.+124&at=0&end=1560,true
1904-101:УЖД:135:1582,УЖД ст. 135,УЖД,ст. 135,1904-101,1904,101,1582,1589,ст. 135,"аво желѣзной дороги на искъ о недоборѣ погашается годовою давностью со дня окончательнаго взноса провозной платы и дополнительныхъ сборовъ (ст. 135 и 3 п. 136 ст. уст. жел. дор.), то пропускъ давности на полученіе дорогою недобора давалъ лишь основаніе плательщику или возражать противъ",прямое название акта рядом с номером,номер статьи извлечён из OCR; сверяйте со сканом,https://ivseliv.github.io/senat/lex/#/d/1904-101,1904-101:1016-2792,https://ivseliv.github.io/senat/lex/#/d/1904-101?mode=laws&c=%D0%A3%D0%96%D0%94&q=%D1%81%D1%82.+135&at=1016&end=2792,true
1905-020:УЖД:135:822,УЖД ст. 135,УЖД,ст. 135,1905-020,1905,20,822,829,ст. 135,"овско-Кіево-Воронежской желѣзной дороги объ обратномъ взысканіи съ него означенной суммы, какъ неправильно, по истеченіи давностнаго срока (ст. 135 общ. уст. ж. д.), удержанной. Сущность возраженія общества Московско-Кіево-Воронежской желѣзной дороги состояла въ томъ, что указанный давн",прямое название акта рядом с номером,номер статьи извлечён из OCR; сверяйте со сканом,https://ivseliv.github.io/senat/lex/#/d/1905-020,1905-020:0-1776,https://ivseliv.github.io/senat/lex/#/d/1905-020?mode=laws&c=%D0%A3%D0%96%D0%94&q=%D1%81%D1%82.+135&at=0&end=1776,true
1897-019:УЖД:153:698,УЖД ст. 153,УЖД,ст. 153,1897-019,1897,19,698,705,153 ст.,"границѣ земель фабрики истца и желѣзной дороги, съ одного края на 3,35 саж., съ другаго на 3,46 саж., и посрединѣ на 3,15 саж.; 2) что, по 153 ст. общ. уст. жел. дор., изд. 1886 г., въ случаѣ нарушенія приложенныхъ къ этой статьѣ правилъ, желѣзныя дороги освобождаются отъ ответственнос",прямое название акта рядом с номером,номер статьи извлечён из OCR; сверяйте со сканом,https://ivseliv.github.io/senat/lex/#/d/1897-019,1897-019:0-1935,https://ivseliv.github.io/senat/lex/#/d/1897-019?mode=laws&c=%D0%A3%D0%96%D0%94&q=%D1%81%D1%82.+153&at=0&end=1935,true
1904-060:УЖД:18:7210,УЖД ст. 18,УЖД,ст. 18,1904-060,1904,60,7210,7216,ст. 18,"орогахъ провозныя платы, дополнительныя и другія сборы, а равно правила примѣненія упомянутыхъ платъ и сборовъ (прим. I къ ст. 1 прилож. къ ст. 18 общ. уст. росс. жел. дор.). Эти последнія правила, если ими сопровождается изданіе тарифа, всегда должны быть въ виду судебнаго мѣста, ибо",прямое название акта рядом с номером,номер статьи извлечён из OCR; сверяйте со сканом,https://ivseliv.github.io/senat/lex/#/d/1904-060,1904-060:5736-7467,https://ivseliv.github.io/senat/lex/#/d/1904-060?mode=laws&c=%D0%A3%D0%96%D0%94&q=%D1%81%D1%82.+18&at=5736&end=7467,true
1905-021:УЖД:18:5223,УЖД ст. 18,УЖД,ст. 18,1905-021,1905,21,5223,5229,ст. 18,"арифами и правилами о дополнительныхъ сборахъ, надлежаще опубликованными. Въ силу же ст. 13 положенія о желѣзнодорожныхъ тарифахъ (прил. къ ст. 18 прим. общ. уст. ж. д. по прод. 1893 г.), никакой новый тарифъ не можетъ быть введенъ въ дѣйствіе иначе, какъ при точномъ соблюденіи правилъ",прямое название акта рядом с номером,номер статьи извлечён из OCR; сверяйте со сканом,https://ivseliv.github.io/senat/lex/#/d/1905-021,1905-021:3740-5484,https://ivseliv.github.io/senat/lex/#/d/1905-021?mode=laws&c=%D0%A3%D0%96%D0%94&q=%D1%81%D1%82.+18&at=3740&end=5484,true
1905-062:УЖД:18:4949,УЖД ст. 18,УЖД,ст. 18,1905-062,1905,62,4949,4955,ст. 18,"озяевамъ особыя, сверхъ перевозки грузовъ, услуги, а такое право предоставлено лишь тарифнымъ учрежденіямъ (ст. 68 и п. 3 и 4 приложенія къ ст. 18 уст. жел. дор.). Если, засимъ, до изданія закона 3 января 1905 г. и имѣлось нѣкоторое основаніе, въ силу примѣчанія къ 68 ст. уст. жел. дор",прямое название акта рядом с номером,номер статьи извлечён из OCR; сверяйте со сканом,https://ivseliv.github.io/senat/lex/#/d/1905-062,1905-062:4285-5850,https://ivseliv.github.io/senat/lex/#/d/1905-062?mode=laws&c=%D0%A3%D0%96%D0%94&q=%D1%81%D1%82.+18&at=4285&end=5850,true
1905-090:УЖД:258:2058,УЖД ст. 258,УЖД,ст. 258,1905-090,1905,90,2058,2065,ст. 258,безъ уваженія. Въ кассаціонной жалобѣ повѣренный управленія желѣзныхъ дорогъ ходатайствуетъ объ отмѣнѣ этого рѣшенія по нарушенію съѣздомъ ст. 258 уст. гр. суд. и 107 уст. желѣзныхъ дорогъ.,прямое название акта рядом с номером,номер статьи извлечён из OCR; сверяйте со сканом,https://ivseliv.github.io/senat/lex/#/d/1905-090,1905-090:1604-3326,https://ivseliv.github.io/senat/lex/#/d/1905-090?mode=laws&c=%D0%A3%D0%96%D0%94&q=%D1%81%D1%82.+258&at=1604&end=3326,true
1904-101:УЖД:3 п. 136:634,УЖД ст. 3 п. 136,УЖД,ст. 3 п. 136,1904-101,1904,101,634,646,3 п. 136 ст.,"торговаго дома, безъ всякихъ притомъ основаній, насчитанные по прежнимъ отправкамъ 2206 руб. 65 коп., несмотря на истеченіе годоваго срока (3 п. 136 ст. уст. жел. дор.), такъ какъ недоборы, начисленные, какъ видно изъ приложенныхъ квитанцій, въ началѣ 1896 г., взяты были съ торговаго дома во",прямое название акта рядом с номером,номер статьи извлечён из OCR; сверяйте со сканом,https://ivseliv.github.io/senat/lex/#/d/1904-101,1904-101:0-1280,https://ivseliv.github.io/senat/lex/#/d/1904-101?mode=laws&c=%D0%A3%D0%96%D0%94&q=%D1%81%D1%82.+3+%D0%BF.+136&at=0&end=1280,true
1904-091:УЖД:409:4395,УЖД ст. 409,УЖД,ст. 409,1904-091,1904,91,4395,4402,ст. 409,"лю Ячковскому 10 февраля 1900 г., а не 23 февраля, какъ онъ утверждаетъ, представляется неправильнымъ, какъ несогласное съ точнымъ смысломъ ст. 409 уст. гражд. суд. и 80 уст. жел. дор. На основаніи приведенныхъ законовъ и соображеній, Правительствующій Сенатъ опредѣляетъ: рѣшеніе Кобрин",прямое название акта рядом с номером,номер статьи извлечён из OCR; сверяйте со сканом,https://ivseliv.github.io/senat/lex/#/d/1904-091,1904-091:2580-4708,https://ivseliv.github.io/senat/lex/#/d/1904-091?mode=laws&c=%D0%A3%D0%96%D0%94&q=%D1%81%D1%82.+409&at=2580&end=4708,true
1904-106:УЖД:49:6507,УЖД ст. 49,УЖД,ст. 49,1904-106,1904,106,6507,6513,ст. 49,"второй изъ нихъ, имѣющей своимъ предметомъ собственно „очередные грузы“, т.-е. такіе, которые не могутъ быть отправлены въ день ихъ ввоза (ст. 49 уст. жел. дор. и рѣш. 1894 г. № 60, 1898 г. № 77, 1899 г. № 28), и сказано, что они „подлежатъ отправкѣ съ соблюденіемъ постепенности, поря",прямое название акта рядом с номером,номер статьи извлечён из OCR; сверяйте со сканом,https://ivseliv.github.io/senat/lex/#/d/1904-106,1904-106:6002-7671,https://ivseliv.github.io/senat/lex/#/d/1904-106?mode=laws&c=%D0%A3%D0%96%D0%94&q=%D1%81%D1%82.+49&at=6002&end=7671,true
1904-106:УЖД:51:9400,УЖД ст. 51,УЖД,ст. 51,1904-106,1904,106,9400,9406,ст. 51,"станціи 5 января, былъ отправленъ 16 января, т.-е. на 17 дней ранѣе. Такое отправленіе грузовъ съѣздъ призналъ нарушеніемъ очереди, въ силу ст. 51 и 101 уст. жел. дор., и это заключеніе съѣзда вполнѣ согласуется какъ съ сими законами, такъ и съ вышеприведенными правилами о порядкѣ пост",прямое название акта рядом с номером,номер статьи извлечён из OCR; сверяйте со сканом,https://ivseliv.github.io/senat/lex/#/d/1904-106,1904-106:9120-10474,https://ivseliv.github.io/senat/lex/#/d/1904-106?mode=laws&c=%D0%A3%D0%96%D0%94&q=%D1%81%D1%82.+51&at=9120&end=10474,true
1897-042:УЖД:68:39301,УЖД ст. 68,УЖД,ст. 68,1897-042,1897,42,39301,39307,ст. 68,"за необходимое для исполненія таможенныхъ формальностей задержаніе вагоновъ и не можетъ выводить изъ закона, изображеннаго въ примѣчаніи къ ст. 68 уст. жел. дор., которое посему и нельзя признать нарушеннымъ палатою. Но это примѣчаніе вмѣстѣ съ тѣмъ устраняетъ всякое право дороги—отвѣт",прямое название акта рядом с номером,номер статьи извлечён из OCR; сверяйте со сканом,https://ivseliv.github.io/senat/lex/#/d/1897-042,1897-042:38494-40129,https://ivseliv.github.io/senat/lex/#/d/1897-042?mode=laws&c=%D0%A3%D0%96%D0%94&q=%D1%81%D1%82.+68&at=38494&end=40129,true
1904-060:УЖД:68:2616,УЖД ст. 68,УЖД,ст. 68,1904-060,1904,60,2616,2622,ст. 68,"тавить точный ихъ списокъ (рѣш. 1875 г. № 968, 1889 г. № 7). Къ числу законнодѣйствующихъ правилъ относятся также и тарифныя постановленія (ст. 68 общ. уст. росс. жел. дор.), издаваемыя уполномоченными на то тарифными учрежденіями, а также и распоряженія другихъ властей (министровъ пут",прямое название акта рядом с номером,номер статьи извлечён из OCR; сверяйте со сканом,https://ivseliv.github.io/senat/lex/#/d/1904-060,1904-060:1238-2899,https://ivseliv.github.io/senat/lex/#/d/1904-060?mode=laws&c=%D0%A3%D0%96%D0%94&q=%D1%81%D1%82.+68&at=1238&end=2899,true
1904-093:УЖД:68:2673,УЖД ст. 68,УЖД,ст. 68,1904-093,1904,93,2673,2679,ст. 68,"зная дорога въ правѣ взыскивать за дополнительные сборы, въ томъ числѣ и за нагрузку, лишь за дѣйствительно оказанныя услуги (примѣчаніе къ ст. 68 уст. жел. дор. и рѣш. гр. касс. д-та 1900 г. № 42), въ виду чего съѣздъ правильно и согласно съ 81 ст. уст. гр. суд. призналъ, что, при отс",прямое название акта рядом с номером,номер статьи извлечён из OCR; сверяйте со сканом,https://ivseliv.github.io/senat/lex/#/d/1904-093,1904-093:1430-3040,https://ivseliv.github.io/senat/lex/#/d/1904-093?mode=laws&c=%D0%A3%D0%96%D0%94&q=%D1%81%D1%82.+68&at=1430&end=3040,true
1905-022:УЖД:68:5934,УЖД ст. 68,УЖД,ст. 68,1905-022,1905,22,5934,5940,68 ст.,"ъ уставѣ желѣзныхъ дорогъ, такъ и въ изданныхъ установленнымъ порядкомъ, въ развитіе сего устава, правилахъ. Согласно 9, 10 и примѣчанія къ 68 ст. уст. жел. дор., вагоны и цистерны частныхъ лицъ, приписанные къ парку желѣзной дороги, считаются желѣзнодорожнымъ подвижнымъ составомъ этой",прямое название акта рядом с номером,номер статьи извлечён из OCR; сверяйте со сканом,https://ivseliv.github.io/senat/lex/#/d/1905-022,1905-022:5636-7082,https://ivseliv.github.io/senat/lex/#/d/1905-022?mode=laws&c=%D0%A3%D0%96%D0%94&q=%D1%81%D1%82.+68&at=5636&end=7082,true
1905-062:УЖД:68:2596,УЖД ст. 68,УЖД,ст. 68,1905-062,1905,62,2596,2602,68 ст.,"лучаяхъ, при взвѣшиваніи дорогою груза, окажется, что отправитель указалъ вѣсъ груза менѣе дѣйствительнаго. Хотя ранѣе сего примѣчаніемъ къ 68 ст. уст. жел. дор. и установлено было право желѣзныхъ дорогъ на дополнительные сборы за оказываемыя товароотправителямъ услуги, въ томъ числѣ з",прямое название акта рядом с номером,номер статьи извлечён из OCR; сверяйте со сканом,https://ivseliv.github.io/senat/lex/#/d/1905-062,1905-062:1244-3041,https://ivseliv.github.io/senat/lex/#/d/1905-062?mode=laws&c=%D0%A3%D0%96%D0%94&q=%D1%81%D1%82.+68&at=1244&end=3041,true
1897-042:УЖД:68¹:36955,УЖД ст. 68¹,УЖД,ст. 68¹,1897-042,1897,42,36955,36962,ст. 68¹,"пользованіе истцомъ ея собственностью и 3) что признаніемъ этого вознагражденія лишеннымъ законнаго основанія палата нарушила примѣч. 1 къ ст. 68¹ уст. жел. дор., 103 ст. его и 711 ст. уст. гражд. суд. Объясненія эти не заслуживаютъ уваженія по слѣдующимъ основаніямъ: 1) Первая изъ при",прямое название акта рядом с номером,номер статьи извлечён из OCR; сверяйте со сканом,https://ivseliv.github.io/senat/lex/#/d/1897-042,1897-042:36108-37387,https://ivseliv.github.io/senat/lex/#/d/1897-042?mode=laws&c=%D0%A3%D0%96%D0%94&q=%D1%81%D1%82.+68%C2%B9&at=36108&end=37387,true
1905-068:УЖД:69:4825,УЖД ст. 69,УЖД,ст. 69,1905-068,1905,68,4825,4831,ст. 69,"зяевъ сбора за время нахожденія вагоновъ въ таможнѣ, какъ сбора за простой, ибо такой сборъ и въ настоящее время не разрѣшенъ, а по закону (ст. 69 общ. уст. росс. ж. д.) воспрещается желѣзнымъ дорогамъ взимать за перевозку грузовъ какіе-либо платежи кромѣ установленныхъ тарифами и прав",прямое название акта рядом с номером,номер статьи извлечён из OCR; сверяйте со сканом,https://ivseliv.github.io/senat/lex/#/d/1905-068,1905-068:4165-5265,https://ivseliv.github.io/senat/lex/#/d/1905-068?mode=laws&c=%D0%A3%D0%96%D0%94&q=%D1%81%D1%82.+69&at=4165&end=5265,true
1904-020:УЖД:72:1416,УЖД ст. 72,УЖД,ст. 72,1904-020,1904,20,1416,1422,72 ст.,"возбужденный этою жалобою вопросъ о томъ: равносильна-ли выставка желѣзными дорогами на станціяхъ особыхъ реестровъ о переборахъ требованію 72 ст. уст. жел. дор. о возвращеніи перебора кому слѣдуетъ или о внесеніи его въ казначейство, и прекращается-ли уплата установленныхъ этою статье",прямое название акта рядом с номером,номер статьи извлечён из OCR; сверяйте со сканом,https://ivseliv.github.io/senat/lex/#/d/1904-020,1904-020:0-1742,https://ivseliv.github.io/senat/lex/#/d/1904-020?mode=laws&c=%D0%A3%D0%96%D0%94&q=%D1%81%D1%82.+72&at=0&end=1742,true
1904-102:УЖД:73:8505,УЖД ст. 73,УЖД,ст. 73,1904-102,1904,102,8505,8511,ст. 73,"ачетѣ перебора недоборомъ, начисленнымъ желѣзной дорогой по накладнымъ, положеннымъ въ основаніе иска, по нарушенію 129 ст. уст. гр. суд. и ст. 73 уст. жел. дор., отмѣнить, и дѣло, для разсмотрѣнія его въ этой части, передать въ тотъ же съѣздъ въ другомъ составѣ присутствія.",прямое название акта рядом с номером,номер статьи извлечён из OCR; сверяйте со сканом,https://ivseliv.github.io/senat/lex/#/d/1904-102,1904-102:6759-8640,https://ivseliv.github.io/senat/lex/#/d/1904-102?mode=laws&c=%D0%A3%D0%96%D0%94&q=%D1%81%D1%82.+73&at=6759&end=8640,true
1904-091:УЖД:80:3295,УЖД ст. 80,УЖД,ст. 80,1904-091,1904,91,3295,3301,ст. 80,"ельствующаго Сената 1879 г. № 332 и 1893 г. № 57); 2) при разрѣшеніи возникшаго въ настоящемъ дѣлѣ указаннаго выше вопроса оказывается, что ст. 80 уст. жел. дор. требуетъ лишь, чтобы желѣзнодорожная станція во всѣхъ случаяхъ, когда въ накладной обозначенъ адресъ получателя груза, посыл",прямое название акта рядом с номером,номер статьи извлечён из OCR; сверяйте со сканом,https://ivseliv.github.io/senat/lex/#/d/1904-091,1904-091:2580-4708,https://ivseliv.github.io/senat/lex/#/d/1904-091?mode=laws&c=%D0%A3%D0%96%D0%94&q=%D1%81%D1%82.+80&at=2580&end=4708,true
1904-106:УЖД:81:1467,УЖД ст. 81,УЖД,ст. 81,1904-106,1904,106,1467,1473,81 ст.,"ть за доставленіе его въ испорченномъ видѣ. Въ просьбѣ объ отмѣнѣ этого рѣшенія повѣренный дороги указываетъ на нарушеніе мировымъ съѣздомъ 81 ст. уст. гражд. судопр. и 60, 52 и 101 ст. общ. уст. росс. жел. дор.",прямое название акта рядом с номером,номер статьи извлечён из OCR; сверяйте со сканом,https://ivseliv.github.io/senat/lex/#/d/1904-106,1904-106:0-1538,https://ivseliv.github.io/senat/lex/#/d/1904-106?mode=laws&c=%D0%A3%D0%96%D0%94&q=%D1%81%D1%82.+81&at=0&end=1538,true
1905-028:УЖД:92:2165,УЖД ст. 92,УЖД,ст. 92,1905-028,1905,28,2165,2171,ст. 92,"ніи за поврежденіе имущества, причиненное при эксплоатаціи желѣзныхъ дорогъ. Вопросъ этотъ долженъ быть разрѣшенъ отрицательно на основаніи ст. 92 уст. жел. дор., ст. 683 т. X ч. 1 и преподан- ныхъ Правительствующимъ Сенатомъ указаній въ рѣшеніяхъ его за 1896 г. № 113 и 1904 г. № 3 и 8",прямое название акта рядом с номером,номер статьи извлечён из OCR; сверяйте со сканом,https://ivseliv.github.io/senat/lex/#/d/1905-028,1905-028:1545-3059,https://ivseliv.github.io/senat/lex/#/d/1905-028?mode=laws&c=%D0%A3%D0%96%D0%94&q=%D1%81%D1%82.+92&at=1545&end=3059,true
1905-090:УЖД:97:3719,УЖД ст. 97,УЖД,ст. 97,1905-090,1905,90,3719,3725,ст. 97,"ръ, изъ которыхъ однѣ иски были основаны на недостаткѣ въ количествѣ принятаго товара, а другіе—на порчѣ его при перевозкѣ, указавъ, что въ ст. 97, 102, 107, 109 уст. жел. дор., относящихся къ отвѣтственности желѣзныхъ дорогъ по договору перевозки, установлены правила какъ на случай ут",прямое название акта рядом с номером,номер статьи извлечён из OCR; сверяйте со сканом,https://ivseliv.github.io/senat/lex/#/d/1905-090,1905-090:3055-5114,https://ivseliv.github.io/senat/lex/#/d/1905-090?mode=laws&c=%D0%A3%D0%96%D0%94&q=%D1%81%D1%82.+97&at=3055&end=5114,true
1905-031:УН:1085:6326,УН ст. 1085,УН,ст. 1085,1905-031,1905,31,6326,6334,ст. 1085,"изнанъ уголовнымъ судомъ виновнымъ въ нарушеніи § 41 инструкціи машинистамъ и приговоренъ за допущеніе неосторож- ности и небрежности (2 ч. ст. 1085 улож. о нак.) къ аресту на 7 дней, такъ какъ уголовный судъ разрѣшилъ лишь вопросъ о личной отвѣтственности Галіота, не касаясь, какъ то ус",прямое название акта рядом с номером,номер статьи извлечён из OCR; сверяйте со сканом,https://ivseliv.github.io/senat/lex/#/d/1905-031,1905-031:5851-7288,https://ivseliv.github.io/senat/lex/#/d/1905-031?mode=laws&c=%D0%A3%D0%9D&q=%D1%81%D1%82.+1085&at=5851&end=7288,true
1897-081:УН:142:7829,УН ст. 142,УН,ст. 142,1897-081,1897,81,7829,7836,ст. 142,"матерью, начать даже уголовное противъ нея дѣло лишь за то, что та добивалась свиданія съ дочерью. Но дѣло по обвиненію Анны Дмитріевой по ст. 142 уст. о нак., налаг. мировыми судьями, было поднято уже послѣ того, какъ между супругами Дмитріевыми и княгинею Трубецкою возникли недоразум",прямое название акта рядом с номером,номер статьи извлечён из OCR; сверяйте со сканом,https://ivseliv.github.io/senat/lex/#/d/1897-081,1897-081:6681-8217,https://ivseliv.github.io/senat/lex/#/d/1897-081?mode=laws&c=%D0%A3%D0%9D&q=%D1%81%D1%82.+142&at=6681&end=8217,true
1897-029:УН:152:4748,УН ст. 152,УН,ст. 152,1897-029,1897,29,4748,4755,ст. 152,"-го и кассаціонныхъ департаментовъ Правительствующаго Сената 7 октября 1896 г., причемъ общее собраніе нашло; 1) что, въ силу примѣчанія къ ст. 152 уст. о нак., налаг. мир. суд., виновные въ самовольномъ пользованіи чужимъ имуществомъ или въ поврежденіи онаго (ст. 145—152) присуждаются,",прямое название акта рядом с номером,номер статьи извлечён из OCR; сверяйте со сканом,https://ivseliv.github.io/senat/lex/#/d/1897-029,1897-029:4209-5918,https://ivseliv.github.io/senat/lex/#/d/1897-029?mode=laws&c=%D0%A3%D0%9D&q=%D1%81%D1%82.+152&at=4209&end=5918,true
1897-003:УН:180:683,УН ст. 180,УН,ст. 180,1897-003,1897,3,683,690,ст. 180,"нные ему Ляминымъ взысканіемъ денегъ по неустоичной записи, на томъ основаніи, что эта запись, въ виду ст. 1529 и 2023 св. зак. т. X ч. 1 и ст. 180 уст. о наказ., должна быть признана недѣйствительной. Симферопольскій окружный судъ, принимая во вниманіе: 1) что, по ст. 1583 св. зак. т.",прямое название акта рядом с номером,номер статьи извлечён из OCR; сверяйте со сканом,https://ivseliv.github.io/senat/lex/#/d/1897-003,1897-003:0-1418,https://ivseliv.github.io/senat/lex/#/d/1897-003?mode=laws&c=%D0%A3%D0%9D&q=%D1%81%D1%82.+180&at=0&end=1418,true
1897-003:УН:180²:1199,УН ст. 180²,УН,ст. 180²,1897-003,1897,3,1199,1207,ст. 180²,"имѣть безусловное примѣненіе лишь въ томъ случаѣ, когда стороны не заключили особаго договора о порядкѣ уплаты долга; 3) что ссылка Куна на ст. 180² уст. о нак. не заслуживаетъ уваженія, такъ какъ имъ не доказанъ ростовщическій характеръ его сдѣлки съ Ляминымъ; 4) что требуемая Куномъ за",прямое название акта рядом с номером,номер статьи извлечён из OCR; сверяйте со сканом,https://ivseliv.github.io/senat/lex/#/d/1897-003,1897-003:0-1418,https://ivseliv.github.io/senat/lex/#/d/1897-003?mode=laws&c=%D0%A3%D0%9D&q=%D1%81%D1%82.+180%C2%B2&at=0&end=1418,true
1897-029:УН:31:5108,УН ст. 31,УН,ст. 31,1897-029,1897,29,5108,5114,ст. 31,"едѣленнаго въ положеніи о губернскихъ и уѣздныхъ по крестьянскимъ дѣламъ учрежденіяхъ (особ. прил. къ т. IX зак. о сост., изд. 1876 г., III ст. 31, примѣч. 1, прилож. прав. 1); 2) что, за неимѣніемъ въ губерніяхъ Царства Польскаго уѣздныхъ по крестьянскимъ дѣламъ присутствій, обязаннос",акт определён по контексту решения,номер статьи извлечён из OCR; сверяйте со сканом,https://ivseliv.github.io/senat/lex/#/d/1897-029,1897-029:4209-5918,https://ivseliv.github.io/senat/lex/#/d/1897-029?mode=laws&c=%D0%A3%D0%9D&q=%D1%81%D1%82.+31&at=4209&end=5918,true
1905-086:УН:51²:771,УН ст. 51²,УН,ст. 51²,1905-086,1905,86,771,778,51² ст.,"собр. узак. 3 мая 1893 г. (такъ въ подлинникѣ), продажа крѣпкихъ напитковъ изъ распивочнаго заведенія въ долгъ преслѣдуется закономъ (51¹ и 51² ст. уст. о нак.); что буфеты приравниваются къ распивочнымъ заведеніямъ (ст. 573 уст. объ акц. сбор.), берущимъ патентъ на право продажи крѣпки",прямое название акта рядом с номером,номер статьи извлечён из OCR; сверяйте со сканом,https://ivseliv.github.io/senat/lex/#/d/1905-086,1905-086:0-1692,https://ivseliv.github.io/senat/lex/#/d/1905-086?mode=laws&c=%D0%A3%D0%9D&q=%D1%81%D1%82.+51%C2%B2&at=0&end=1692,true
1905-086:УН:51¹:2754,УН ст. 51¹,УН,ст. 51¹,1905-086,1905,86,2754,2761,ст. 51¹,"ченіе исп. обяз. товарища оберъ-прокурора, Правительствующій Сенатъ находитъ, что въ настоящемъ дѣлѣ возбуждается вопросъ о томъ, могутъ-ли ст. 51¹ и 51² уст. о нак. быть примѣнены къ продажѣ крѣпкихъ напитковъ въ буфетѣ клуба или общественнаго собранія. Вопросъ этотъ не можетъ быть раз",прямое название акта рядом с номером,номер статьи извлечён из OCR; сверяйте со сканом,https://ivseliv.github.io/senat/lex/#/d/1905-086,1905-086:1459-2945,https://ivseliv.github.io/senat/lex/#/d/1905-086?mode=laws&c=%D0%A3%D0%9D&q=%D1%81%D1%82.+51%C2%B9&at=1459&end=2945,true
1905-086:УН:51⁷:5588,УН ст. 51⁷,УН,ст. 51⁷,1905-086,1905,86,5588,5595,ст. 51⁷,"ни цѣли этого ограничительнаго закона, ни характеру производимой изъ названныхъ заведеній—торговли,—Правительствующій Сенатъ признаетъ, что ст. 51⁷ и 51⁸ уст. о нак. не могутъ быть примѣнены къ продажѣ крѣпкихъ напитковъ изъ буфетовъ клуба или общественнаго собранія. Принимая, засимъ, в",прямое название акта рядом с номером,номер статьи извлечён из OCR; сверяйте со сканом,https://ivseliv.github.io/senat/lex/#/d/1905-086,1905-086:4068-6214,https://ivseliv.github.io/senat/lex/#/d/1905-086?mode=laws&c=%D0%A3%D0%9D&q=%D1%81%D1%82.+51%E2%81%B7&at=4068&end=6214,true
1905-086:УН:51⁸:5900,УН ст. 51⁸,УН,ст. 51⁸,1905-086,1905,86,5900,5907,51⁸ ст.,"щему дѣлу съѣздъ отвергъ искъ Бертина въ части, касающейся отпущенныхъ отвѣтчику изъ буфета при клубѣ крѣпкихъ напитковъ, ссылаясь на 51⁷ и 51⁸ ст. уст. о наказ.,—Правительствующій Сенатъ опредѣляетъ: обжалованное рѣшеніе, въ части отказа въ требованіи за забранные въ долгъ крѣпкіе напи",прямое название акта рядом с номером,номер статьи извлечён из OCR; сверяйте со сканом,https://ivseliv.github.io/senat/lex/#/d/1905-086,1905-086:4068-6214,https://ivseliv.github.io/senat/lex/#/d/1905-086?mode=laws&c=%D0%A3%D0%9D&q=%D1%81%D1%82.+51%E2%81%B8&at=4068&end=6214,true
1905-086:УН:573:848,УН ст. 573,УН,ст. 573,1905-086,1905,86,848,855,ст. 573,"ъ распивочнаго заведенія въ долгъ преслѣдуется закономъ (51¹ и 51² ст. уст. о нак.); что буфеты приравниваются къ распивочнымъ заведеніямъ (ст. 573 уст. объ акц. сбор.), берущимъ патентъ на право продажи крѣпкихъ напитковъ, а потому не могутъ быть закрытыми заведеніями; что возраженіе о",прямое название акта рядом с номером,номер статьи извлечён из OCR; сверяйте со сканом,https://ivseliv.github.io/senat/lex/#/d/1905-086,1905-086:0-1692,https://ivseliv.github.io/senat/lex/#/d/1905-086?mode=laws&c=%D0%A3%D0%9D&q=%D1%81%D1%82.+573&at=0&end=1692,true
1904-070:УН:59:1679,УН ст. 59,УН,ст. 59,1904-070,1904,70,1679,1685,59 ст.,"585 ст. улож. о нак., совершеннаго послѣднимъ. Виновный въ совершеніи какого-либо преступленія или проступка, на основ. 644 ст. X т. ч. 1 и 59 ст. улож. о нак., обязанъ вознаградить за всѣ непосредственно причиненные симъ дѣяніемъ его вредъ и убытки и, въ силу 61 ст. улож. о нак., взыс",прямое название акта рядом с номером,номер статьи извлечён из OCR; сверяйте со сканом,https://ivseliv.github.io/senat/lex/#/d/1904-070,1904-070:1339-2775,https://ivseliv.github.io/senat/lex/#/d/1904-070?mode=laws&c=%D0%A3%D0%9D&q=%D1%81%D1%82.+59&at=1339&end=2775,true
1905-086:УН:594:2946,УН ст. 594,УН,ст. 594,1905-086,1905,86,2946,2953,Ст. 594,"крѣпкихъ напитковъ въ буфетѣ клуба или общественнаго собранія. Вопросъ этотъ не можетъ быть разрѣшенъ иначе, какъ въ отрицательномъ смыслѣ. Ст. 594 (для мѣстностей казенной продажи питей) и 703 (для мѣстностей, гдѣ таковая продажа не введена) уст. акц. сб. изд. 1901 года воспрещаютъ про",акт определён по контексту решения,номер статьи извлечён из OCR; сверяйте со сканом,https://ivseliv.github.io/senat/lex/#/d/1905-086,1905-086:2715-4315,https://ivseliv.github.io/senat/lex/#/d/1905-086?mode=laws&c=%D0%A3%D0%9D&q=%D1%81%D1%82.+594&at=2715&end=4315,true
1904-096:УН:6:7878,УН ст. 6,УН,ст. 6,1904-096,1904,96,7878,7883,ст. 6,"ж. о наказ.) и, въ случаѣ основательности сего послѣдняго обвиненія, предъявить къ нему въ установленномъ закономъ порядкѣ (уст. угол. суд. ст. 6 и 7) искъ о вознагражденіи за понесенные вредъ и убытки. По изложеннымъ основаніямъ, Правительствующій Сенатъ въ общемъ собраніи кассаціонн",акт определён по контексту решения,номер статьи извлечён из OCR; сверяйте со сканом,https://ivseliv.github.io/senat/lex/#/d/1904-096,1904-096:6483-8172,https://ivseliv.github.io/senat/lex/#/d/1904-096?mode=laws&c=%D0%A3%D0%9D&q=%D1%81%D1%82.+6&at=6483&end=8172,true
1904-070:УН:61:1800,УН ст. 61,УН,ст. 61,1904-070,1904,70,1800,1806,61 ст.,"44 ст. X т. ч. 1 и 59 ст. улож. о нак., обязанъ вознаградить за всѣ непосредственно причиненные симъ дѣяніемъ его вредъ и убытки и, въ силу 61 ст. улож. о нак., взысканіе этого вознагражденія, въ случаѣ смерти виновнаго, распространяется на его наслѣдниковъ, но требуется только изъ тог",прямое название акта рядом с номером,номер статьи извлечён из OCR; сверяйте со сканом,https://ivseliv.github.io/senat/lex/#/d/1904-070,1904-070:1339-2775,https://ivseliv.github.io/senat/lex/#/d/1904-070?mode=laws&c=%D0%A3%D0%9D&q=%D1%81%D1%82.+61&at=1339&end=2775,true
1905-086:УН:703:3126,УН ст. 703,УН,ст. 703,1905-086,1905,86,3126,3133,ст. 703,"питей) и 703 (для мѣстностей, гдѣ таковая продажа не введена) уст. акц. сб. изд. 1901 года воспрещаютъ продажу изъ мѣстъ продажи питей (въ ст. 703 только изъ мѣстъ раздробительной, въ статьѣ же 594 также и изъ мѣстъ оптовой продажи) и отпускъ таковыхъ въ долгъ, а отвѣтственность за так",акт определён по контексту решения,номер статьи извлечён из OCR; сверяйте со сканом,https://ivseliv.github.io/senat/lex/#/d/1905-086,1905-086:2715-4315,https://ivseliv.github.io/senat/lex/#/d/1905-086?mode=laws&c=%D0%A3%D0%9D&q=%D1%81%D1%82.+703&at=2715&end=4315,true
1904-096:УН:940:7727,УН ст. 940,УН,ст. 940,1904-096,1904,96,7727,7734,ст. 940,"возбудить противъ объявителя (ст. 298 и 299 уст. угол. суд.) или жалобщика (тамъ же ст. 301) преслѣдованіе по обвиненію въ ложномъ доносѣ (ст. 940 улож. о наказ.) и, въ случаѣ основательности сего послѣдняго обвиненія, предъявить къ нему въ установленномъ закономъ порядкѣ (уст. угол. с",прямое название акта рядом с номером,номер статьи извлечён из OCR; сверяйте со сканом,https://ivseliv.github.io/senat/lex/#/d/1904-096,1904-096:6483-8172,https://ivseliv.github.io/senat/lex/#/d/1904-096?mode=laws&c=%D0%A3%D0%9D&q=%D1%81%D1%82.+940&at=6483&end=8172,true
1904-116:УН:994:182,УН ст. 994,УН,ст. 994,1904-116,1904,116,182,189,994 ст.,"о настоящему дѣлу вопросъ: взысканіе присужденныхъ съ лица, признаннаго виновнымъ въ противозаконномъ сожитіи, на основаніи отмѣненной нынѣ 994 ст. улож. о наказ., періодическихъ платежей на содержаніе прижитаго внѣбрачнаго дитяти, подвергнутое по вступленіи приговора въ законную силу и",прямое название акта рядом с номером,номер статьи извлечён из OCR; сверяйте со сканом,https://ivseliv.github.io/senat/lex/#/d/1904-116,1904-116:0-1405,https://ivseliv.github.io/senat/lex/#/d/1904-116?mode=laws&c=%D0%A3%D0%9D&q=%D1%81%D1%82.+994&at=0&end=1405,true
1904-075:УСУ:32:7796,УСУ ст. 32,УСУ,ст. 32,1904-075,1904,75,7796,7802,ст. 32,"мъ порядкѣ,— поэтому, признавъ, что данный договоръ надлежало оплатить гербовымъ сборомъ въ 5 коп., съѣздъ поступилъ согласно съ пунктомъ 2 ст. 32 уст. о герб. сборѣ и ст. 36 того устава не нарушилъ. Вслѣдствіе сего, находя жалобу казенной палаты неуважительною, Правительствующій Сенат",акт определён по контексту решения,номер статьи извлечён из OCR; сверяйте со сканом,https://ivseliv.github.io/senat/lex/#/d/1904-075,1904-075:7260-8003,https://ivseliv.github.io/senat/lex/#/d/1904-075?mode=laws&c=%D0%A3%D0%A1%D0%A3&q=%D1%81%D1%82.+32&at=7260&end=8003,true
1904-075:УСУ:36:1417,УСУ ст. 36,УСУ,ст. 36,1904-075,1904,75,1417,1423,ст. 36,"о неустойкѣ на случай нарушенія договора. Вслѣдствіе сего полагая, что такой договоръ, по свойству своему, не подлежитъ оцѣнкѣ и, согласно ст. 36 уст. о герб. сб. изд. 1893 г., долженъ быть оплаченъ сборомъ въ 80 коп., и что посему штрафа причиталось 8 рубл.,—просила опредѣленіе съѣзд",акт определён по контексту решения,номер статьи извлечён из OCR; сверяйте со сканом,https://ivseliv.github.io/senat/lex/#/d/1904-075,1904-075:0-1574,https://ivseliv.github.io/senat/lex/#/d/1904-075?mode=laws&c=%D0%A3%D0%A1%D0%A3&q=%D1%81%D1%82.+36&at=0&end=1574,true
1905-079:УСУ:389:817,УСУ ст. 389,УСУ,ст. 389,1905-079,1905,79,817,824,389 ст.,"изводства взысканій долговъ, не даетъ еще основанія отнести его къ числу тѣхъ лицъ, о правѣ которыхъ вести чужія судебныя дѣла говорится въ 389 ст. учр. суд. уст., опредѣляющей тѣ случаи и основанія, по которымъ веденіе чужихъ судебныхъ дѣлъ дозволяется, въ видѣ исключенія изъ общаго пр",прямое название акта рядом с номером,номер статьи извлечён из OCR; сверяйте со сканом,https://ivseliv.github.io/senat/lex/#/d/1905-079,1905-079:0-1817,https://ivseliv.github.io/senat/lex/#/d/1905-079?mode=laws&c=%D0%A3%D0%A1%D0%A3&q=%D1%81%D1%82.+389&at=0&end=1817,true
1905-019:УСУ:390:2170,УСУ ст. 390,УСУ,ст. 390,1905-019,1905,19,2170,2177,ст. 390,"ъ на невозможность совершенія между ними въ данномъ случаѣ акта довѣренности, и 3) приведенныя положенія вполнѣ подтверждаются содержаніемъ ст. 390 учр. суд. уст., въ которой проводится различіе между ходатайствомъ повѣреннаго по избранію самого тяжущагося и ходатайствомъ по назначенію",прямое название акта рядом с номером,номер статьи извлечён из OCR; сверяйте со сканом,https://ivseliv.github.io/senat/lex/#/d/1905-019,1905-019:1486-2888,https://ivseliv.github.io/senat/lex/#/d/1905-019?mode=laws&c=%D0%A3%D0%A1%D0%A3&q=%D1%81%D1%82.+390&at=1486&end=2888,true
1905-105:УСУ:396:3697,УСУ ст. 396,УСУ,ст. 396,1905-105,1905,105,3697,3704,ст. 396,"го во владѣніе Одинцова. Вмѣстѣ съ тѣмъ окружный судъ, находя, что настоящій искъ не подлежитъ оцѣнкѣ, и примѣняясь къ 3 ст. прилож. VII къ ст. 396 учр. суд. уст., призналъ возможнымъ, соображаясь съ значеніемъ дѣла, опредѣлить размѣръ вознагражденія за веденіе дѣла и за судебныя издерж",прямое название акта рядом с номером,номер статьи извлечён из OCR; сверяйте со сканом,https://ivseliv.github.io/senat/lex/#/d/1905-105,1905-105:3102-4697,https://ivseliv.github.io/senat/lex/#/d/1905-105?mode=laws&c=%D0%A3%D0%A1%D0%A3&q=%D1%81%D1%82.+396&at=3102&end=4697,true
1897-062:УСУ:400:4973,УСУ ст. 400,УСУ,ст. 400,1897-062,1897,62,4973,4980,ст. 400,"гская судебная палата (по 2-му гр. д-ту) признала споръ отвѣтчиковъ незаслуживающимъ уваженія по слѣдующимъ соображеніямъ: 1) изложенное въ ст. 400 учр. суд. уст. запрещеніе повѣреннымъ покупать или инымъ образомъ пріобрѣтать права своихъ довѣрителей по ихъ тяжбамъ, какъ на свое имя, та",прямое название акта рядом с номером,номер статьи извлечён из OCR; сверяйте со сканом,https://ivseliv.github.io/senat/lex/#/d/1897-062,1897-062:4206-5458,https://ivseliv.github.io/senat/lex/#/d/1897-062?mode=laws&c=%D0%A3%D0%A1%D0%A3&q=%D1%81%D1%82.+400&at=4206&end=5458,true
1897-003:УСУ:5:3631,УСУ ст. 5,УСУ,ст. 5,1897-003,1897,3,3631,3636,ст. 5,"налаг. мир. суд., какъ ростовщической, то оно не заслуживаетъ уваженія, потому что, по заключенію окружнаго суда, правильность котораго, по ст. 5 учр. суд. уст., не подлежитъ кассаціонной повѣркѣ, ростовщическій характеръ оспариваемой Кумомъ сдѣлки не доказанъ. По симъ основаніямъ Пра",прямое название акта рядом с номером,номер статьи извлечён из OCR; сверяйте со сканом,https://ivseliv.github.io/senat/lex/#/d/1897-003,1897-003:2661-3882,https://ivseliv.github.io/senat/lex/#/d/1897-003?mode=laws&c=%D0%A3%D0%A1%D0%A3&q=%D1%81%D1%82.+5&at=2661&end=3882,true
1897-034:УСУ:5:5513,УСУ ст. 5,УСУ,ст. 5,1897-034,1897,34,5513,5519,"ст.

5","редставленныхъ къ дѣлу доказательствъ, по ихъ внутреннему содержанію, относясь всецѣло къ существу дѣла, не подлежатъ кассаціонной повѣркѣ (ст.

5 учр. суд. уст.), Правительствующій Сенатъ находитъ всѣ возраженія Зетцеръ противъ обжалованнаго рѣшенія незаслуживающими уваженія. Въ виду",прямое название акта рядом с номером,номер статьи извлечён из OCR; сверяйте со сканом,https://ivseliv.github.io/senat/lex/#/d/1897-034,1897-034:4220-6139,https://ivseliv.github.io/senat/lex/#/d/1897-034?mode=laws&c=%D0%A3%D0%A1%D0%A3&q=%D1%81%D1%82.+5&at=4220&end=6139,true
1897-062:УСУ:5:13356,УСУ ст. 5,УСУ,ст. 5,1897-062,1897,62,13356,13361,ст. 5,"омъ, что допросомъ этимъ они, отвѣтчики, желаютъ удостовѣрить содержаніе тѣхъ договоровъ, относятся къ существу дѣла,неподлежащему,за силой ст. 5 учр. суд. уст., повѣркѣ въ кассаціонномъ порядкѣ. Отказъ же со стороны судебной палаты въ допросѣ свидѣтелей, которыми отвѣтчики имѣли въ в",прямое название акта рядом с номером,номер статьи извлечён из OCR; сверяйте со сканом,https://ivseliv.github.io/senat/lex/#/d/1897-062,1897-062:11710-13844,https://ivseliv.github.io/senat/lex/#/d/1897-062?mode=laws&c=%D0%A3%D0%A1%D0%A3&q=%D1%81%D1%82.+5&at=11710&end=13844,true
1897-080:УСУ:5:8578,УСУ ст. 5,УСУ,ст. 5,1897-080,1897,80,8578,8583,ст. 5,"іемъ въ этомъ видѣ условленнаго сторонами обезпеченія означеннаго долга, что, относясь къ существу дѣла, не подлежитъ кассаціонной повѣркѣ (ст. 5 учр. суд. уст.), послѣдующее отдѣленіе Пальмеромъ лѣса отъ земли, съ переработкою онаго въ лѣсной товаръ, не могло лишить кредитора права н",прямое название акта рядом с номером,номер статьи извлечён из OCR; сверяйте со сканом,https://ivseliv.github.io/senat/lex/#/d/1897-080,1897-080:7421-9423,https://ivseliv.github.io/senat/lex/#/d/1897-080?mode=laws&c=%D0%A3%D0%A1%D0%A3&q=%D1%81%D1%82.+5&at=7421&end=9423,true
1897-090:УСУ:5:5191,УСУ ст. 5,УСУ,ст. 5,1897-090,1897,90,5191,5196,ст. 5,"ованіямъ и не входя въ разсмотрѣніе остальныхъ возраженій просителя, которыя, относясь къ существу дѣла, не подлежатъ кассаціонной повѣркѣ (ст. 5 учр. суд. уст.), Правительствующій Сенатъ опредѣляетъ рѣшеніе Сувалкскаго 2 округа мирового съѣзда, въ части, касающейся исчисленія размѣра",прямое название акта рядом с номером,номер статьи извлечён из OCR; сверяйте со сканом,https://ivseliv.github.io/senat/lex/#/d/1897-090,1897-090:4023-5638,https://ivseliv.github.io/senat/lex/#/d/1897-090?mode=laws&c=%D0%A3%D0%A1%D0%A3&q=%D1%81%D1%82.+5&at=4023&end=5638,true
1904-029:УСУ:5:647,УСУ ст. 5,УСУ,ст. 5,1904-029,1904,29,647,652,ст. 5,"ьзу,—такъ какъ онъ не принималъ никакого участія въ семъ дѣлѣ въ окружномъ судѣ и судебной палатѣ, а Правительствующій Сенатъ, на основаніи ст. 5 учр. суд. уст. и ст. 11 уст. гр. суд., не можетъ входить въ разсмотрѣніе дѣлъ по существу даже по просьбамъ сторонъ, принимавшихъ участіе в",прямое название акта рядом с номером,номер статьи извлечён из OCR; сверяйте со сканом,https://ivseliv.github.io/senat/lex/#/d/1904-029,1904-029:0-1970,https://ivseliv.github.io/senat/lex/#/d/1904-029?mode=laws&c=%D0%A3%D0%A1%D0%A3&q=%D1%81%D1%82.+5&at=0&end=1970,true
1904-040:УСУ:5:4363,УСУ ст. 5,УСУ,ст. 5,1904-040,1904,40,4363,4368,ст. 5,"а о томъ самомъ наслѣдствѣ, о которомъ предъявленъ имъ настоящій искъ, относясь всецѣло къ фактической сторонѣ дѣла, не подлежитъ, за силою ст. 5 учр. суд. уст., кассаціонной повѣркѣ. Переходя, затѣмъ, къ разрѣшенію главнаго возникающаго въ настоящемъ дѣлѣ вопроса о томъ, правильно-ли",прямое название акта рядом с номером,номер статьи извлечён из OCR; сверяйте со сканом,https://ivseliv.github.io/senat/lex/#/d/1904-040,1904-040:3245-5072,https://ivseliv.github.io/senat/lex/#/d/1904-040?mode=laws&c=%D0%A3%D0%A1%D0%A3&q=%D1%81%D1%82.+5&at=3245&end=5072,true
1904-049:УСУ:5:4127,УСУ ст. 5,УСУ,ст. 5,1904-049,1904,49,4127,4132,ст. 5,"а о признаніи просителя нарушителемъ договора найма относится къ существу дѣла и не подлежитъ повѣркѣ въ кассаціонномъ порядкѣ на основаніи ст. 5 учр. суд. уст., а указаніе просителя на нарушеніе 1139, 1146 и 1737 ст. гр. код. не имѣетъ никакого значенія, въ виду разрѣшенія дѣла по 15",прямое название акта рядом с номером,номер статьи извлечён из OCR; сверяйте со сканом,https://ivseliv.github.io/senat/lex/#/d/1904-049,1904-049:2627-4644,https://ivseliv.github.io/senat/lex/#/d/1904-049?mode=laws&c=%D0%A3%D0%A1%D0%A3&q=%D1%81%D1%82.+5&at=2627&end=4644,true
1904-067:УСУ:5:1359,УСУ ст. 5,УСУ,ст. 5,1904-067,1904,67,1359,1364,ст. 5,"лъ своего согласія на общее владѣніе таковымъ, и 3) что, посему, и установивъ по обстоятельствамъ дѣла, неподлежащимъ кассаціонной повѣркѣ (ст. 5 учр. суд. уст.), съ одной стороны, что правопредшественники истца, Филипповича, участвовали въ полюбовной сказкѣ, составленной 12 октября 1",прямое название акта рядом с номером,номер статьи извлечён из OCR; сверяйте со сканом,https://ivseliv.github.io/senat/lex/#/d/1904-067,1904-067:0-1578,https://ivseliv.github.io/senat/lex/#/d/1904-067?mode=laws&c=%D0%A3%D0%A1%D0%A3&q=%D1%81%D1%82.+5&at=0&end=1578,true
1904-072:УСУ:5:4155,УСУ ст. 5,УСУ,ст. 5,1904-072,1904,72,4155,4160,ст. 5,"у основано на выводахъ изъ фактической стороны дѣла, то правильность онаго и не можетъ подлежать повѣркѣ Правительствующаго Сената за силою ст. 5 учр. суд. уст. Засимъ, назначивъ мѣстомъ пребыванія конкурснаго управленія гор. Митаву, судебная палата правильно утвердила въ должности пр",прямое название акта рядом с номером,номер статьи извлечён из OCR; сверяйте со сканом,https://ivseliv.github.io/senat/lex/#/d/1904-072,1904-072:2975-4984,https://ivseliv.github.io/senat/lex/#/d/1904-072?mode=laws&c=%D0%A3%D0%A1%D0%A3&q=%D1%81%D1%82.+5&at=2975&end=4984,true
1904-075:УСУ:5:7599,УСУ ст. 5,УСУ,ст. 5,1904-075,1904,75,7599,7604,ст. 5,"о содержанію своему, есть простое условіе о неустойкѣ на сумму 25 руб. Такое заключеніе, основанное на толкованіи смысла договора, за силою ст. 5 учр. суд. уст., не подлежитъ повѣркѣ въ кассаціонномъ порядкѣ,— поэтому, признавъ, что данный договоръ надлежало оплатить гербовымъ сборомъ",прямое название акта рядом с номером,номер статьи извлечён из OCR; сверяйте со сканом,https://ivseliv.github.io/senat/lex/#/d/1904-075,1904-075:7260-8003,https://ivseliv.github.io/senat/lex/#/d/1904-075?mode=laws&c=%D0%A3%D0%A1%D0%A3&q=%D1%81%D1%82.+5&at=7260&end=8003,true
1905-031:УСУ:5:7591,УСУ ст. 5,УСУ,ст. 5,1905-031,1905,31,7591,7596,ст. 5,"е крушеніе, не заслуживаетъ уваженія, такъ какъ заключеніе палаты о причинахъ несчастья относится къ существу дѣла и не подлежитъ, за силою ст. 5 учр. суд. уст., повѣркѣ въ кассаціонномъ порядкѣ (рѣш. гр. к. д-та 1896 г. № 125). Заявленіе просителя о томъ, что одинъ Галіотъ можетъ счи",прямое название акта рядом с номером,номер статьи извлечён из OCR; сверяйте со сканом,https://ivseliv.github.io/senat/lex/#/d/1905-031,1905-031:7041-8480,https://ivseliv.github.io/senat/lex/#/d/1905-031?mode=laws&c=%D0%A3%D0%A1%D0%A3&q=%D1%81%D1%82.+5&at=7041&end=8480,true
1905-043:УСУ:5:9441,УСУ ст. 5,УСУ,ст. 5,1905-043,1905,43,9441,9446,ст. 5,"азовъ при недостаткѣ средствъ. Всѣ эти заключенія относятся къ существу дѣла и не подлежатъ опроверженію въ кассаціонномъ порядкѣ, за силою ст. 5 учр. суд. уст. Какъ выше указано, палата ограничила вознагражденіе душеприказчиковъ процентнымъ вычисленіемъ стоимости только движимаго иму",прямое название акта рядом с номером,номер статьи извлечён из OCR; сверяйте со сканом,https://ivseliv.github.io/senat/lex/#/d/1905-043,1905-043:9083-10594,https://ivseliv.github.io/senat/lex/#/d/1905-043?mode=laws&c=%D0%A3%D0%A1%D0%A3&q=%D1%81%D1%82.+5&at=9083&end=10594,true
1905-057:УСУ:5:7025,УСУ ст. 5,УСУ,ст. 5,1905-057,1905,57,7025,7030,ст. 5,"съѣзда о необходимости возвращенія настоящаго дѣла въ гминный судъ, для разсмотрѣнія онаго по существу, не подлежитъ кассаціонной повѣркѣ (ст. 5 учр. суд. уст.),—Правительствующій Сенатъ опредѣляетъ: кассаціонную жалобу Ивана Гумели оставить безъ послѣдствій.",прямое название акта рядом с номером,номер статьи извлечён из OCR; сверяйте со сканом,https://ivseliv.github.io/senat/lex/#/d/1905-057,1905-057:6471-7145,https://ivseliv.github.io/senat/lex/#/d/1905-057?mode=laws&c=%D0%A3%D0%A1%D0%A3&q=%D1%81%D1%82.+5&at=6471&end=7145,true
1905-072:УТ:103:4896,УТ ст. 103,УТ,ст. 103,1905-072,1905,72,4896,4903,ст. 103,"ть допускаемы лишь въ случаѣ прямаго указанія на нихъ въ законѣ. Такъ, въ уставѣ государственной комиссіи погашенія долговъ изд. 1903 г. въ ст. 103 и прим. къ этой статьѣ установлено особое правило, въ силу котораго къ числу актовъ, предоставляющихъ право на капиталъ, записанный въ госу",акт определён по контексту решения,номер статьи извлечён из OCR; сверяйте со сканом,https://ivseliv.github.io/senat/lex/#/d/1905-072,1905-072:4448-5979,https://ivseliv.github.io/senat/lex/#/d/1905-072?mode=laws&c=%D0%A3%D0%A2&q=%D1%81%D1%82.+103&at=4448&end=5979,true
1897-059:УТ:105:3689,УТ ст. 105,УТ,ст. 105,1897-059,1897,59,3689,3696,ст. 105,"авиламъ ко взысканію въ безспорномъ порядкѣ въ полицію (ст. 12 и 13 зак. суд. и вз. гр. 2 ч. X т. св. изд. 1876 г. и п. п. 3 и 4 прилож. къ ст. 105 уст. о векс. ч. 2 т. XI св. изд. 1887 г.), а съ означеннаго времени положено предъявлять эти акты на всякую сумму, за учрежденіемъ полиціи,",прямое название акта рядом с номером,номер статьи извлечён из OCR; сверяйте со сканом,https://ivseliv.github.io/senat/lex/#/d/1897-059,1897-059:3495-4795,https://ivseliv.github.io/senat/lex/#/d/1897-059?mode=laws&c=%D0%A3%D0%A2&q=%D1%81%D1%82.+105&at=3495&end=4795,true
1897-089:УТ:1074:2306,УТ ст. 1074,УТ,ст. 1074,1897-089,1897,89,2306,2314,1074 ст.,"лжно заключить, что молитвенный домъ не составляетъ частной собственности, а принадлежитъ обществу. Принимая же во вниманіе, что, по смыслу 1074 ст. XI т. ч. I, еврейскіе молитвенные дома находятся въ вѣдѣніи администраціи сихъ домовъ; что распредѣленіе молитвенныхъ мѣстъ въ нихъ относит",прямое название акта рядом с номером,номер статьи извлечён из OCR; сверяйте со сканом,https://ivseliv.github.io/senat/lex/#/d/1897-089,1897-089:1504-3097,https://ivseliv.github.io/senat/lex/#/d/1897-089?mode=laws&c=%D0%A3%D0%A2&q=%D1%81%D1%82.+1074&at=1504&end=3097,true
1897-004:УТ:112:4409,УТ ст. 112,УТ,ст. 112,1897-004,1897,4,4409,4416,ст. 112,"нственное основаніе, въ силу котораго такой способъ могъ бы быть допущенъ. Остается только особое правило, установленное въ примѣчаніи 1 къ ст. 112 устава Государ. коммиссіи погашенія долговъ, въ силу котораго къ числу актовъ, предоставляющихъ право на капиталъ, отнесены отмѣтки, сдѣлан",акт определён по контексту решения,номер статьи извлечён из OCR; сверяйте со сканом,https://ivseliv.github.io/senat/lex/#/d/1897-004,1897-004:2959-5044,https://ivseliv.github.io/senat/lex/#/d/1897-004?mode=laws&c=%D0%A3%D0%A2&q=%D1%81%D1%82.+112&at=2959&end=5044,true
1905-072:УТ:112:9616,УТ ст. 112,УТ,ст. 112,1905-072,1905,72,9616,9623,ст. 112,"его закона отпадаетъ единственное основаніе, въ силу котораго такой способъ могъ быть допущенъ, а особое правило, установленное въ прим. къ ст. 112 уст. государственной комиссіи погашенія долговъ (ст. 103 и прим. къ ней по изд. 1903 г.), не можетъ быть распространяемо на порядокъ переда",акт определён по контексту решения,номер статьи извлечён из OCR; сверяйте со сканом,https://ivseliv.github.io/senat/lex/#/d/1905-072,1905-072:8498-9811,https://ivseliv.github.io/senat/lex/#/d/1905-072?mode=laws&c=%D0%A3%D0%A2&q=%D1%81%D1%82.+112&at=8498&end=9811,true
1897-004:УТ:1199:4157,УТ ст. 1199,УТ,ст. 1199,1897-004,1897,4,4157,4165,ст. 1199,"ніяхъ и былъ допущенъ переходъ вкладовъ по такимъ надписямъ, то единственно потому, что во время постановленія тѣхъ рѣшеній существовало въ ст. 1199 т. XI уст. кред. правило, оправдывавшее этотъ способъ передачи. Съ отмѣною же сего закона отпадаетъ единственное основаніе, въ силу котораг",прямое название акта рядом с номером,номер статьи извлечён из OCR; сверяйте со сканом,https://ivseliv.github.io/senat/lex/#/d/1897-004,1897-004:2959-5044,https://ivseliv.github.io/senat/lex/#/d/1897-004?mode=laws&c=%D0%A3%D0%A2&q=%D1%81%D1%82.+1199&at=2959&end=5044,true
1905-072:УТ:1199:9380,УТ ст. 1199,УТ,ст. 1199,1905-072,1905,72,9380,9388,ст. 1199,"ніяхъ и былъ допущенъ переходъ вкладовъ по такимъ надписямъ, то единственно потому, что во время постановленія сихъ рѣшеній существовало въ ст. 1199 т. XI ч. 2 уст. кредитн. правило, оправдывающее этотъ способъ передачи; съ отмѣною же сего закона отпадаетъ единственное основаніе, въ силу",прямое название акта рядом с номером,номер статьи извлечён из OCR; сверяйте со сканом,https://ivseliv.github.io/senat/lex/#/d/1905-072,1905-072:8498-9811,https://ivseliv.github.io/senat/lex/#/d/1905-072?mode=laws&c=%D0%A3%D0%A2&q=%D1%81%D1%82.+1199&at=8498&end=9811,true
1897-050:УТ:123:2909,УТ ст. 123,УТ,ст. 123,1897-050,1897,50,2909,2916,ст. 123,"ризнаніи такой повѣрки излишнею, и такое заключеніе окружнаго суда представляется по обстоятельствамъ дѣла вполнѣ правильнымъ. На основаніи ст. 123 разд. X уст. кред. (т. XI ч. 2) Ликвидаціонная коммиссія производитъ ликвидацію дѣлъ кредитнаго установленія на основаніяхъ, установленныхъ",прямое название акта рядом с номером,номер статьи извлечён из OCR; сверяйте со сканом,https://ivseliv.github.io/senat/lex/#/d/1897-050,1897-050:1519-3332,https://ivseliv.github.io/senat/lex/#/d/1897-050?mode=laws&c=%D0%A3%D0%A2&q=%D1%81%D1%82.+123&at=1519&end=3332,true
1897-089:УТ:1308:8626,УТ ст. 1308,УТ,ст. 1308,1897-089,1897,89,8626,8634,ст. 1308,отому можетъ ли подлежать описи и продажѣ за долгъ того члена? Обращаясь для разрѣшенія сего вопроса къ дѣйствующему закону оказывается: по ст. 1308 т. XI ч. 1 уставъ духовн. дѣлъ иностр. испов. изд. 1896 г. молитвенное общество данной синагоги или молитвенной школы составляютъ всѣ евреи,прямое название акта рядом с номером,номер статьи извлечён из OCR; сверяйте со сканом,https://ivseliv.github.io/senat/lex/#/d/1897-089,1897-089:8293-9861,https://ivseliv.github.io/senat/lex/#/d/1897-089?mode=laws&c=%D0%A3%D0%A2&q=%D1%81%D1%82.+1308&at=8293&end=9861,true
1897-089:УТ:1313:8881,УТ ст. 1313,УТ,ст. 1313,1897-089,1897,89,8881,8889,ст. 1313,"енной школы составляютъ всѣ евреи, постоянно собирающіеся въ ту или другую синагогу или школу для совершенія обрядовъ и молитвъ, причемъ по ст. 1313 управленіе молитвенной школою или синагогою возлагается на правленіе, которому вмѣняется въ обязанность вѣдать внутреннимъ устройствомъ и х",акт определён по контексту решения,номер статьи извлечён из OCR; сверяйте со сканом,https://ivseliv.github.io/senat/lex/#/d/1897-089,1897-089:8293-9861,https://ivseliv.github.io/senat/lex/#/d/1897-089?mode=laws&c=%D0%A3%D0%A2&q=%D1%81%D1%82.+1313&at=8293&end=9861,true
1897-062:УТ:257:8216,УТ ст. 257,УТ,ст. 257,1897-062,1897,62,8216,8223,ст. 257,"наго рѣшенія по нарушенію ст. 366, 409 и 410 уст. гр. суд. и неправильному толкованію ст. 400 учр. суд. уст., ст. 1529 зак. гр. 1 ч. X т. и ст. 257 и 258 уст. суд. торг. ч. 2 т. XI св. зак., изд. 1893 г., объясняя: а) что ст. 400 учр. суд. уст., воспрещая повѣреннымъ пріобрѣтать принадл",прямое название акта рядом с номером,номер статьи извлечён из OCR; сверяйте со сканом,https://ivseliv.github.io/senat/lex/#/d/1897-062,1897-062:7661-9170,https://ivseliv.github.io/senat/lex/#/d/1897-062?mode=laws&c=%D0%A3%D0%A2&q=%D1%81%D1%82.+257&at=7661&end=9170,true
1904-118:УТ:34:15694,УТ ст. 34,УТ,ст. 34,1904-118,1904,118,15694,15700,ст. 34,"редственнаго участія въ дѣлахъ сотоварищу законъ не препятствуетъ извлечь всѣ необходимыя ему свѣдѣнія чрезъ уполномоченное имъ на то лицо (ст. 34, 45 уст. торг.). На основаніи изложеннаго, Правительствующій Сенатъ находитъ, что, при отсутствіи въ „договорѣ“ указанія на право отдѣльнаг",прямое название акта рядом с номером,номер статьи извлечён из OCR; сверяйте со сканом,https://ivseliv.github.io/senat/lex/#/d/1904-118,1904-118:14667-16492,https://ivseliv.github.io/senat/lex/#/d/1904-118?mode=laws&c=%D0%A3%D0%A2&q=%D1%81%D1%82.+34&at=14667&end=16492,true
1905-112:УТ:509:545,УТ ст. 509,УТ,ст. 509,1905-112,1905,112,545,552,ст. 509,"й жалобѣ истца на рѣшеніе мироваго судьи, отказавшаго въ предъявленномъ искѣ, мировой съѣздъ нашелъ, что, по общему правилу, изложенному въ ст. 509 и слѣд. т. XI ч. 2 уст. суд. торг., всѣ претензіи къ несостоятельному должнику должны быть предъявляемы въ порядкѣ конкурснаго производства",прямое название акта рядом с номером,номер статьи извлечён из OCR; сверяйте со сканом,https://ivseliv.github.io/senat/lex/#/d/1905-112,1905-112:0-1781,https://ivseliv.github.io/senat/lex/#/d/1905-112?mode=laws&c=%D0%A3%D0%A2&q=%D1%81%D1%82.+509&at=0&end=1781,true
1904-072:УТ:525:4489,УТ ст. 525,УТ,ст. 525,1904-072,1904,72,4489,4496,ст. 525,"какъ лицо, единогласно избранное на эту должность общимъ собраніемъ кредиторовъ на случай учрежденія конкурснаго управленія въ гор. Митавѣ (ст. 525 и 526 уст. торг. несостоят.). Наконецъ, соображеніе судебной палаты о примѣнимости къ настоящему случаю 3482 ст. ч. III св. мѣстн. узак. яв",прямое название акта рядом с номером,номер статьи извлечён из OCR; сверяйте со сканом,https://ivseliv.github.io/senat/lex/#/d/1904-072,1904-072:2975-4984,https://ivseliv.github.io/senat/lex/#/d/1904-072?mode=laws&c=%D0%A3%D0%A2&q=%D1%81%D1%82.+525&at=2975&end=4984,true
1904-118:УТ:56:11116,УТ ст. 56,УТ,ст. 56,1904-118,1904,118,11116,11122,ст. 56,"и управленію дѣлами образованнаго ими торговаго дома,—Правительствующій Сенатъ находитъ, что каждое полное товарищество торговаго свойства (ст. 56 уст. торг. изд. 1903 г.) можетъ возникать не иначе, какъ при посредствѣ договора (ст. 63), постановленія котораго, имѣя для товарищей силу,",прямое название акта рядом с номером,номер статьи извлечён из OCR; сверяйте со сканом,https://ivseliv.github.io/senat/lex/#/d/1904-118,1904-118:10169-12071,https://ivseliv.github.io/senat/lex/#/d/1904-118?mode=laws&c=%D0%A3%D0%A2&q=%D1%81%D1%82.+56&at=10169&end=12071,true
1905-044:УТ:60:5066,УТ ст. 60,УТ,ст. 60,1905-044,1905,44,5066,5072,ст. 60,"рами своими объ учрежденіи администраціи, обязанъ передать въ ея распоряженіе все свое имущество, обозначенное въ выпискѣ, установленной въ ст. 60 уст. торг. (изд. 1903 г.). Независимо отъ сего, въ видахъ достиженія соглашенія кредиторовъ на учрежденіе администраціи надъ торговымъ домо",прямое название акта рядом с номером,номер статьи извлечён из OCR; сверяйте со сканом,https://ivseliv.github.io/senat/lex/#/d/1905-044,1905-044:4526-6125,https://ivseliv.github.io/senat/lex/#/d/1905-044?mode=laws&c=%D0%A3%D0%A2&q=%D1%81%D1%82.+60&at=4526&end=6125,true
1905-011:УТ:608:3919,УТ ст. 608,УТ,ст. 608,1905-011,1905,11,3919,3926,ст. 608,"іальныхъ нуждъ какъ православныхъ, такъ и протестантскихъ церквей и духовенства, воспретить, на точномъ основаніи изложеннаго въ примѣч. къ ст. 608 т. XI ч. 1 св. зак. 1857 г. уст. еванг.-лютер. церкви постановленія, взысканія въ томъ краѣ съ лицъ православнаго исповѣданія всякихъ въ по",прямое название акта рядом с номером,номер статьи извлечён из OCR; сверяйте со сканом,https://ivseliv.github.io/senat/lex/#/d/1905-011,1905-011:3107-4964,https://ivseliv.github.io/senat/lex/#/d/1905-011?mode=laws&c=%D0%A3%D0%A2&q=%D1%81%D1%82.+608&at=3107&end=4964,true
1897-067:УТ:617:2044,УТ ст. 617,УТ,ст. 617,1897-067,1897,67,2044,2051,ст. 617,"а того же сиротскаго суда; 4) что, независимо отъ сего, обозрѣніе торговыхъ книгъ судомъ можетъ имѣть мѣсто лишь въ случаяхъ, указанныхъ въ ст. 617 и 618 уст. торг. (изданія 1887 г.), и 5) что настоящій случай не можетъ быть подведенъ подъ тѣ случаи, которые предусмотрѣны въ приведенных",прямое название акта рядом с номером,номер статьи извлечён из OCR; сверяйте со сканом,https://ivseliv.github.io/senat/lex/#/d/1897-067,1897-067:0-2222,https://ivseliv.github.io/senat/lex/#/d/1897-067?mode=laws&c=%D0%A3%D0%A2&q=%D1%81%D1%82.+617&at=0&end=2222,true
1904-118:УТ:63:11205,УТ ст. 63,УТ,ст. 63,1904-118,1904,118,11205,11211,ст. 63,"что каждое полное товарищество торговаго свойства (ст. 56 уст. торг. изд. 1903 г.) можетъ возникать не иначе, какъ при посредствѣ договора (ст. 63), постановленія котораго, имѣя для товарищей силу, „равную закону“ (ст. 67), опредѣляютъ, въ числѣ прочаго, взаимныя обязательства между то",прямое название акта рядом с номером,номер статьи извлечён из OCR; сверяйте со сканом,https://ivseliv.github.io/senat/lex/#/d/1904-118,1904-118:10169-12071,https://ivseliv.github.io/senat/lex/#/d/1904-118?mode=laws&c=%D0%A3%D0%A2&q=%D1%81%D1%82.+63&at=10169&end=12071,true
1904-118:УТ:669:13198,УТ ст. 669,УТ,ст. 669,1904-118,1904,118,13198,13205,ст. 669,"ву торговому, „лица, торговымъ дѣломъ занимающіяся“, обязаны содержать свое счетоводство въ надлежащемъ порядкѣ и, сообразно роду торговли (ст. 669 уст. торг.), вести установленныя законами книги (ст. 670—672, 685), періодически повѣрять себя по книгамъ (ст. 678) и выводить балансъ, опр",прямое название акта рядом с номером,номер статьи извлечён из OCR; сверяйте со сканом,https://ivseliv.github.io/senat/lex/#/d/1904-118,1904-118:11826-13714,https://ivseliv.github.io/senat/lex/#/d/1904-118?mode=laws&c=%D0%A3%D0%A2&q=%D1%81%D1%82.+669&at=11826&end=13714,true
1904-087:УТ:67:4749,УТ ст. 67,УТ,ст. 67,1904-087,1904,87,4749,4755,ст. 67,"язаны внести въ городскую управу выписку изъ своихъ взаимныхъ постановленій о товариществѣ и обвѣстить о томъ купечество печатными листами (ст. 67 уст. торг.). Въ сей выпискѣ не требуется подробнаго изложенія содержанія договора товарищества, но должно быть обозначено: 1) родъ товарище",прямое название акта рядом с номером,номер статьи извлечён из OCR; сверяйте со сканом,https://ivseliv.github.io/senat/lex/#/d/1904-087,1904-087:3561-5281,https://ivseliv.github.io/senat/lex/#/d/1904-087?mode=laws&c=%D0%A3%D0%A2&q=%D1%81%D1%82.+67&at=3561&end=5281,true
1904-118:УТ:67:11280,УТ ст. 67,УТ,ст. 67,1904-118,1904,118,11280,11286,ст. 67,"903 г.) можетъ возникать не иначе, какъ при посредствѣ договора (ст. 63), постановленія котораго, имѣя для товарищей силу, „равную закону“ (ст. 67), опредѣляютъ, въ числѣ прочаго, взаимныя обязательства между товарищами (ст. 70). Посему и всѣ вопросы о размѣрахъ лежащихъ на отдѣльныхъ",акт определён по контексту решения,номер статьи извлечён из OCR; сверяйте со сканом,https://ivseliv.github.io/senat/lex/#/d/1904-118,1904-118:10169-12071,https://ivseliv.github.io/senat/lex/#/d/1904-118?mode=laws&c=%D0%A3%D0%A2&q=%D1%81%D1%82.+67&at=10169&end=12071,true
1904-118:УТ:670:13255,УТ ст. 670,УТ,ст. 670,1904-118,1904,118,13255,13262,ст. 670,"аны содержать свое счетоводство въ надлежащемъ порядкѣ и, сообразно роду торговли (ст. 669 уст. торг.), вести установленныя законами книги (ст. 670—672, 685), періодически повѣрять себя по книгамъ (ст. 678) и выводить балансъ, опредѣляющій имущественное положеніе предпріятія (ст. 678, 6",прямое название акта рядом с номером,номер статьи извлечён из OCR; сверяйте со сканом,https://ivseliv.github.io/senat/lex/#/d/1904-118,1904-118:11826-13714,https://ivseliv.github.io/senat/lex/#/d/1904-118?mode=laws&c=%D0%A3%D0%A2&q=%D1%81%D1%82.+670&at=11826&end=13714,true
1904-118:УТ:670 п. 3:13621,УТ ст. 670 п. 3,УТ,ст. 670 п. 3,1904-118,1904,118,13621,13633,ст. 670 п. 3,"всякое время настолько яснымъ, чтобы каждый изъ участниковъ предпріятія всегда имѣлъ полную возможность посред- ствомъ одного обзора книгъ (ст. 670 п. 3, 680) и выписокъ изъ нихъ достигнуть тѣхъ же цѣлей, къ которымъ ведетъ и отчетъ. Озаботиться же приведеніемъ счетоводства въ надлежащую ясн",акт определён по контексту решения,номер статьи извлечён из OCR; сверяйте со сканом,https://ivseliv.github.io/senat/lex/#/d/1904-118,1904-118:11826-13714,https://ivseliv.github.io/senat/lex/#/d/1904-118?mode=laws&c=%D0%A3%D0%A2&q=%D1%81%D1%82.+670+%D0%BF.+3&at=11826&end=13714,true
1904-118:УТ:678:13313,УТ ст. 678,УТ,ст. 678,1904-118,1904,118,13313,13320,ст. 678,"сообразно роду торговли (ст. 669 уст. торг.), вести установленныя законами книги (ст. 670—672, 685), періодически повѣрять себя по книгамъ (ст. 678) и выводить балансъ, опредѣляющій имущественное положеніе предпріятія (ст. 678, 680); путемъ такихъ дѣйствій состояніе всѣхъ дѣлъ торговаго",прямое название акта рядом с номером,номер статьи извлечён из OCR; сверяйте со сканом,https://ivseliv.github.io/senat/lex/#/d/1904-118,1904-118:11826-13714,https://ivseliv.github.io/senat/lex/#/d/1904-118?mode=laws&c=%D0%A3%D0%A2&q=%D1%81%D1%82.+678&at=11826&end=13714,true
1905-045:УТ:678:3315,УТ ст. 678,УТ,ст. 678,1905-045,1905,45,3315,3322,ст. 678,"ованій и не выходящихъ изъ формальной сферы судебнаго контроля; напримѣръ, указаніе на отсутствіе баланса въ законномъ значеніи этого акта (ст. 678 уст. торг.); невключеніе или исключеніе какихъ-либо статей актива или пассива, явно пропущенныхъ или ошибочно помѣщенныхъ въ представленном",прямое название акта рядом с номером,номер статьи извлечён из OCR; сверяйте со сканом,https://ivseliv.github.io/senat/lex/#/d/1905-045,1905-045:1436-3555,https://ivseliv.github.io/senat/lex/#/d/1905-045?mode=laws&c=%D0%A3%D0%A2&q=%D1%81%D1%82.+678&at=1436&end=3555,true
1905-044:УТ:68:5326,УТ ст. 68,УТ,ст. 68,1905-044,1905,44,5326,5332,ст. 68,"траціи надъ торговымъ домомъ, отъ членовъ онаго всецѣло зависитъ передача въ распоряженіе администраціи имъ лично принадлежащаго имущества (ст. 68 уст. торгов.), къ числу каковаго принадлежатъ заемныя письма, векселя, закладныя и обязательства всякаго рода (ст. 402 т. X ч. 1). Для уста",прямое название акта рядом с номером,номер статьи извлечён из OCR; сверяйте со сканом,https://ivseliv.github.io/senat/lex/#/d/1905-044,1905-044:4526-6125,https://ivseliv.github.io/senat/lex/#/d/1905-044?mode=laws&c=%D0%A3%D0%A2&q=%D1%81%D1%82.+68&at=4526&end=6125,true
1904-118:УТ:685:13806,УТ ст. 685,УТ,ст. 685,1904-118,1904,118,13806,13813,ст. 685,"нуть тѣхъ же цѣлей, къ которымъ ведетъ и отчетъ. Озаботиться же приведеніемъ счетоводства въ надлежащую ясность лежитъ на всѣхъ торгующихъ (ст. 685) и, слѣдовательно, и на всѣхъ управляющихъ дѣлами торговаго дома сотоварищахъ, если, конечно, въ товарищескомъ договорѣ не было установлено",акт определён по контексту решения,номер статьи извлечён из OCR; сверяйте со сканом,https://ivseliv.github.io/senat/lex/#/d/1904-118,1904-118:13488-14942,https://ivseliv.github.io/senat/lex/#/d/1904-118?mode=laws&c=%D0%A3%D0%A2&q=%D1%81%D1%82.+685&at=13488&end=14942,true
1904-118:УТ:70:12364,УТ ст. 70,УТ,ст. 70,1904-118,1904,118,12364,12370,ст. 70,"й отчета“,—устанавливать эту обязанность товарищей на основаніи правилъ о завѣдываніи общимъ имуществомъ, т.-е. внѣ договора и въ нарушеніе ст. 70 уст. торг. изд. 1903 года. Обращаясь, затѣмъ, къ соображеніямъ палаты, побудившимъ ее признать право товарища на истребованіе отчета по дѣл",прямое название акта рядом с номером,номер статьи извлечён из OCR; сверяйте со сканом,https://ivseliv.github.io/senat/lex/#/d/1904-118,1904-118:11826-13714,https://ivseliv.github.io/senat/lex/#/d/1904-118?mode=laws&c=%D0%A3%D0%A2&q=%D1%81%D1%82.+70&at=11826&end=13714,true
1905-011:УТ:717:935,УТ ст. 717,УТ,ст. 717,1905-011,1905,11,935,942,ст. 717,"рабочихъ для пасторатской видмы. Отвѣтчикъ Балтманъ, ссылаясь на то, что онъ римско-католическаго исповѣданія и потому, согласно 1 прим. къ ст. 717 уст. управл. дух. дѣлъ иностранн. исповѣд. т. XI ч. 1 св. зак., освобожденъ отъ всякихъ повинностей въ пользу протестантской церкви, предъя",прямое название акта рядом с номером,номер статьи извлечён из OCR; сверяйте со сканом,https://ivseliv.github.io/senat/lex/#/d/1905-011,1905-011:0-1818,https://ivseliv.github.io/senat/lex/#/d/1905-011?mode=laws&c=%D0%A3%D0%A2&q=%D1%81%D1%82.+717&at=0&end=1818,true
1905-044:УТ:77:1615,УТ ст. 77,УТ,ст. 77,1905-044,1905,44,1615,1621,77 ст.,"въ 1884 г., слѣдовательно при учрежденіи названной фирмы еще не существовала. Въ оправданіе своего права на искъ администрація ссылается на 77 ст. уст. торг. XI т. 2 ч., по которой товарищи торговаго дома отвѣтствуютъ за долги онаго всѣмъ своимъ имуществомъ, но законъ этотъ къ настояще",прямое название акта рядом с номером,номер статьи извлечён из OCR; сверяйте со сканом,https://ivseliv.github.io/senat/lex/#/d/1905-044,1905-044:1314-2871,https://ivseliv.github.io/senat/lex/#/d/1905-044?mode=laws&c=%D0%A3%D0%A2&q=%D1%81%D1%82.+77&at=1314&end=2871,true
1904-090:УУС:783:11007,УУС ст. 783,УУС,ст. 783,1904-090,1904,90,11007,11014,ст. 783,"чаѣ Джинчарадзе и Тумановъ предъявили къ казнѣ искъ объ убыткахъ, причиненныхъ имъ не фактомъ привлеченія ихъ къ уголовной отвѣтственности (ст. 783 и 784 уст. уг. суд.) и не фактомъ обезпеченія предъявленнаго къ нимъ гражданскаго иска (ст. 601 уст. гр. суд.), а въ виду незаконной, по мн",прямое название акта рядом с номером,номер статьи извлечён из OCR; сверяйте со сканом,https://ivseliv.github.io/senat/lex/#/d/1904-090,1904-090:10609-12181,https://ivseliv.github.io/senat/lex/#/d/1904-090?mode=laws&c=%D0%A3%D0%A3%D0%A1&q=%D1%81%D1%82.+783&at=10609&end=12181,true
