id,year,label,section,decisions,decision_urls,sources
1897-bd58cc89eea6,1897,Аджаматовы Крымъ-Султанъ и Хасай,,"[""1897-035""]","[""https://ivseliv.github.io/senat/lex/#/d/1897-035""]","[{""file"":""p0002_R.txt"",""width"":1100,""height"":1535,""pdf_page"":4,""ocr_sha256"":""ee944546d794f0820bff7f93245765961b3455c2b39af6c6c31c4a9287b2ed03"",""image_url"":""https://ivseliv.github.io/senat/lex/scans/1897/index/p0002_R-b8b267d5742f75d0.webp"",""full_page_url"":""https://ivseliv.github.io/senat/lex/scans/1897/index/p0002_R-b8b267d5742f75d0.webp""}]"
1897-2bb3555e103b,1897,"Айдемирова Айбала, кн",,"[""1897-035""]","[""https://ivseliv.github.io/senat/lex/#/d/1897-035""]","[{""file"":""p0002_R.txt"",""width"":1100,""height"":1535,""pdf_page"":4,""ocr_sha256"":""ee944546d794f0820bff7f93245765961b3455c2b39af6c6c31c4a9287b2ed03"",""image_url"":""https://ivseliv.github.io/senat/lex/scans/1897/index/p0002_R-b8b267d5742f75d0.webp"",""full_page_url"":""https://ivseliv.github.io/senat/lex/scans/1897/index/p0002_R-b8b267d5742f75d0.webp""}]"
1897-a37eb03c1425,1897,Ананьева Марія,,"[""1897-061""]","[""https://ivseliv.github.io/senat/lex/#/d/1897-061""]","[{""file"":""p0002_R.txt"",""width"":1100,""height"":1535,""pdf_page"":4,""ocr_sha256"":""ee944546d794f0820bff7f93245765961b3455c2b39af6c6c31c4a9287b2ed03"",""image_url"":""https://ivseliv.github.io/senat/lex/scans/1897/index/p0002_R-b8b267d5742f75d0.webp"",""full_page_url"":""https://ivseliv.github.io/senat/lex/scans/1897/index/p0002_R-b8b267d5742f75d0.webp""}]"
1897-3db58e8ba12f,1897,"Андреевъ Романъ, кр-нинъ",,"[""1897-097""]","[""https://ivseliv.github.io/senat/lex/#/d/1897-097""]","[{""file"":""p0002_R.txt"",""width"":1100,""height"":1535,""pdf_page"":4,""ocr_sha256"":""ee944546d794f0820bff7f93245765961b3455c2b39af6c6c31c4a9287b2ed03"",""image_url"":""https://ivseliv.github.io/senat/lex/scans/1897/index/p0002_R-b8b267d5742f75d0.webp"",""full_page_url"":""https://ivseliv.github.io/senat/lex/scans/1897/index/p0002_R-b8b267d5742f75d0.webp""}]"
1897-40c2ad7fda18,1897,Анжело Вѣра,,"[""1897-033""]","[""https://ivseliv.github.io/senat/lex/#/d/1897-033""]","[{""file"":""p0002_R.txt"",""width"":1100,""height"":1535,""pdf_page"":4,""ocr_sha256"":""ee944546d794f0820bff7f93245765961b3455c2b39af6c6c31c4a9287b2ed03"",""image_url"":""https://ivseliv.github.io/senat/lex/scans/1897/index/p0002_R-b8b267d5742f75d0.webp"",""full_page_url"":""https://ivseliv.github.io/senat/lex/scans/1897/index/p0002_R-b8b267d5742f75d0.webp""}]"
1897-4651de3bad46,1897,"Аркушевскій Станиславъ, помѣщикъ",,"[""1897-030""]","[""https://ivseliv.github.io/senat/lex/#/d/1897-030""]","[{""file"":""p0002_R.txt"",""width"":1100,""height"":1535,""pdf_page"":4,""ocr_sha256"":""ee944546d794f0820bff7f93245765961b3455c2b39af6c6c31c4a9287b2ed03"",""image_url"":""https://ivseliv.github.io/senat/lex/scans/1897/index/p0002_R-b8b267d5742f75d0.webp"",""full_page_url"":""https://ivseliv.github.io/senat/lex/scans/1897/index/p0002_R-b8b267d5742f75d0.webp""}]"
1897-f5690ae595fe,1897,Асадулаевъ Шамси,,"[""1897-031""]","[""https://ivseliv.github.io/senat/lex/#/d/1897-031""]","[{""file"":""p0002_R.txt"",""width"":1100,""height"":1535,""pdf_page"":4,""ocr_sha256"":""ee944546d794f0820bff7f93245765961b3455c2b39af6c6c31c4a9287b2ed03"",""image_url"":""https://ivseliv.github.io/senat/lex/scans/1897/index/p0002_R-b8b267d5742f75d0.webp"",""full_page_url"":""https://ivseliv.github.io/senat/lex/scans/1897/index/p0002_R-b8b267d5742f75d0.webp""}]"
1897-ec32fdd9c8c4,1897,"Асмаевъ Лусегенъ, мѣщ",,"[""1897-064""]","[""https://ivseliv.github.io/senat/lex/#/d/1897-064""]","[{""file"":""p0002_R.txt"",""width"":1100,""height"":1535,""pdf_page"":4,""ocr_sha256"":""ee944546d794f0820bff7f93245765961b3455c2b39af6c6c31c4a9287b2ed03"",""image_url"":""https://ivseliv.github.io/senat/lex/scans/1897/index/p0002_R-b8b267d5742f75d0.webp"",""full_page_url"":""https://ivseliv.github.io/senat/lex/scans/1897/index/p0002_R-b8b267d5742f75d0.webp""}]"
1897-2d4030586c61,1897,"Багратіонъ-Мухранскіе Константинъ и Георгій, кн",,"[""1897-032""]","[""https://ivseliv.github.io/senat/lex/#/d/1897-032""]","[{""file"":""p0002_R.txt"",""width"":1100,""height"":1535,""pdf_page"":4,""ocr_sha256"":""ee944546d794f0820bff7f93245765961b3455c2b39af6c6c31c4a9287b2ed03"",""image_url"":""https://ivseliv.github.io/senat/lex/scans/1897/index/p0002_R-b8b267d5742f75d0.webp"",""full_page_url"":""https://ivseliv.github.io/senat/lex/scans/1897/index/p0002_R-b8b267d5742f75d0.webp""}]"
1897-4326620ec5d7,1897,Бакинское упр. госуд. имущ,,"[""1897-028"",""1897-031""]","[""https://ivseliv.github.io/senat/lex/#/d/1897-028"",""https://ivseliv.github.io/senat/lex/#/d/1897-031""]","[{""file"":""p0002_R.txt"",""width"":1100,""height"":1535,""pdf_page"":4,""ocr_sha256"":""ee944546d794f0820bff7f93245765961b3455c2b39af6c6c31c4a9287b2ed03"",""image_url"":""https://ivseliv.github.io/senat/lex/scans/1897/index/p0002_R-b8b267d5742f75d0.webp"",""full_page_url"":""https://ivseliv.github.io/senat/lex/scans/1897/index/p0002_R-b8b267d5742f75d0.webp""}]"
1897-6ae93eeaf64a,1897,Государственный,Банки,"[""1897-082""]","[""https://ivseliv.github.io/senat/lex/#/d/1897-082""]","[{""file"":""p0002_R.txt"",""width"":1100,""height"":1535,""pdf_page"":4,""ocr_sha256"":""ee944546d794f0820bff7f93245765961b3455c2b39af6c6c31c4a9287b2ed03"",""image_url"":""https://ivseliv.github.io/senat/lex/scans/1897/index/p0002_R-b8b267d5742f75d0.webp"",""full_page_url"":""https://ivseliv.github.io/senat/lex/scans/1897/index/p0002_R-b8b267d5742f75d0.webp""}]"
1897-bede041a5f9f,1897,Волжско-Камскій коммерч,Банки,"[""1897-045""]","[""https://ivseliv.github.io/senat/lex/#/d/1897-045""]","[{""file"":""p0002_R.txt"",""width"":1100,""height"":1535,""pdf_page"":4,""ocr_sha256"":""ee944546d794f0820bff7f93245765961b3455c2b39af6c6c31c4a9287b2ed03"",""image_url"":""https://ivseliv.github.io/senat/lex/scans/1897/index/p0002_R-b8b267d5742f75d0.webp"",""full_page_url"":""https://ivseliv.github.io/senat/lex/scans/1897/index/p0002_R-b8b267d5742f75d0.webp""}]"
1897-5a5c6246cdaf,1897,Люблинское отд. Госуд. банка,Банки,"[""1897-038""]","[""https://ivseliv.github.io/senat/lex/#/d/1897-038""]","[{""file"":""p0002_R.txt"",""width"":1100,""height"":1535,""pdf_page"":4,""ocr_sha256"":""ee944546d794f0820bff7f93245765961b3455c2b39af6c6c31c4a9287b2ed03"",""image_url"":""https://ivseliv.github.io/senat/lex/scans/1897/index/p0002_R-b8b267d5742f75d0.webp"",""full_page_url"":""https://ivseliv.github.io/senat/lex/scans/1897/index/p0002_R-b8b267d5742f75d0.webp""}]"
1897-6a7f3bc98a87,1897,"Баташева Асланъ-Ханъ, вдова горца",,"[""1897-095""]","[""https://ivseliv.github.io/senat/lex/#/d/1897-095""]","[{""file"":""p0002_R.txt"",""width"":1100,""height"":1535,""pdf_page"":4,""ocr_sha256"":""ee944546d794f0820bff7f93245765961b3455c2b39af6c6c31c4a9287b2ed03"",""image_url"":""https://ivseliv.github.io/senat/lex/scans/1897/index/p0002_R-b8b267d5742f75d0.webp"",""full_page_url"":""https://ivseliv.github.io/senat/lex/scans/1897/index/p0002_R-b8b267d5742f75d0.webp""}]"
1897-adae2d42e795,1897,"Безобразовъ Николай, колл. сов",,"[""1897-088""]","[""https://ivseliv.github.io/senat/lex/#/d/1897-088""]","[{""file"":""p0002_R.txt"",""width"":1100,""height"":1535,""pdf_page"":4,""ocr_sha256"":""ee944546d794f0820bff7f93245765961b3455c2b39af6c6c31c4a9287b2ed03"",""image_url"":""https://ivseliv.github.io/senat/lex/scans/1897/index/p0002_R-b8b267d5742f75d0.webp"",""full_page_url"":""https://ivseliv.github.io/senat/lex/scans/1897/index/p0002_R-b8b267d5742f75d0.webp""}]"
1897-1c3f780c44c7,1897,Беккеръ Адольфъ,,"[""1897-076""]","[""https://ivseliv.github.io/senat/lex/#/d/1897-076""]","[{""file"":""p0002_R.txt"",""width"":1100,""height"":1535,""pdf_page"":4,""ocr_sha256"":""ee944546d794f0820bff7f93245765961b3455c2b39af6c6c31c4a9287b2ed03"",""image_url"":""https://ivseliv.github.io/senat/lex/scans/1897/index/p0002_R-b8b267d5742f75d0.webp"",""full_page_url"":""https://ivseliv.github.io/senat/lex/scans/1897/index/p0002_R-b8b267d5742f75d0.webp""}]"
1897-5de05f136a32,1897,"Бекъ - Гергардъ Вильгельмъ, дѣйств. ст. сов",,"[""1897-005""]","[""https://ivseliv.github.io/senat/lex/#/d/1897-005""]","[{""file"":""p0002_R.txt"",""width"":1100,""height"":1535,""pdf_page"":4,""ocr_sha256"":""ee944546d794f0820bff7f93245765961b3455c2b39af6c6c31c4a9287b2ed03"",""image_url"":""https://ivseliv.github.io/senat/lex/scans/1897/index/p0002_R-b8b267d5742f75d0.webp"",""full_page_url"":""https://ivseliv.github.io/senat/lex/scans/1897/index/p0002_R-b8b267d5742f75d0.webp""}]"
1897-e25842a6415f,1897,"Бендицкій Израиль, мѣщ",,"[""1897-089""]","[""https://ivseliv.github.io/senat/lex/#/d/1897-089""]","[{""file"":""p0002_R.txt"",""width"":1100,""height"":1535,""pdf_page"":4,""ocr_sha256"":""ee944546d794f0820bff7f93245765961b3455c2b39af6c6c31c4a9287b2ed03"",""image_url"":""https://ivseliv.github.io/senat/lex/scans/1897/index/p0002_R-b8b267d5742f75d0.webp"",""full_page_url"":""https://ivseliv.github.io/senat/lex/scans/1897/index/p0002_R-b8b267d5742f75d0.webp""}]"
1897-241015ee6d2b,1897,Брестской жел. дор. общ,,"[""1897-020""]","[""https://ivseliv.github.io/senat/lex/#/d/1897-020""]","[{""file"":""p0002_R.txt"",""width"":1100,""height"":1535,""pdf_page"":4,""ocr_sha256"":""ee944546d794f0820bff7f93245765961b3455c2b39af6c6c31c4a9287b2ed03"",""image_url"":""https://ivseliv.github.io/senat/lex/scans/1897/index/p0002_R-b8b267d5742f75d0.webp"",""full_page_url"":""https://ivseliv.github.io/senat/lex/scans/1897/index/p0002_R-b8b267d5742f75d0.webp""}]"
1897-039e3866eb9a,1897,Бреховъ Григорій,,"[""1897-018""]","[""https://ivseliv.github.io/senat/lex/#/d/1897-018""]","[{""file"":""p0002_R.txt"",""width"":1100,""height"":1535,""pdf_page"":4,""ocr_sha256"":""ee944546d794f0820bff7f93245765961b3455c2b39af6c6c31c4a9287b2ed03"",""image_url"":""https://ivseliv.github.io/senat/lex/scans/1897/index/p0002_R-b8b267d5742f75d0.webp"",""full_page_url"":""https://ivseliv.github.io/senat/lex/scans/1897/index/p0002_R-b8b267d5742f75d0.webp""}]"
1897-76fa658af6df,1897,"Бринкенъ - фонъ - деръ Ольга, бар",,"[""1897-049""]","[""https://ivseliv.github.io/senat/lex/#/d/1897-049""]","[{""file"":""p0002_R.txt"",""width"":1100,""height"":1535,""pdf_page"":4,""ocr_sha256"":""ee944546d794f0820bff7f93245765961b3455c2b39af6c6c31c4a9287b2ed03"",""image_url"":""https://ivseliv.github.io/senat/lex/scans/1897/index/p0002_R-b8b267d5742f75d0.webp"",""full_page_url"":""https://ivseliv.github.io/senat/lex/scans/1897/index/p0002_R-b8b267d5742f75d0.webp""}]"
1897-77441f161e21,1897,"Бродовскій Осипъ, дворян",,"[""1897-020""]","[""https://ivseliv.github.io/senat/lex/#/d/1897-020""]","[{""file"":""p0002_R.txt"",""width"":1100,""height"":1535,""pdf_page"":4,""ocr_sha256"":""ee944546d794f0820bff7f93245765961b3455c2b39af6c6c31c4a9287b2ed03"",""image_url"":""https://ivseliv.github.io/senat/lex/scans/1897/index/p0002_R-b8b267d5742f75d0.webp"",""full_page_url"":""https://ivseliv.github.io/senat/lex/scans/1897/index/p0002_R-b8b267d5742f75d0.webp""}]"
1897-5696eb8ab66b,1897,Буткевичъ Вероника,,"[""1897-091""]","[""https://ivseliv.github.io/senat/lex/#/d/1897-091""]","[{""file"":""p0002_R.txt"",""width"":1100,""height"":1535,""pdf_page"":4,""ocr_sha256"":""ee944546d794f0820bff7f93245765961b3455c2b39af6c6c31c4a9287b2ed03"",""image_url"":""https://ivseliv.github.io/senat/lex/scans/1897/index/p0002_R-b8b267d5742f75d0.webp"",""full_page_url"":""https://ivseliv.github.io/senat/lex/scans/1897/index/p0002_R-b8b267d5742f75d0.webp""}]"
1897-93ff8918b1d4,1897,"Бѣляковы, Василій, кр-нинъ, и Елизавета",,"[""1897-053""]","[""https://ivseliv.github.io/senat/lex/#/d/1897-053""]","[{""file"":""p0002_R.txt"",""width"":1100,""height"":1535,""pdf_page"":4,""ocr_sha256"":""ee944546d794f0820bff7f93245765961b3455c2b39af6c6c31c4a9287b2ed03"",""image_url"":""https://ivseliv.github.io/senat/lex/scans/1897/index/p0002_R-b8b267d5742f75d0.webp"",""full_page_url"":""https://ivseliv.github.io/senat/lex/scans/1897/index/p0002_R-b8b267d5742f75d0.webp""}]"
1897-7ef616d1c153,1897,"Вальдштейнъ Августъ, купецъ",,"[""1897-099""]","[""https://ivseliv.github.io/senat/lex/#/d/1897-099""]","[{""file"":""p0002_R.txt"",""width"":1100,""height"":1535,""pdf_page"":4,""ocr_sha256"":""ee944546d794f0820bff7f93245765961b3455c2b39af6c6c31c4a9287b2ed03"",""image_url"":""https://ivseliv.github.io/senat/lex/scans/1897/index/p0002_R-b8b267d5742f75d0.webp"",""full_page_url"":""https://ivseliv.github.io/senat/lex/scans/1897/index/p0002_R-b8b267d5742f75d0.webp""}]"
1897-98af1f83abf1,1897,Варусовой дер. общ. кр-нъ,,"[""1897-036""]","[""https://ivseliv.github.io/senat/lex/#/d/1897-036""]","[{""file"":""p0002_R.txt"",""width"":1100,""height"":1535,""pdf_page"":4,""ocr_sha256"":""ee944546d794f0820bff7f93245765961b3455c2b39af6c6c31c4a9287b2ed03"",""image_url"":""https://ivseliv.github.io/senat/lex/scans/1897/index/p0002_R-b8b267d5742f75d0.webp"",""full_page_url"":""https://ivseliv.github.io/senat/lex/scans/1897/index/p0002_R-b8b267d5742f75d0.webp""}]"
1897-a7e31d7dc9d9,1897,Варшавско-Вѣнской и Варшавско-Бромбергской жел. дор. общ,,"[""1897-019""]","[""https://ivseliv.github.io/senat/lex/#/d/1897-019""]","[{""file"":""p0002_R.txt"",""width"":1100,""height"":1535,""pdf_page"":4,""ocr_sha256"":""ee944546d794f0820bff7f93245765961b3455c2b39af6c6c31c4a9287b2ed03"",""image_url"":""https://ivseliv.github.io/senat/lex/scans/1897/index/p0002_R-b8b267d5742f75d0.webp"",""full_page_url"":""https://ivseliv.github.io/senat/lex/scans/1897/index/p0002_R-b8b267d5742f75d0.webp""}]"
1897-00eb6df22cd8,1897,Варшавско-Вѣнской жел. дор. общ,,"[""1897-042""]","[""https://ivseliv.github.io/senat/lex/#/d/1897-042""]","[{""file"":""p0002_R.txt"",""width"":1100,""height"":1535,""pdf_page"":4,""ocr_sha256"":""ee944546d794f0820bff7f93245765961b3455c2b39af6c6c31c4a9287b2ed03"",""image_url"":""https://ivseliv.github.io/senat/lex/scans/1897/index/p0002_R-b8b267d5742f75d0.webp"",""full_page_url"":""https://ivseliv.github.io/senat/lex/scans/1897/index/p0002_R-b8b267d5742f75d0.webp""}]"
1897-07c6ad2c6e42,1897,"Вассіанъ игуменъ, настоятель монастыря",,"[""1897-012""]","[""https://ivseliv.github.io/senat/lex/#/d/1897-012""]","[{""file"":""p0002_R.txt"",""width"":1100,""height"":1535,""pdf_page"":4,""ocr_sha256"":""ee944546d794f0820bff7f93245765961b3455c2b39af6c6c31c4a9287b2ed03"",""image_url"":""https://ivseliv.github.io/senat/lex/scans/1897/index/p0002_R-b8b267d5742f75d0.webp"",""full_page_url"":""https://ivseliv.github.io/senat/lex/scans/1897/index/p0002_R-b8b267d5742f75d0.webp""}]"
1897-824ae0256194,1897,"Вельгорскія, Пелагія и Ядвига, граф",,"[""1897-077""]","[""https://ivseliv.github.io/senat/lex/#/d/1897-077""]","[{""file"":""p0002_R.txt"",""width"":1100,""height"":1535,""pdf_page"":4,""ocr_sha256"":""ee944546d794f0820bff7f93245765961b3455c2b39af6c6c31c4a9287b2ed03"",""image_url"":""https://ivseliv.github.io/senat/lex/scans/1897/index/p0002_R-b8b267d5742f75d0.webp"",""full_page_url"":""https://ivseliv.github.io/senat/lex/scans/1897/index/p0002_R-b8b267d5742f75d0.webp""}]"
1897-ac35fc01afdc,1897,"Венедиктова Евфимія, вд. маіора",,"[""1897-004""]","[""https://ivseliv.github.io/senat/lex/#/d/1897-004""]","[{""file"":""p0002_R.txt"",""width"":1100,""height"":1535,""pdf_page"":4,""ocr_sha256"":""ee944546d794f0820bff7f93245765961b3455c2b39af6c6c31c4a9287b2ed03"",""image_url"":""https://ivseliv.github.io/senat/lex/scans/1897/index/p0002_R-b8b267d5742f75d0.webp"",""full_page_url"":""https://ivseliv.github.io/senat/lex/scans/1897/index/p0002_R-b8b267d5742f75d0.webp""}]"
1897-f613ab8b0b3d,1897,"Вернеръ Леонтій, купецъ",,"[""1897-005""]","[""https://ivseliv.github.io/senat/lex/#/d/1897-005""]","[{""file"":""p0002_R.txt"",""width"":1100,""height"":1535,""pdf_page"":4,""ocr_sha256"":""ee944546d794f0820bff7f93245765961b3455c2b39af6c6c31c4a9287b2ed03"",""image_url"":""https://ivseliv.github.io/senat/lex/scans/1897/index/p0002_R-b8b267d5742f75d0.webp"",""full_page_url"":""https://ivseliv.github.io/senat/lex/scans/1897/index/p0002_R-b8b267d5742f75d0.webp""}]"
1897-587b2dbabece,1897,"Вечорекъ Петръ, кр-нинъ",,"[""1897-030""]","[""https://ivseliv.github.io/senat/lex/#/d/1897-030""]","[{""file"":""p0002_R.txt"",""width"":1100,""height"":1535,""pdf_page"":4,""ocr_sha256"":""ee944546d794f0820bff7f93245765961b3455c2b39af6c6c31c4a9287b2ed03"",""image_url"":""https://ivseliv.github.io/senat/lex/scans/1897/index/p0002_R-b8b267d5742f75d0.webp"",""full_page_url"":""https://ivseliv.github.io/senat/lex/scans/1897/index/p0002_R-b8b267d5742f75d0.webp""}]"
1897-7931e93b01a7,1897,Витрикусъ Александръ,,"[""1897-074""]","[""https://ivseliv.github.io/senat/lex/#/d/1897-074""]","[{""file"":""p0002_R.txt"",""width"":1100,""height"":1535,""pdf_page"":4,""ocr_sha256"":""ee944546d794f0820bff7f93245765961b3455c2b39af6c6c31c4a9287b2ed03"",""image_url"":""https://ivseliv.github.io/senat/lex/scans/1897/index/p0002_R-b8b267d5742f75d0.webp"",""full_page_url"":""https://ivseliv.github.io/senat/lex/scans/1897/index/p0002_R-b8b267d5742f75d0.webp""}]"
1897-b7e0d061aa7f,1897,Витте-фонъ Эвальда наслѣдники,,"[""1897-010""]","[""https://ivseliv.github.io/senat/lex/#/d/1897-010""]","[{""file"":""p0002_R.txt"",""width"":1100,""height"":1535,""pdf_page"":4,""ocr_sha256"":""ee944546d794f0820bff7f93245765961b3455c2b39af6c6c31c4a9287b2ed03"",""image_url"":""https://ivseliv.github.io/senat/lex/scans/1897/index/p0002_R-b8b267d5742f75d0.webp"",""full_page_url"":""https://ivseliv.github.io/senat/lex/scans/1897/index/p0002_R-b8b267d5742f75d0.webp""}]"
1897-575479aeda54,1897,Волжско-Камскій комм. банкъ,,"[""1897-045""]","[""https://ivseliv.github.io/senat/lex/#/d/1897-045""]","[{""file"":""p0002_R.txt"",""width"":1100,""height"":1535,""pdf_page"":4,""ocr_sha256"":""ee944546d794f0820bff7f93245765961b3455c2b39af6c6c31c4a9287b2ed03"",""image_url"":""https://ivseliv.github.io/senat/lex/scans/1897/index/p0002_R-b8b267d5742f75d0.webp"",""full_page_url"":""https://ivseliv.github.io/senat/lex/scans/1897/index/p0002_R-b8b267d5742f75d0.webp""}]"
1897-62bfe8ef2cb0,1897,"Волковы, Афанасій, Афиногенъ и Егоръ, кр-не",,"[""1897-065""]","[""https://ivseliv.github.io/senat/lex/#/d/1897-065""]","[{""file"":""p0002_R.txt"",""width"":1100,""height"":1535,""pdf_page"":4,""ocr_sha256"":""ee944546d794f0820bff7f93245765961b3455c2b39af6c6c31c4a9287b2ed03"",""image_url"":""https://ivseliv.github.io/senat/lex/scans/1897/index/p0002_R-b8b267d5742f75d0.webp"",""full_page_url"":""https://ivseliv.github.io/senat/lex/scans/1897/index/p0002_R-b8b267d5742f75d0.webp""}]"
1897-ff4d0a9bb945,1897,"Воробьева Ольга, кр-ка",,"[""1897-072""]","[""https://ivseliv.github.io/senat/lex/#/d/1897-072""]","[{""file"":""p0002_R.txt"",""width"":1100,""height"":1535,""pdf_page"":4,""ocr_sha256"":""ee944546d794f0820bff7f93245765961b3455c2b39af6c6c31c4a9287b2ed03"",""image_url"":""https://ivseliv.github.io/senat/lex/scans/1897/index/p0002_R-b8b267d5742f75d0.webp"",""full_page_url"":""https://ivseliv.github.io/senat/lex/scans/1897/index/p0002_R-b8b267d5742f75d0.webp""}]"
1897-b2ea4d172628,1897,Воскресенскій единовѣрческій монастырь,,"[""1897-012""]","[""https://ivseliv.github.io/senat/lex/#/d/1897-012""]","[{""file"":""p0003_L.txt"",""width"":1100,""height"":1551,""pdf_page"":5,""ocr_sha256"":""101a4f2bf5a74a2770d0dbf557776e9594ad1a6734760787e332c2ce49826666"",""image_url"":""https://ivseliv.github.io/senat/lex/scans/1897/index/p0003_L-b8b267d5742f75d0.webp"",""full_page_url"":""https://ivseliv.github.io/senat/lex/scans/1897/index/p0003_L-b8b267d5742f75d0.webp""}]"
1897-5e8d1b9f3522,1897,"Воскресенскій, тит. сов",,"[""1897-024""]","[""https://ivseliv.github.io/senat/lex/#/d/1897-024""]","[{""file"":""p0003_L.txt"",""width"":1100,""height"":1551,""pdf_page"":5,""ocr_sha256"":""101a4f2bf5a74a2770d0dbf557776e9594ad1a6734760787e332c2ce49826666"",""image_url"":""https://ivseliv.github.io/senat/lex/scans/1897/index/p0003_L-b8b267d5742f75d0.webp"",""full_page_url"":""https://ivseliv.github.io/senat/lex/scans/1897/index/p0003_L-b8b267d5742f75d0.webp""}]"
1897-f92fedc6f13d,1897,"Вуль Абрамъ, мѣщ",,"[""1897-026""]","[""https://ivseliv.github.io/senat/lex/#/d/1897-026""]","[{""file"":""p0003_L.txt"",""width"":1100,""height"":1551,""pdf_page"":5,""ocr_sha256"":""101a4f2bf5a74a2770d0dbf557776e9594ad1a6734760787e332c2ce49826666"",""image_url"":""https://ivseliv.github.io/senat/lex/scans/1897/index/p0003_L-b8b267d5742f75d0.webp"",""full_page_url"":""https://ivseliv.github.io/senat/lex/scans/1897/index/p0003_L-b8b267d5742f75d0.webp""}]"
1897-f6ad10ad5784,1897,Вяхиревъ,,"[""1897-039""]","[""https://ivseliv.github.io/senat/lex/#/d/1897-039""]","[{""file"":""p0003_L.txt"",""width"":1100,""height"":1551,""pdf_page"":5,""ocr_sha256"":""101a4f2bf5a74a2770d0dbf557776e9594ad1a6734760787e332c2ce49826666"",""image_url"":""https://ivseliv.github.io/senat/lex/scans/1897/index/p0003_L-b8b267d5742f75d0.webp"",""full_page_url"":""https://ivseliv.github.io/senat/lex/scans/1897/index/p0003_L-b8b267d5742f75d0.webp""}]"
1897-a63149deea2f,1897,Гарозенское вол. общ,,"[""1897-085""]","[""https://ivseliv.github.io/senat/lex/#/d/1897-085""]","[{""file"":""p0003_L.txt"",""width"":1100,""height"":1551,""pdf_page"":5,""ocr_sha256"":""101a4f2bf5a74a2770d0dbf557776e9594ad1a6734760787e332c2ce49826666"",""image_url"":""https://ivseliv.github.io/senat/lex/scans/1897/index/p0003_L-b8b267d5742f75d0.webp"",""full_page_url"":""https://ivseliv.github.io/senat/lex/scans/1897/index/p0003_L-b8b267d5742f75d0.webp""}]"
1897-a409e910bdae,1897,"Гартингъ, Карлъ, Константинъ и Александра",,"[""1897-058""]","[""https://ivseliv.github.io/senat/lex/#/d/1897-058""]","[{""file"":""p0003_L.txt"",""width"":1100,""height"":1551,""pdf_page"":5,""ocr_sha256"":""101a4f2bf5a74a2770d0dbf557776e9594ad1a6734760787e332c2ce49826666"",""image_url"":""https://ivseliv.github.io/senat/lex/scans/1897/index/p0003_L-b8b267d5742f75d0.webp"",""full_page_url"":""https://ivseliv.github.io/senat/lex/scans/1897/index/p0003_L-b8b267d5742f75d0.webp""}]"
1897-c750fd6d4730,1897,Гвоздевъ Петръ,,"[""1897-093""]","[""https://ivseliv.github.io/senat/lex/#/d/1897-093""]","[{""file"":""p0003_L.txt"",""width"":1100,""height"":1551,""pdf_page"":5,""ocr_sha256"":""101a4f2bf5a74a2770d0dbf557776e9594ad1a6734760787e332c2ce49826666"",""image_url"":""https://ivseliv.github.io/senat/lex/scans/1897/index/p0003_L-b8b267d5742f75d0.webp"",""full_page_url"":""https://ivseliv.github.io/senat/lex/scans/1897/index/p0003_L-b8b267d5742f75d0.webp""}]"
1897-397157aade4b,1897,"Гейнсъ Александръ, ген.-лейт",,"[""1897-023""]","[""https://ivseliv.github.io/senat/lex/#/d/1897-023""]","[{""file"":""p0003_L.txt"",""width"":1100,""height"":1551,""pdf_page"":5,""ocr_sha256"":""101a4f2bf5a74a2770d0dbf557776e9594ad1a6734760787e332c2ce49826666"",""image_url"":""https://ivseliv.github.io/senat/lex/scans/1897/index/p0003_L-b8b267d5742f75d0.webp"",""full_page_url"":""https://ivseliv.github.io/senat/lex/scans/1897/index/p0003_L-b8b267d5742f75d0.webp""}]"
1897-2461e15c1707,1897,„Гинсбергъ бр.“—торг. домъ,,"[""1897-019""]","[""https://ivseliv.github.io/senat/lex/#/d/1897-019""]","[{""file"":""p0003_L.txt"",""width"":1100,""height"":1551,""pdf_page"":5,""ocr_sha256"":""101a4f2bf5a74a2770d0dbf557776e9594ad1a6734760787e332c2ce49826666"",""image_url"":""https://ivseliv.github.io/senat/lex/scans/1897/index/p0003_L-b8b267d5742f75d0.webp"",""full_page_url"":""https://ivseliv.github.io/senat/lex/scans/1897/index/p0003_L-b8b267d5742f75d0.webp""}]"
1897-56651f37d200,1897,Главная дерекція земскаго кред. общ. Ц. П,,"[""1897-038""]","[""https://ivseliv.github.io/senat/lex/#/d/1897-038""]","[{""file"":""p0003_L.txt"",""width"":1100,""height"":1551,""pdf_page"":5,""ocr_sha256"":""101a4f2bf5a74a2770d0dbf557776e9594ad1a6734760787e332c2ce49826666"",""image_url"":""https://ivseliv.github.io/senat/lex/scans/1897/index/p0003_L-b8b267d5742f75d0.webp"",""full_page_url"":""https://ivseliv.github.io/senat/lex/scans/1897/index/p0003_L-b8b267d5742f75d0.webp""}]"
1897-e0bf794c56a9,1897,Главное общество Российскихъ жел. дор,,"[""1897-016""]","[""https://ivseliv.github.io/senat/lex/#/d/1897-016""]","[{""file"":""p0003_L.txt"",""width"":1100,""height"":1551,""pdf_page"":5,""ocr_sha256"":""101a4f2bf5a74a2770d0dbf557776e9594ad1a6734760787e332c2ce49826666"",""image_url"":""https://ivseliv.github.io/senat/lex/scans/1897/index/p0003_L-b8b267d5742f75d0.webp"",""full_page_url"":""https://ivseliv.github.io/senat/lex/scans/1897/index/p0003_L-b8b267d5742f75d0.webp""}]"
1897-ee1c031fb4be,1897,Главный штабъ,,"[""1897-056""]","[""https://ivseliv.github.io/senat/lex/#/d/1897-056""]","[{""file"":""p0003_L.txt"",""width"":1100,""height"":1551,""pdf_page"":5,""ocr_sha256"":""101a4f2bf5a74a2770d0dbf557776e9594ad1a6734760787e332c2ce49826666"",""image_url"":""https://ivseliv.github.io/senat/lex/scans/1897/index/p0003_L-b8b267d5742f75d0.webp"",""full_page_url"":""https://ivseliv.github.io/senat/lex/scans/1897/index/p0003_L-b8b267d5742f75d0.webp""}]"
1897-d07c55b4d78e,1897,"Голиковъ Петръ, кр-нинъ",,"[""1897-066""]","[""https://ivseliv.github.io/senat/lex/#/d/1897-066""]","[{""file"":""p0003_L.txt"",""width"":1100,""height"":1551,""pdf_page"":5,""ocr_sha256"":""101a4f2bf5a74a2770d0dbf557776e9594ad1a6734760787e332c2ce49826666"",""image_url"":""https://ivseliv.github.io/senat/lex/scans/1897/index/p0003_L-b8b267d5742f75d0.webp"",""full_page_url"":""https://ivseliv.github.io/senat/lex/scans/1897/index/p0003_L-b8b267d5742f75d0.webp""}]"
1897-fd128e7c02c5,1897,Государственный банкъ,,"[""1897-082""]","[""https://ivseliv.github.io/senat/lex/#/d/1897-082""]","[{""file"":""p0003_L.txt"",""width"":1100,""height"":1551,""pdf_page"":5,""ocr_sha256"":""101a4f2bf5a74a2770d0dbf557776e9594ad1a6734760787e332c2ce49826666"",""image_url"":""https://ivseliv.github.io/senat/lex/scans/1897/index/p0003_L-b8b267d5742f75d0.webp"",""full_page_url"":""https://ivseliv.github.io/senat/lex/scans/1897/index/p0003_L-b8b267d5742f75d0.webp""}]"
1897-2efde0677173,1897,Гриншпанъ Хаимъ,,"[""1897-037""]","[""https://ivseliv.github.io/senat/lex/#/d/1897-037""]","[{""file"":""p0003_L.txt"",""width"":1100,""height"":1551,""pdf_page"":5,""ocr_sha256"":""101a4f2bf5a74a2770d0dbf557776e9594ad1a6734760787e332c2ce49826666"",""image_url"":""https://ivseliv.github.io/senat/lex/scans/1897/index/p0003_L-b8b267d5742f75d0.webp"",""full_page_url"":""https://ivseliv.github.io/senat/lex/scans/1897/index/p0003_L-b8b267d5742f75d0.webp""}]"
1897-4bb694b08c3e,1897,Гродненскій губернаторъ,,"[""1897-093""]","[""https://ivseliv.github.io/senat/lex/#/d/1897-093""]","[{""file"":""p0003_L.txt"",""width"":1100,""height"":1551,""pdf_page"":5,""ocr_sha256"":""101a4f2bf5a74a2770d0dbf557776e9594ad1a6734760787e332c2ce49826666"",""image_url"":""https://ivseliv.github.io/senat/lex/scans/1897/index/p0003_L-b8b267d5742f75d0.webp"",""full_page_url"":""https://ivseliv.github.io/senat/lex/scans/1897/index/p0003_L-b8b267d5742f75d0.webp""}]"
1897-14f79d338f4e,1897,Грушецкій Михаилъ,,"[""1897-029""]","[""https://ivseliv.github.io/senat/lex/#/d/1897-029""]","[{""file"":""p0003_L.txt"",""width"":1100,""height"":1551,""pdf_page"":5,""ocr_sha256"":""101a4f2bf5a74a2770d0dbf557776e9594ad1a6734760787e332c2ce49826666"",""image_url"":""https://ivseliv.github.io/senat/lex/scans/1897/index/p0003_L-b8b267d5742f75d0.webp"",""full_page_url"":""https://ivseliv.github.io/senat/lex/scans/1897/index/p0003_L-b8b267d5742f75d0.webp""}]"
1897-128b03143db7,1897,Гуровъ Петръ,,"[""1897-052""]","[""https://ivseliv.github.io/senat/lex/#/d/1897-052""]","[{""file"":""p0003_L.txt"",""width"":1100,""height"":1551,""pdf_page"":5,""ocr_sha256"":""101a4f2bf5a74a2770d0dbf557776e9594ad1a6734760787e332c2ce49826666"",""image_url"":""https://ivseliv.github.io/senat/lex/scans/1897/index/p0003_L-b8b267d5742f75d0.webp"",""full_page_url"":""https://ivseliv.github.io/senat/lex/scans/1897/index/p0003_L-b8b267d5742f75d0.webp""}]"
1897-c6427a875e18,1897,"Дмитріевы, Викторъ псаломщикъ, и Анна",,"[""1897-081""]","[""https://ivseliv.github.io/senat/lex/#/d/1897-081""]","[{""file"":""p0003_L.txt"",""width"":1100,""height"":1551,""pdf_page"":5,""ocr_sha256"":""101a4f2bf5a74a2770d0dbf557776e9594ad1a6734760787e332c2ce49826666"",""image_url"":""https://ivseliv.github.io/senat/lex/scans/1897/index/p0003_L-b8b267d5742f75d0.webp"",""full_page_url"":""https://ivseliv.github.io/senat/lex/scans/1897/index/p0003_L-b8b267d5742f75d0.webp""}]"
1897-cc7e7d87349d,1897,Евдокимова Авдотья,,"[""1897-068""]","[""https://ivseliv.github.io/senat/lex/#/d/1897-068""]","[{""file"":""p0003_L.txt"",""width"":1100,""height"":1551,""pdf_page"":5,""ocr_sha256"":""101a4f2bf5a74a2770d0dbf557776e9594ad1a6734760787e332c2ce49826666"",""image_url"":""https://ivseliv.github.io/senat/lex/scans/1897/index/p0003_L-b8b267d5742f75d0.webp"",""full_page_url"":""https://ivseliv.github.io/senat/lex/scans/1897/index/p0003_L-b8b267d5742f75d0.webp""}]"
1897-78ce5987928c,1897,Елисѣевъ Михаилъ,,"[""1897-027""]","[""https://ivseliv.github.io/senat/lex/#/d/1897-027""]","[{""file"":""p0003_L.txt"",""width"":1100,""height"":1551,""pdf_page"":5,""ocr_sha256"":""101a4f2bf5a74a2770d0dbf557776e9594ad1a6734760787e332c2ce49826666"",""image_url"":""https://ivseliv.github.io/senat/lex/scans/1897/index/p0003_L-b8b267d5742f75d0.webp"",""full_page_url"":""https://ivseliv.github.io/senat/lex/scans/1897/index/p0003_L-b8b267d5742f75d0.webp""}]"
1897-ceff902284df,1897,"Елисѣевъ Павелъ, мѣщанинъ",,"[""1897-067""]","[""https://ivseliv.github.io/senat/lex/#/d/1897-067""]","[{""file"":""p0003_L.txt"",""width"":1100,""height"":1551,""pdf_page"":5,""ocr_sha256"":""101a4f2bf5a74a2770d0dbf557776e9594ad1a6734760787e332c2ce49826666"",""image_url"":""https://ivseliv.github.io/senat/lex/scans/1897/index/p0003_L-b8b267d5742f75d0.webp"",""full_page_url"":""https://ivseliv.github.io/senat/lex/scans/1897/index/p0003_L-b8b267d5742f75d0.webp""}]"
1897-addeffa37eca,1897,Варшавско-Вѣнской и Варшавско-Бромбергской общ,Желѣзныя дороги,"[""1897-019""]","[""https://ivseliv.github.io/senat/lex/#/d/1897-019""]","[{""file"":""p0003_L.txt"",""width"":1100,""height"":1551,""pdf_page"":5,""ocr_sha256"":""101a4f2bf5a74a2770d0dbf557776e9594ad1a6734760787e332c2ce49826666"",""image_url"":""https://ivseliv.github.io/senat/lex/scans/1897/index/p0003_L-b8b267d5742f75d0.webp"",""full_page_url"":""https://ivseliv.github.io/senat/lex/scans/1897/index/p0003_L-b8b267d5742f75d0.webp""}]"
1897-a3868658ba58,1897,Варшавско - Вѣнской общ,Желѣзныя дороги,"[""1897-042""]","[""https://ivseliv.github.io/senat/lex/#/d/1897-042""]","[{""file"":""p0003_L.txt"",""width"":1100,""height"":1551,""pdf_page"":5,""ocr_sha256"":""101a4f2bf5a74a2770d0dbf557776e9594ad1a6734760787e332c2ce49826666"",""image_url"":""https://ivseliv.github.io/senat/lex/scans/1897/index/p0003_L-b8b267d5742f75d0.webp"",""full_page_url"":""https://ivseliv.github.io/senat/lex/scans/1897/index/p0003_L-b8b267d5742f75d0.webp""}]"
1897-f590614ff401,1897,Казенныхъ жел. дор. упр,Желѣзныя дороги,"[""1897-017"",""1897-075"",""1897-084"",""1897-099""]","[""https://ivseliv.github.io/senat/lex/#/d/1897-017"",""https://ivseliv.github.io/senat/lex/#/d/1897-075"",""https://ivseliv.github.io/senat/lex/#/d/1897-084"",""https://ivseliv.github.io/senat/lex/#/d/1897-099""]","[{""file"":""p0003_L.txt"",""width"":1100,""height"":1551,""pdf_page"":5,""ocr_sha256"":""101a4f2bf5a74a2770d0dbf557776e9594ad1a6734760787e332c2ce49826666"",""image_url"":""https://ivseliv.github.io/senat/lex/scans/1897/index/p0003_L-b8b267d5742f75d0.webp"",""full_page_url"":""https://ivseliv.github.io/senat/lex/scans/1897/index/p0003_L-b8b267d5742f75d0.webp""}]"
1897-2ceb25cdb7d9,1897,Кіево-Воронежской общ,Желѣзныя дороги,"[""1897-083""]","[""https://ivseliv.github.io/senat/lex/#/d/1897-083""]","[{""file"":""p0003_L.txt"",""width"":1100,""height"":1551,""pdf_page"":5,""ocr_sha256"":""101a4f2bf5a74a2770d0dbf557776e9594ad1a6734760787e332c2ce49826666"",""image_url"":""https://ivseliv.github.io/senat/lex/scans/1897/index/p0003_L-b8b267d5742f75d0.webp"",""full_page_url"":""https://ivseliv.github.io/senat/lex/scans/1897/index/p0003_L-b8b267d5742f75d0.webp""}]"
1897-394bea4ce78d,1897,Московско-Брестской общ,Желѣзныя дороги,"[""1897-020""]","[""https://ivseliv.github.io/senat/lex/#/d/1897-020""]","[{""file"":""p0003_L.txt"",""width"":1100,""height"":1551,""pdf_page"":5,""ocr_sha256"":""101a4f2bf5a74a2770d0dbf557776e9594ad1a6734760787e332c2ce49826666"",""image_url"":""https://ivseliv.github.io/senat/lex/scans/1897/index/p0003_L-b8b267d5742f75d0.webp"",""full_page_url"":""https://ivseliv.github.io/senat/lex/scans/1897/index/p0003_L-b8b267d5742f75d0.webp""}]"
1897-c92130b94bd9,1897,Московско-Нижегородская,Желѣзныя дороги,"[""1897-016""]","[""https://ivseliv.github.io/senat/lex/#/d/1897-016""]","[{""file"":""p0003_L.txt"",""width"":1100,""height"":1551,""pdf_page"":5,""ocr_sha256"":""101a4f2bf5a74a2770d0dbf557776e9594ad1a6734760787e332c2ce49826666"",""image_url"":""https://ivseliv.github.io/senat/lex/scans/1897/index/p0003_L-b8b267d5742f75d0.webp"",""full_page_url"":""https://ivseliv.github.io/senat/lex/scans/1897/index/p0003_L-b8b267d5742f75d0.webp""}]"
1897-a3eca4aeb694,1897,Полѣсскія,Желѣзныя дороги,"[""1897-100""]","[""https://ivseliv.github.io/senat/lex/#/d/1897-100""]","[{""file"":""p0003_L.txt"",""width"":1100,""height"":1551,""pdf_page"":5,""ocr_sha256"":""101a4f2bf5a74a2770d0dbf557776e9594ad1a6734760787e332c2ce49826666"",""image_url"":""https://ivseliv.github.io/senat/lex/scans/1897/index/p0003_L-b8b267d5742f75d0.webp"",""full_page_url"":""https://ivseliv.github.io/senat/lex/scans/1897/index/p0003_L-b8b267d5742f75d0.webp""}]"
1897-805cbcbd057e,1897,Россійскихъ жел. дор. бывш. Главн. общ,Желѣзныя дороги,"[""1897-016""]","[""https://ivseliv.github.io/senat/lex/#/d/1897-016""]","[{""file"":""p0003_L.txt"",""width"":1100,""height"":1551,""pdf_page"":5,""ocr_sha256"":""101a4f2bf5a74a2770d0dbf557776e9594ad1a6734760787e332c2ce49826666"",""image_url"":""https://ivseliv.github.io/senat/lex/scans/1897/index/p0003_L-b8b267d5742f75d0.webp"",""full_page_url"":""https://ivseliv.github.io/senat/lex/scans/1897/index/p0003_L-b8b267d5742f75d0.webp""}]"
1897-9468d5d7b8dc,1897,Рязанско-Уральской общ,Желѣзныя дороги,"[""1897-056"",""1897-100""]","[""https://ivseliv.github.io/senat/lex/#/d/1897-056"",""https://ivseliv.github.io/senat/lex/#/d/1897-100""]","[{""file"":""p0003_L.txt"",""width"":1100,""height"":1551,""pdf_page"":5,""ocr_sha256"":""101a4f2bf5a74a2770d0dbf557776e9594ad1a6734760787e332c2ce49826666"",""image_url"":""https://ivseliv.github.io/senat/lex/scans/1897/index/p0003_L-b8b267d5742f75d0.webp"",""full_page_url"":""https://ivseliv.github.io/senat/lex/scans/1897/index/p0003_L-b8b267d5742f75d0.webp""}]"
1897-3971b2f3be02,1897,"Завадзкій Антонъ, дворянинъ",,"[""1897-096""]","[""https://ivseliv.github.io/senat/lex/#/d/1897-096""]","[{""file"":""p0003_L.txt"",""width"":1100,""height"":1551,""pdf_page"":5,""ocr_sha256"":""101a4f2bf5a74a2770d0dbf557776e9594ad1a6734760787e332c2ce49826666"",""image_url"":""https://ivseliv.github.io/senat/lex/scans/1897/index/p0003_L-b8b267d5742f75d0.webp"",""full_page_url"":""https://ivseliv.github.io/senat/lex/scans/1897/index/p0003_L-b8b267d5742f75d0.webp""}]"
1897-bb8e6974827f,1897,"Заверце, акціон. общ",,"[""1897-042""]","[""https://ivseliv.github.io/senat/lex/#/d/1897-042""]","[{""file"":""p0003_L.txt"",""width"":1100,""height"":1551,""pdf_page"":5,""ocr_sha256"":""101a4f2bf5a74a2770d0dbf557776e9594ad1a6734760787e332c2ce49826666"",""image_url"":""https://ivseliv.github.io/senat/lex/scans/1897/index/p0003_L-b8b267d5742f75d0.webp"",""full_page_url"":""https://ivseliv.github.io/senat/lex/scans/1897/index/p0003_L-b8b267d5742f75d0.webp""}]"
1897-94b82198a2fd,1897,"Зельмеръ Адольфъ, куп",,"[""1897-049""]","[""https://ivseliv.github.io/senat/lex/#/d/1897-049""]","[{""file"":""p0003_L.txt"",""width"":1100,""height"":1551,""pdf_page"":5,""ocr_sha256"":""101a4f2bf5a74a2770d0dbf557776e9594ad1a6734760787e332c2ce49826666"",""image_url"":""https://ivseliv.github.io/senat/lex/scans/1897/index/p0003_L-b8b267d5742f75d0.webp"",""full_page_url"":""https://ivseliv.github.io/senat/lex/scans/1897/index/p0003_L-b8b267d5742f75d0.webp""}]"
1897-779c2825fd8a,1897,Зетцеръ Вильгельмина,,"[""1897-034""]","[""https://ivseliv.github.io/senat/lex/#/d/1897-034""]","[{""file"":""p0003_L.txt"",""width"":1100,""height"":1551,""pdf_page"":5,""ocr_sha256"":""101a4f2bf5a74a2770d0dbf557776e9594ad1a6734760787e332c2ce49826666"",""image_url"":""https://ivseliv.github.io/senat/lex/scans/1897/index/p0003_L-b8b267d5742f75d0.webp"",""full_page_url"":""https://ivseliv.github.io/senat/lex/scans/1897/index/p0003_L-b8b267d5742f75d0.webp""}]"
1897-e72cde370cf1,1897,"Иваницкій Иванъ, колл. сов",,"[""1897-062""]","[""https://ivseliv.github.io/senat/lex/#/d/1897-062""]","[{""file"":""p0003_L.txt"",""width"":1100,""height"":1551,""pdf_page"":5,""ocr_sha256"":""101a4f2bf5a74a2770d0dbf557776e9594ad1a6734760787e332c2ce49826666"",""image_url"":""https://ivseliv.github.io/senat/lex/scans/1897/index/p0003_L-b8b267d5742f75d0.webp"",""full_page_url"":""https://ivseliv.github.io/senat/lex/scans/1897/index/p0003_L-b8b267d5742f75d0.webp""}]"
1897-e174a10bf2a9,1897,Ивановъ Михаилъ,,"[""1897-068""]","[""https://ivseliv.github.io/senat/lex/#/d/1897-068""]","[{""file"":""p0003_L.txt"",""width"":1100,""height"":1551,""pdf_page"":5,""ocr_sha256"":""101a4f2bf5a74a2770d0dbf557776e9594ad1a6734760787e332c2ce49826666"",""image_url"":""https://ivseliv.github.io/senat/lex/scans/1897/index/p0003_L-b8b267d5742f75d0.webp"",""full_page_url"":""https://ivseliv.github.io/senat/lex/scans/1897/index/p0003_L-b8b267d5742f75d0.webp""}]"
1897-da3162e07a85,1897,Кабачникъ Яковъ,,"[""1897-100""]","[""https://ivseliv.github.io/senat/lex/#/d/1897-100""]","[{""file"":""p0003_L.txt"",""width"":1100,""height"":1551,""pdf_page"":5,""ocr_sha256"":""101a4f2bf5a74a2770d0dbf557776e9594ad1a6734760787e332c2ce49826666"",""image_url"":""https://ivseliv.github.io/senat/lex/scans/1897/index/p0003_L-b8b267d5742f75d0.webp"",""full_page_url"":""https://ivseliv.github.io/senat/lex/scans/1897/index/p0003_L-b8b267d5742f75d0.webp""}]"
1897-cb16ccf64b77,1897,Казенныхъ жел. дор. упр,,"[""1897-017"",""1897-075"",""1897-084"",""1897-099""]","[""https://ivseliv.github.io/senat/lex/#/d/1897-017"",""https://ivseliv.github.io/senat/lex/#/d/1897-075"",""https://ivseliv.github.io/senat/lex/#/d/1897-084"",""https://ivseliv.github.io/senat/lex/#/d/1897-099""]","[{""file"":""p0003_L.txt"",""width"":1100,""height"":1551,""pdf_page"":5,""ocr_sha256"":""101a4f2bf5a74a2770d0dbf557776e9594ad1a6734760787e332c2ce49826666"",""image_url"":""https://ivseliv.github.io/senat/lex/scans/1897/index/p0003_L-b8b267d5742f75d0.webp"",""full_page_url"":""https://ivseliv.github.io/senat/lex/scans/1897/index/p0003_L-b8b267d5742f75d0.webp""}]"
1897-0008c17c0fdf,1897,Карцевъ Федоръ,,"[""1897-018""]","[""https://ivseliv.github.io/senat/lex/#/d/1897-018""]","[{""file"":""p0003_L.txt"",""width"":1100,""height"":1551,""pdf_page"":5,""ocr_sha256"":""101a4f2bf5a74a2770d0dbf557776e9594ad1a6734760787e332c2ce49826666"",""image_url"":""https://ivseliv.github.io/senat/lex/scans/1897/index/p0003_L-b8b267d5742f75d0.webp"",""full_page_url"":""https://ivseliv.github.io/senat/lex/scans/1897/index/p0003_L-b8b267d5742f75d0.webp""}]"
1897-5ce3c286188b,1897,Кессарійскаго Св. Василія церковь и причтъ,,"[""1897-011""]","[""https://ivseliv.github.io/senat/lex/#/d/1897-011""]","[{""file"":""p0003_L.txt"",""width"":1100,""height"":1551,""pdf_page"":5,""ocr_sha256"":""101a4f2bf5a74a2770d0dbf557776e9594ad1a6734760787e332c2ce49826666"",""image_url"":""https://ivseliv.github.io/senat/lex/scans/1897/index/p0003_L-b8b267d5742f75d0.webp"",""full_page_url"":""https://ivseliv.github.io/senat/lex/scans/1897/index/p0003_L-b8b267d5742f75d0.webp""}]"
1897-b02e69435589,1897,Кіево-Воронежской жел. дороги общ,,"[""1897-083""]","[""https://ivseliv.github.io/senat/lex/#/d/1897-083""]","[{""file"":""p0003_L.txt"",""width"":1100,""height"":1551,""pdf_page"":5,""ocr_sha256"":""101a4f2bf5a74a2770d0dbf557776e9594ad1a6734760787e332c2ce49826666"",""image_url"":""https://ivseliv.github.io/senat/lex/scans/1897/index/p0003_L-b8b267d5742f75d0.webp"",""full_page_url"":""https://ivseliv.github.io/senat/lex/scans/1897/index/p0003_L-b8b267d5742f75d0.webp""}]"
1897-76d97cb08e81,1897,"Кіевскій, Подольскій и Волынскій генералъ-губернаторъ",,"[""1897-096""]","[""https://ivseliv.github.io/senat/lex/#/d/1897-096""]","[{""file"":""p0003_L.txt"",""width"":1100,""height"":1551,""pdf_page"":5,""ocr_sha256"":""101a4f2bf5a74a2770d0dbf557776e9594ad1a6734760787e332c2ce49826666"",""image_url"":""https://ivseliv.github.io/senat/lex/scans/1897/index/p0003_L-b8b267d5742f75d0.webp"",""full_page_url"":""https://ivseliv.github.io/senat/lex/scans/1897/index/p0003_L-b8b267d5742f75d0.webp""}]"
1897-7adce4876455,1897,"Кириллова Екатерина, мѣщ",,"[""1897-004""]","[""https://ivseliv.github.io/senat/lex/#/d/1897-004""]","[{""file"":""p0003_L.txt"",""width"":1100,""height"":1551,""pdf_page"":5,""ocr_sha256"":""101a4f2bf5a74a2770d0dbf557776e9594ad1a6734760787e332c2ce49826666"",""image_url"":""https://ivseliv.github.io/senat/lex/scans/1897/index/p0003_L-b8b267d5742f75d0.webp"",""full_page_url"":""https://ivseliv.github.io/senat/lex/scans/1897/index/p0003_L-b8b267d5742f75d0.webp""}]"
1897-89f86fb41e2b,1897,Кирменей Среднихъ и др. деревень общ. кр-нъ,,"[""1897-021""]","[""https://ivseliv.github.io/senat/lex/#/d/1897-021""]","[{""file"":""p0003_L.txt"",""width"":1100,""height"":1551,""pdf_page"":5,""ocr_sha256"":""101a4f2bf5a74a2770d0dbf557776e9594ad1a6734760787e332c2ce49826666"",""image_url"":""https://ivseliv.github.io/senat/lex/scans/1897/index/p0003_L-b8b267d5742f75d0.webp"",""full_page_url"":""https://ivseliv.github.io/senat/lex/scans/1897/index/p0003_L-b8b267d5742f75d0.webp""}]"
1897-db7a258b488a,1897,"Клочка Козьма, кр-нинъ",,"[""1897-002""]","[""https://ivseliv.github.io/senat/lex/#/d/1897-002""]","[{""file"":""p0003_L.txt"",""width"":1100,""height"":1551,""pdf_page"":5,""ocr_sha256"":""101a4f2bf5a74a2770d0dbf557776e9594ad1a6734760787e332c2ce49826666"",""image_url"":""https://ivseliv.github.io/senat/lex/scans/1897/index/p0003_L-b8b267d5742f75d0.webp"",""full_page_url"":""https://ivseliv.github.io/senat/lex/scans/1897/index/p0003_L-b8b267d5742f75d0.webp""}]"
1897-9dc743f8c105,1897,Козловская Марія,,"[""1897-069""]","[""https://ivseliv.github.io/senat/lex/#/d/1897-069""]","[{""file"":""p0003_L.txt"",""width"":1100,""height"":1551,""pdf_page"":5,""ocr_sha256"":""101a4f2bf5a74a2770d0dbf557776e9594ad1a6734760787e332c2ce49826666"",""image_url"":""https://ivseliv.github.io/senat/lex/scans/1897/index/p0003_L-b8b267d5742f75d0.webp"",""full_page_url"":""https://ivseliv.github.io/senat/lex/scans/1897/index/p0003_L-b8b267d5742f75d0.webp""}]"
1897-68b065579260,1897,Коммисаръ по кр-нскимъ дѣламъ Пинчовскаго уѣзда,,"[""1897-037""]","[""https://ivseliv.github.io/senat/lex/#/d/1897-037""]","[{""file"":""p0003_L.txt"",""width"":1100,""height"":1551,""pdf_page"":5,""ocr_sha256"":""101a4f2bf5a74a2770d0dbf557776e9594ad1a6734760787e332c2ce49826666"",""image_url"":""https://ivseliv.github.io/senat/lex/scans/1897/index/p0003_L-b8b267d5742f75d0.webp"",""full_page_url"":""https://ivseliv.github.io/senat/lex/scans/1897/index/p0003_L-b8b267d5742f75d0.webp""}]"
1897-4a85a944ba31,1897,"Комодеръ Мацѣй, кр-нинъ",,"[""1897-037""]","[""https://ivseliv.github.io/senat/lex/#/d/1897-037""]","[{""file"":""p0003_L.txt"",""width"":1100,""height"":1551,""pdf_page"":5,""ocr_sha256"":""101a4f2bf5a74a2770d0dbf557776e9594ad1a6734760787e332c2ce49826666"",""image_url"":""https://ivseliv.github.io/senat/lex/scans/1897/index/p0003_L-b8b267d5742f75d0.webp"",""full_page_url"":""https://ivseliv.github.io/senat/lex/scans/1897/index/p0003_L-b8b267d5742f75d0.webp""}]"
1897-a29117ce1dc8,1897,"Пальмера Василія, купца",Конкурсныя управленія,"[""1897-080""]","[""https://ivseliv.github.io/senat/lex/#/d/1897-080""]","[{""file"":""p0003_L.txt"",""width"":1100,""height"":1551,""pdf_page"":5,""ocr_sha256"":""101a4f2bf5a74a2770d0dbf557776e9594ad1a6734760787e332c2ce49826666"",""image_url"":""https://ivseliv.github.io/senat/lex/scans/1897/index/p0003_L-b8b267d5742f75d0.webp"",""full_page_url"":""https://ivseliv.github.io/senat/lex/scans/1897/index/p0003_L-b8b267d5742f75d0.webp""},{""file"":""p0003_R.txt"",""width"":1100,""height"":1547,""pdf_page"":6,""ocr_sha256"":""3a7775d8871fc33538548ccbdaa367561a2ca4ef219b19e831683c7fa3aa5c4c"",""image_url"":""https://ivseliv.github.io/senat/lex/scans/1897/index/p0003_R-b8b267d5742f75d0.webp"",""full_page_url"":""https://ivseliv.github.io/senat/lex/scans/1897/index/p0003_R-b8b267d5742f75d0.webp""}]"
1897-a04d59409293,1897,Струтинскаго Казиміра,Конкурсныя управленія,"[""1897-015""]","[""https://ivseliv.github.io/senat/lex/#/d/1897-015""]","[{""file"":""p0003_R.txt"",""width"":1100,""height"":1547,""pdf_page"":6,""ocr_sha256"":""3a7775d8871fc33538548ccbdaa367561a2ca4ef219b19e831683c7fa3aa5c4c"",""image_url"":""https://ivseliv.github.io/senat/lex/scans/1897/index/p0003_R-b8b267d5742f75d0.webp"",""full_page_url"":""https://ivseliv.github.io/senat/lex/scans/1897/index/p0003_R-b8b267d5742f75d0.webp""}]"
1897-2f2a0670f9c7,1897,"Коревицкіе, Витольдъ, Іосифъ, Иванъ и Станиславъ, дворяне",,"[""1897-071""]","[""https://ivseliv.github.io/senat/lex/#/d/1897-071""]","[{""file"":""p0003_R.txt"",""width"":1100,""height"":1547,""pdf_page"":6,""ocr_sha256"":""3a7775d8871fc33538548ccbdaa367561a2ca4ef219b19e831683c7fa3aa5c4c"",""image_url"":""https://ivseliv.github.io/senat/lex/scans/1897/index/p0003_R-b8b267d5742f75d0.webp"",""full_page_url"":""https://ivseliv.github.io/senat/lex/scans/1897/index/p0003_R-b8b267d5742f75d0.webp""}]"
1897-cb6033ed9672,1897,"Кочеровскій Петръ, мѣщанинъ",,"[""1897-079""]","[""https://ivseliv.github.io/senat/lex/#/d/1897-079""]","[{""file"":""p0003_R.txt"",""width"":1100,""height"":1547,""pdf_page"":6,""ocr_sha256"":""3a7775d8871fc33538548ccbdaa367561a2ca4ef219b19e831683c7fa3aa5c4c"",""image_url"":""https://ivseliv.github.io/senat/lex/scans/1897/index/p0003_R-b8b267d5742f75d0.webp"",""full_page_url"":""https://ivseliv.github.io/senat/lex/scans/1897/index/p0003_R-b8b267d5742f75d0.webp""}]"
1897-822a94f1d4ae,1897,"Кремянскій Яковъ, дѣйств. ст. сов",,"[""1897-098""]","[""https://ivseliv.github.io/senat/lex/#/d/1897-098""]","[{""file"":""p0003_R.txt"",""width"":1100,""height"":1547,""pdf_page"":6,""ocr_sha256"":""3a7775d8871fc33538548ccbdaa367561a2ca4ef219b19e831683c7fa3aa5c4c"",""image_url"":""https://ivseliv.github.io/senat/lex/scans/1897/index/p0003_R-b8b267d5742f75d0.webp"",""full_page_url"":""https://ivseliv.github.io/senat/lex/scans/1897/index/p0003_R-b8b267d5742f75d0.webp""}]"
1897-c886131166a4,1897,"Крыжній Ѳедоръ, кр-нинъ",,"[""1897-002""]","[""https://ivseliv.github.io/senat/lex/#/d/1897-002""]","[{""file"":""p0003_R.txt"",""width"":1100,""height"":1547,""pdf_page"":6,""ocr_sha256"":""3a7775d8871fc33538548ccbdaa367561a2ca4ef219b19e831683c7fa3aa5c4c"",""image_url"":""https://ivseliv.github.io/senat/lex/scans/1897/index/p0003_R-b8b267d5742f75d0.webp"",""full_page_url"":""https://ivseliv.github.io/senat/lex/scans/1897/index/p0003_R-b8b267d5742f75d0.webp""}]"
1897-e4ba8c5c8221,1897,Кузьмина Марія,,"[""1897-027""]","[""https://ivseliv.github.io/senat/lex/#/d/1897-027""]","[{""file"":""p0003_R.txt"",""width"":1100,""height"":1547,""pdf_page"":6,""ocr_sha256"":""3a7775d8871fc33538548ccbdaa367561a2ca4ef219b19e831683c7fa3aa5c4c"",""image_url"":""https://ivseliv.github.io/senat/lex/scans/1897/index/p0003_R-b8b267d5742f75d0.webp"",""full_page_url"":""https://ivseliv.github.io/senat/lex/scans/1897/index/p0003_R-b8b267d5742f75d0.webp""}]"
1897-874a9ad67a45,1897,Кунъ Карлъ,,"[""1897-003""]","[""https://ivseliv.github.io/senat/lex/#/d/1897-003""]","[{""file"":""p0003_R.txt"",""width"":1100,""height"":1547,""pdf_page"":6,""ocr_sha256"":""3a7775d8871fc33538548ccbdaa367561a2ca4ef219b19e831683c7fa3aa5c4c"",""image_url"":""https://ivseliv.github.io/senat/lex/scans/1897/index/p0003_R-b8b267d5742f75d0.webp"",""full_page_url"":""https://ivseliv.github.io/senat/lex/scans/1897/index/p0003_R-b8b267d5742f75d0.webp""}]"
1897-b11017c1057e,1897,Куронь Екатерина,,"[""1897-074""]","[""https://ivseliv.github.io/senat/lex/#/d/1897-074""]","[{""file"":""p0003_R.txt"",""width"":1100,""height"":1547,""pdf_page"":6,""ocr_sha256"":""3a7775d8871fc33538548ccbdaa367561a2ca4ef219b19e831683c7fa3aa5c4c"",""image_url"":""https://ivseliv.github.io/senat/lex/scans/1897/index/p0003_R-b8b267d5742f75d0.webp"",""full_page_url"":""https://ivseliv.github.io/senat/lex/scans/1897/index/p0003_R-b8b267d5742f75d0.webp""}]"
1897-b675b9a6fdf5,1897,Лабенцкій Николай,,"[""1897-048""]","[""https://ivseliv.github.io/senat/lex/#/d/1897-048""]","[{""file"":""p0003_R.txt"",""width"":1100,""height"":1547,""pdf_page"":6,""ocr_sha256"":""3a7775d8871fc33538548ccbdaa367561a2ca4ef219b19e831683c7fa3aa5c4c"",""image_url"":""https://ivseliv.github.io/senat/lex/scans/1897/index/p0003_R-b8b267d5742f75d0.webp"",""full_page_url"":""https://ivseliv.github.io/senat/lex/scans/1897/index/p0003_R-b8b267d5742f75d0.webp""}]"
1897-5b920aca5ddd,1897,Лазаревичъ,,"[""1897-066""]","[""https://ivseliv.github.io/senat/lex/#/d/1897-066""]","[{""file"":""p0003_R.txt"",""width"":1100,""height"":1547,""pdf_page"":6,""ocr_sha256"":""3a7775d8871fc33538548ccbdaa367561a2ca4ef219b19e831683c7fa3aa5c4c"",""image_url"":""https://ivseliv.github.io/senat/lex/scans/1897/index/p0003_R-b8b267d5742f75d0.webp"",""full_page_url"":""https://ivseliv.github.io/senat/lex/scans/1897/index/p0003_R-b8b267d5742f75d0.webp""}]"
1897-e73704044516,1897,"Леоновъ Яковъ, кр-нинъ",,"[""1897-045""]","[""https://ivseliv.github.io/senat/lex/#/d/1897-045""]","[{""file"":""p0003_R.txt"",""width"":1100,""height"":1547,""pdf_page"":6,""ocr_sha256"":""3a7775d8871fc33538548ccbdaa367561a2ca4ef219b19e831683c7fa3aa5c4c"",""image_url"":""https://ivseliv.github.io/senat/lex/scans/1897/index/p0003_R-b8b267d5742f75d0.webp"",""full_page_url"":""https://ivseliv.github.io/senat/lex/scans/1897/index/p0003_R-b8b267d5742f75d0.webp""}]"
1897-3520d4816819,1897,"Лепешинская, вд. ст. сов",,"[""1897-057""]","[""https://ivseliv.github.io/senat/lex/#/d/1897-057""]","[{""file"":""p0003_R.txt"",""width"":1100,""height"":1547,""pdf_page"":6,""ocr_sha256"":""3a7775d8871fc33538548ccbdaa367561a2ca4ef219b19e831683c7fa3aa5c4c"",""image_url"":""https://ivseliv.github.io/senat/lex/scans/1897/index/p0003_R-b8b267d5742f75d0.webp"",""full_page_url"":""https://ivseliv.github.io/senat/lex/scans/1897/index/p0003_R-b8b267d5742f75d0.webp""}]"
1897-7b7abe1bb0ba,1897,"Литинецкій Мендель, мѣщ",,"[""1897-040""]","[""https://ivseliv.github.io/senat/lex/#/d/1897-040""]","[{""file"":""p0003_R.txt"",""width"":1100,""height"":1547,""pdf_page"":6,""ocr_sha256"":""3a7775d8871fc33538548ccbdaa367561a2ca4ef219b19e831683c7fa3aa5c4c"",""image_url"":""https://ivseliv.github.io/senat/lex/scans/1897/index/p0003_R-b8b267d5742f75d0.webp"",""full_page_url"":""https://ivseliv.github.io/senat/lex/scans/1897/index/p0003_R-b8b267d5742f75d0.webp""}]"
1897-babc359afa7d,1897,"Ломоносова Марія, жена ст. сов",,"[""1897-044""]","[""https://ivseliv.github.io/senat/lex/#/d/1897-044""]","[{""file"":""p0003_R.txt"",""width"":1100,""height"":1547,""pdf_page"":6,""ocr_sha256"":""3a7775d8871fc33538548ccbdaa367561a2ca4ef219b19e831683c7fa3aa5c4c"",""image_url"":""https://ivseliv.github.io/senat/lex/scans/1897/index/p0003_R-b8b267d5742f75d0.webp"",""full_page_url"":""https://ivseliv.github.io/senat/lex/scans/1897/index/p0003_R-b8b267d5742f75d0.webp""}]"
1897-431e34280348,1897,"Лось Викентій, графъ",,"[""1897-038""]","[""https://ivseliv.github.io/senat/lex/#/d/1897-038""]","[{""file"":""p0003_R.txt"",""width"":1100,""height"":1547,""pdf_page"":6,""ocr_sha256"":""3a7775d8871fc33538548ccbdaa367561a2ca4ef219b19e831683c7fa3aa5c4c"",""image_url"":""https://ivseliv.github.io/senat/lex/scans/1897/index/p0003_R-b8b267d5742f75d0.webp"",""full_page_url"":""https://ivseliv.github.io/senat/lex/scans/1897/index/p0003_R-b8b267d5742f75d0.webp""}]"
1897-7ad81cb199ab,1897,Лукасъ Андрей,,"[""1897-076""]","[""https://ivseliv.github.io/senat/lex/#/d/1897-076""]","[{""file"":""p0003_R.txt"",""width"":1100,""height"":1547,""pdf_page"":6,""ocr_sha256"":""3a7775d8871fc33538548ccbdaa367561a2ca4ef219b19e831683c7fa3aa5c4c"",""image_url"":""https://ivseliv.github.io/senat/lex/scans/1897/index/p0003_R-b8b267d5742f75d0.webp"",""full_page_url"":""https://ivseliv.github.io/senat/lex/scans/1897/index/p0003_R-b8b267d5742f75d0.webp""}]"
1897-88acbd67faa8,1897,Лукина Пелагея,,"[""1897-061""]","[""https://ivseliv.github.io/senat/lex/#/d/1897-061""]","[{""file"":""p0003_R.txt"",""width"":1100,""height"":1547,""pdf_page"":6,""ocr_sha256"":""3a7775d8871fc33538548ccbdaa367561a2ca4ef219b19e831683c7fa3aa5c4c"",""image_url"":""https://ivseliv.github.io/senat/lex/scans/1897/index/p0003_R-b8b267d5742f75d0.webp"",""full_page_url"":""https://ivseliv.github.io/senat/lex/scans/1897/index/p0003_R-b8b267d5742f75d0.webp""}]"
1897-c2092e5975ac,1897,Лунцъ Вульфъ,,"[""1897-007""]","[""https://ivseliv.github.io/senat/lex/#/d/1897-007""]","[{""file"":""p0003_R.txt"",""width"":1100,""height"":1547,""pdf_page"":6,""ocr_sha256"":""3a7775d8871fc33538548ccbdaa367561a2ca4ef219b19e831683c7fa3aa5c4c"",""image_url"":""https://ivseliv.github.io/senat/lex/scans/1897/index/p0003_R-b8b267d5742f75d0.webp"",""full_page_url"":""https://ivseliv.github.io/senat/lex/scans/1897/index/p0003_R-b8b267d5742f75d0.webp""}]"
1897-160eab4e533a,1897,"Лурьи Мендель, купецъ",,"[""1897-082""]","[""https://ivseliv.github.io/senat/lex/#/d/1897-082""]","[{""file"":""p0003_R.txt"",""width"":1100,""height"":1547,""pdf_page"":6,""ocr_sha256"":""3a7775d8871fc33538548ccbdaa367561a2ca4ef219b19e831683c7fa3aa5c4c"",""image_url"":""https://ivseliv.github.io/senat/lex/scans/1897/index/p0003_R-b8b267d5742f75d0.webp"",""full_page_url"":""https://ivseliv.github.io/senat/lex/scans/1897/index/p0003_R-b8b267d5742f75d0.webp""}]"
1897-946a9d61f74e,1897,Льнискіе Матвѣй и Лаура,,"[""1897-022""]","[""https://ivseliv.github.io/senat/lex/#/d/1897-022""]","[{""file"":""p0003_R.txt"",""width"":1100,""height"":1547,""pdf_page"":6,""ocr_sha256"":""3a7775d8871fc33538548ccbdaa367561a2ca4ef219b19e831683c7fa3aa5c4c"",""image_url"":""https://ivseliv.github.io/senat/lex/scans/1897/index/p0003_R-b8b267d5742f75d0.webp"",""full_page_url"":""https://ivseliv.github.io/senat/lex/scans/1897/index/p0003_R-b8b267d5742f75d0.webp""}]"
1897-497d68d1b109,1897,"Ляминъ Михаилъ, колл. ассесоръ",,"[""1897-003""]","[""https://ivseliv.github.io/senat/lex/#/d/1897-003""]","[{""file"":""p0003_R.txt"",""width"":1100,""height"":1547,""pdf_page"":6,""ocr_sha256"":""3a7775d8871fc33538548ccbdaa367561a2ca4ef219b19e831683c7fa3aa5c4c"",""image_url"":""https://ivseliv.github.io/senat/lex/scans/1897/index/p0003_R-b8b267d5742f75d0.webp"",""full_page_url"":""https://ivseliv.github.io/senat/lex/scans/1897/index/p0003_R-b8b267d5742f75d0.webp""}]"
1897-21462b746cf8,1897,Любинковскій Андрей,,"[""1897-041""]","[""https://ivseliv.github.io/senat/lex/#/d/1897-041""]","[{""file"":""p0003_R.txt"",""width"":1100,""height"":1547,""pdf_page"":6,""ocr_sha256"":""3a7775d8871fc33538548ccbdaa367561a2ca4ef219b19e831683c7fa3aa5c4c"",""image_url"":""https://ivseliv.github.io/senat/lex/scans/1897/index/p0003_R-b8b267d5742f75d0.webp"",""full_page_url"":""https://ivseliv.github.io/senat/lex/scans/1897/index/p0003_R-b8b267d5742f75d0.webp""}]"
1897-1cfb65769bc0,1897,Люблинское отдѣленіе госуд. банка,,"[""1897-038""]","[""https://ivseliv.github.io/senat/lex/#/d/1897-038""]","[{""file"":""p0003_R.txt"",""width"":1100,""height"":1547,""pdf_page"":6,""ocr_sha256"":""3a7775d8871fc33538548ccbdaa367561a2ca4ef219b19e831683c7fa3aa5c4c"",""image_url"":""https://ivseliv.github.io/senat/lex/scans/1897/index/p0003_R-b8b267d5742f75d0.webp"",""full_page_url"":""https://ivseliv.github.io/senat/lex/scans/1897/index/p0003_R-b8b267d5742f75d0.webp""}]"
1897-b2d223e11972,1897,Магдалина монахиня,,"[""1897-024""]","[""https://ivseliv.github.io/senat/lex/#/d/1897-024""]","[{""file"":""p0003_R.txt"",""width"":1100,""height"":1547,""pdf_page"":6,""ocr_sha256"":""3a7775d8871fc33538548ccbdaa367561a2ca4ef219b19e831683c7fa3aa5c4c"",""image_url"":""https://ivseliv.github.io/senat/lex/scans/1897/index/p0003_R-b8b267d5742f75d0.webp"",""full_page_url"":""https://ivseliv.github.io/senat/lex/scans/1897/index/p0003_R-b8b267d5742f75d0.webp""}]"
1897-2b5c8494b3e9,1897,"Маевскій Карлъ, тайн. сов",,"[""1897-006""]","[""https://ivseliv.github.io/senat/lex/#/d/1897-006""]","[{""file"":""p0003_R.txt"",""width"":1100,""height"":1547,""pdf_page"":6,""ocr_sha256"":""3a7775d8871fc33538548ccbdaa367561a2ca4ef219b19e831683c7fa3aa5c4c"",""image_url"":""https://ivseliv.github.io/senat/lex/scans/1897/index/p0003_R-b8b267d5742f75d0.webp"",""full_page_url"":""https://ivseliv.github.io/senat/lex/scans/1897/index/p0003_R-b8b267d5742f75d0.webp""}]"
1897-b79b496f54f1,1897,"Манузи, графъ",,"[""1897-015""]","[""https://ivseliv.github.io/senat/lex/#/d/1897-015""]","[{""file"":""p0003_R.txt"",""width"":1100,""height"":1547,""pdf_page"":6,""ocr_sha256"":""3a7775d8871fc33538548ccbdaa367561a2ca4ef219b19e831683c7fa3aa5c4c"",""image_url"":""https://ivseliv.github.io/senat/lex/scans/1897/index/p0003_R-b8b267d5742f75d0.webp"",""full_page_url"":""https://ivseliv.github.io/senat/lex/scans/1897/index/p0003_R-b8b267d5742f75d0.webp""}]"
1897-a63970f84a3a,1897,"Марія, монахиня",,"[""1897-039""]","[""https://ivseliv.github.io/senat/lex/#/d/1897-039""]","[{""file"":""p0003_R.txt"",""width"":1100,""height"":1547,""pdf_page"":6,""ocr_sha256"":""3a7775d8871fc33538548ccbdaa367561a2ca4ef219b19e831683c7fa3aa5c4c"",""image_url"":""https://ivseliv.github.io/senat/lex/scans/1897/index/p0003_R-b8b267d5742f75d0.webp"",""full_page_url"":""https://ivseliv.github.io/senat/lex/scans/1897/index/p0003_R-b8b267d5742f75d0.webp""}]"
1897-865c9008ba77,1897,Мартнъ Михаилъ,,"[""1897-047""]","[""https://ivseliv.github.io/senat/lex/#/d/1897-047""]","[{""file"":""p0003_R.txt"",""width"":1100,""height"":1547,""pdf_page"":6,""ocr_sha256"":""3a7775d8871fc33538548ccbdaa367561a2ca4ef219b19e831683c7fa3aa5c4c"",""image_url"":""https://ivseliv.github.io/senat/lex/scans/1897/index/p0003_R-b8b267d5742f75d0.webp"",""full_page_url"":""https://ivseliv.github.io/senat/lex/scans/1897/index/p0003_R-b8b267d5742f75d0.webp""}]"
1897-058dc79fb21f,1897,"Масальскій Ксаверій, князь",,"[""1897-006""]","[""https://ivseliv.github.io/senat/lex/#/d/1897-006""]","[{""file"":""p0003_R.txt"",""width"":1100,""height"":1547,""pdf_page"":6,""ocr_sha256"":""3a7775d8871fc33538548ccbdaa367561a2ca4ef219b19e831683c7fa3aa5c4c"",""image_url"":""https://ivseliv.github.io/senat/lex/scans/1897/index/p0003_R-b8b267d5742f75d0.webp"",""full_page_url"":""https://ivseliv.github.io/senat/lex/scans/1897/index/p0003_R-b8b267d5742f75d0.webp""}]"
1897-8f0dac102b53,1897,"Мержвинскіе, Каролина и Иванъ, мѣщ",,"[""1897-079""]","[""https://ivseliv.github.io/senat/lex/#/d/1897-079""]","[{""file"":""p0003_R.txt"",""width"":1100,""height"":1547,""pdf_page"":6,""ocr_sha256"":""3a7775d8871fc33538548ccbdaa367561a2ca4ef219b19e831683c7fa3aa5c4c"",""image_url"":""https://ivseliv.github.io/senat/lex/scans/1897/index/p0003_R-b8b267d5742f75d0.webp"",""full_page_url"":""https://ivseliv.github.io/senat/lex/scans/1897/index/p0003_R-b8b267d5742f75d0.webp""}]"
1897-e38893f24aad,1897,"Мещерскій Александръ, князь",,"[""1897-058""]","[""https://ivseliv.github.io/senat/lex/#/d/1897-058""]","[{""file"":""p0003_R.txt"",""width"":1100,""height"":1547,""pdf_page"":6,""ocr_sha256"":""3a7775d8871fc33538548ccbdaa367561a2ca4ef219b19e831683c7fa3aa5c4c"",""image_url"":""https://ivseliv.github.io/senat/lex/scans/1897/index/p0003_R-b8b267d5742f75d0.webp"",""full_page_url"":""https://ivseliv.github.io/senat/lex/scans/1897/index/p0003_R-b8b267d5742f75d0.webp""}]"
1897-0a240874bab3,1897,"Милевскій Эдуардъ, нотаріусъ",,"[""1897-041""]","[""https://ivseliv.github.io/senat/lex/#/d/1897-041""]","[{""file"":""p0003_R.txt"",""width"":1100,""height"":1547,""pdf_page"":6,""ocr_sha256"":""3a7775d8871fc33538548ccbdaa367561a2ca4ef219b19e831683c7fa3aa5c4c"",""image_url"":""https://ivseliv.github.io/senat/lex/scans/1897/index/p0003_R-b8b267d5742f75d0.webp"",""full_page_url"":""https://ivseliv.github.io/senat/lex/scans/1897/index/p0003_R-b8b267d5742f75d0.webp""}]"
1897-416dc69ff80c,1897,Морицъ Эрвинъ,,"[""1897-008""]","[""https://ivseliv.github.io/senat/lex/#/d/1897-008""]","[{""file"":""p0003_R.txt"",""width"":1100,""height"":1547,""pdf_page"":6,""ocr_sha256"":""3a7775d8871fc33538548ccbdaa367561a2ca4ef219b19e831683c7fa3aa5c4c"",""image_url"":""https://ivseliv.github.io/senat/lex/scans/1897/index/p0003_R-b8b267d5742f75d0.webp"",""full_page_url"":""https://ivseliv.github.io/senat/lex/scans/1897/index/p0003_R-b8b267d5742f75d0.webp""}]"
1897-cdd81ade8c59,1897,Московское гор. кред. общ,,"[""1897-088""]","[""https://ivseliv.github.io/senat/lex/#/d/1897-088""]","[{""file"":""p0003_R.txt"",""width"":1100,""height"":1547,""pdf_page"":6,""ocr_sha256"":""3a7775d8871fc33538548ccbdaa367561a2ca4ef219b19e831683c7fa3aa5c4c"",""image_url"":""https://ivseliv.github.io/senat/lex/scans/1897/index/p0003_R-b8b267d5742f75d0.webp"",""full_page_url"":""https://ivseliv.github.io/senat/lex/scans/1897/index/p0003_R-b8b267d5742f75d0.webp""}]"
1897-e289cf6a9af6,1897,Московско-Брестской жел. дор. общ,,"[""1897-020""]","[""https://ivseliv.github.io/senat/lex/#/d/1897-020""]","[{""file"":""p0003_R.txt"",""width"":1100,""height"":1547,""pdf_page"":6,""ocr_sha256"":""3a7775d8871fc33538548ccbdaa367561a2ca4ef219b19e831683c7fa3aa5c4c"",""image_url"":""https://ivseliv.github.io/senat/lex/scans/1897/index/p0003_R-b8b267d5742f75d0.webp"",""full_page_url"":""https://ivseliv.github.io/senat/lex/scans/1897/index/p0003_R-b8b267d5742f75d0.webp""}]"
1897-800cc4b3c3d5,1897,Московско-Нижегородская жел. дор,,"[""1897-016""]","[""https://ivseliv.github.io/senat/lex/#/d/1897-016""]","[{""file"":""p0003_R.txt"",""width"":1100,""height"":1547,""pdf_page"":6,""ocr_sha256"":""3a7775d8871fc33538548ccbdaa367561a2ca4ef219b19e831683c7fa3aa5c4c"",""image_url"":""https://ivseliv.github.io/senat/lex/scans/1897/index/p0003_R-b8b267d5742f75d0.webp"",""full_page_url"":""https://ivseliv.github.io/senat/lex/scans/1897/index/p0003_R-b8b267d5742f75d0.webp""}]"
1897-508db4d855f7,1897,"Моссаковскій Игнатій, двор",,"[""1897-071""]","[""https://ivseliv.github.io/senat/lex/#/d/1897-071""]","[{""file"":""p0003_R.txt"",""width"":1100,""height"":1547,""pdf_page"":6,""ocr_sha256"":""3a7775d8871fc33538548ccbdaa367561a2ca4ef219b19e831683c7fa3aa5c4c"",""image_url"":""https://ivseliv.github.io/senat/lex/scans/1897/index/p0003_R-b8b267d5742f75d0.webp"",""full_page_url"":""https://ivseliv.github.io/senat/lex/scans/1897/index/p0003_R-b8b267d5742f75d0.webp""}]"
1897-f2176ad4545f,1897,Мусвицъ-Шадурскаго Степана умерш. инженеръ-генер.-маіора малол. дѣтей опека,,"[""1897-014""]","[""https://ivseliv.github.io/senat/lex/#/d/1897-014""]","[{""file"":""p0003_R.txt"",""width"":1100,""height"":1547,""pdf_page"":6,""ocr_sha256"":""3a7775d8871fc33538548ccbdaa367561a2ca4ef219b19e831683c7fa3aa5c4c"",""image_url"":""https://ivseliv.github.io/senat/lex/scans/1897/index/p0003_R-b8b267d5742f75d0.webp"",""full_page_url"":""https://ivseliv.github.io/senat/lex/scans/1897/index/p0003_R-b8b267d5742f75d0.webp""}]"
1897-c1a812ebf888,1897,"Мярковская Юзефа, двор",,"[""1897-078""]","[""https://ivseliv.github.io/senat/lex/#/d/1897-078""]","[{""file"":""p0003_R.txt"",""width"":1100,""height"":1547,""pdf_page"":6,""ocr_sha256"":""3a7775d8871fc33538548ccbdaa367561a2ca4ef219b19e831683c7fa3aa5c4c"",""image_url"":""https://ivseliv.github.io/senat/lex/scans/1897/index/p0003_R-b8b267d5742f75d0.webp"",""full_page_url"":""https://ivseliv.github.io/senat/lex/scans/1897/index/p0003_R-b8b267d5742f75d0.webp""}]"
1897-8be97d5c9e18,1897,"Назаренко Иванъ, кр-нинъ",,"[""1897-002""]","[""https://ivseliv.github.io/senat/lex/#/d/1897-002""]","[{""file"":""p0003_R.txt"",""width"":1100,""height"":1547,""pdf_page"":6,""ocr_sha256"":""3a7775d8871fc33538548ccbdaa367561a2ca4ef219b19e831683c7fa3aa5c4c"",""image_url"":""https://ivseliv.github.io/senat/lex/scans/1897/index/p0003_R-b8b267d5742f75d0.webp"",""full_page_url"":""https://ivseliv.github.io/senat/lex/scans/1897/index/p0003_R-b8b267d5742f75d0.webp""}]"
1897-8258267d57fc,1897,Натансонъ Борухъ,,"[""1897-048""]","[""https://ivseliv.github.io/senat/lex/#/d/1897-048""]","[{""file"":""p0003_R.txt"",""width"":1100,""height"":1547,""pdf_page"":6,""ocr_sha256"":""3a7775d8871fc33538548ccbdaa367561a2ca4ef219b19e831683c7fa3aa5c4c"",""image_url"":""https://ivseliv.github.io/senat/lex/scans/1897/index/p0003_R-b8b267d5742f75d0.webp"",""full_page_url"":""https://ivseliv.github.io/senat/lex/scans/1897/index/p0003_R-b8b267d5742f75d0.webp""}]"
1897-32cf495b64a4,1897,Нахичеванское общ. взаимн. кред,,"[""1897-064""]","[""https://ivseliv.github.io/senat/lex/#/d/1897-064""]","[{""file"":""p0003_R.txt"",""width"":1100,""height"":1547,""pdf_page"":6,""ocr_sha256"":""3a7775d8871fc33538548ccbdaa367561a2ca4ef219b19e831683c7fa3aa5c4c"",""image_url"":""https://ivseliv.github.io/senat/lex/scans/1897/index/p0003_R-b8b267d5742f75d0.webp"",""full_page_url"":""https://ivseliv.github.io/senat/lex/scans/1897/index/p0003_R-b8b267d5742f75d0.webp""}]"
1897-f63c6b8e3631,1897,Юрьево-Верроскаго мир. с,Начальники крѣпостныхъ отдѣленій,"[""1897-046"",""1897-047""]","[""https://ivseliv.github.io/senat/lex/#/d/1897-046"",""https://ivseliv.github.io/senat/lex/#/d/1897-047""]","[{""file"":""p0003_R.txt"",""width"":1100,""height"":1547,""pdf_page"":6,""ocr_sha256"":""3a7775d8871fc33538548ccbdaa367561a2ca4ef219b19e831683c7fa3aa5c4c"",""image_url"":""https://ivseliv.github.io/senat/lex/scans/1897/index/p0003_R-b8b267d5742f75d0.webp"",""full_page_url"":""https://ivseliv.github.io/senat/lex/scans/1897/index/p0003_R-b8b267d5742f75d0.webp""}]"
1897-d99c980b9fe3,1897,"Неплюевы, Александра вд. колл. регистр., и Николай, дворянинъ",,"[""1897-092""]","[""https://ivseliv.github.io/senat/lex/#/d/1897-092""]","[{""file"":""p0003_R.txt"",""width"":1100,""height"":1547,""pdf_page"":6,""ocr_sha256"":""3a7775d8871fc33538548ccbdaa367561a2ca4ef219b19e831683c7fa3aa5c4c"",""image_url"":""https://ivseliv.github.io/senat/lex/scans/1897/index/p0003_R-b8b267d5742f75d0.webp"",""full_page_url"":""https://ivseliv.github.io/senat/lex/scans/1897/index/p0003_R-b8b267d5742f75d0.webp""}]"
1897-3f826efd0d13,1897,Нефедова Василія опекунъ,,"[""1897-072""]","[""https://ivseliv.github.io/senat/lex/#/d/1897-072""]","[{""file"":""p0003_R.txt"",""width"":1100,""height"":1547,""pdf_page"":6,""ocr_sha256"":""3a7775d8871fc33538548ccbdaa367561a2ca4ef219b19e831683c7fa3aa5c4c"",""image_url"":""https://ivseliv.github.io/senat/lex/scans/1897/index/p0003_R-b8b267d5742f75d0.webp"",""full_page_url"":""https://ivseliv.github.io/senat/lex/scans/1897/index/p0003_R-b8b267d5742f75d0.webp""}]"
1897-53701a94e084,1897,Николаева Анастасія,,"[""1897-059""]","[""https://ivseliv.github.io/senat/lex/#/d/1897-059""]","[{""file"":""p0003_R.txt"",""width"":1100,""height"":1547,""pdf_page"":6,""ocr_sha256"":""3a7775d8871fc33538548ccbdaa367561a2ca4ef219b19e831683c7fa3aa5c4c"",""image_url"":""https://ivseliv.github.io/senat/lex/scans/1897/index/p0003_R-b8b267d5742f75d0.webp"",""full_page_url"":""https://ivseliv.github.io/senat/lex/scans/1897/index/p0003_R-b8b267d5742f75d0.webp""}]"
1897-21e978fa09f5,1897,"Новогрудскіе, Мееръ Мовша и Мина",,"[""1897-093""]","[""https://ivseliv.github.io/senat/lex/#/d/1897-093""]","[{""file"":""p0003_R.txt"",""width"":1100,""height"":1547,""pdf_page"":6,""ocr_sha256"":""3a7775d8871fc33538548ccbdaa367561a2ca4ef219b19e831683c7fa3aa5c4c"",""image_url"":""https://ivseliv.github.io/senat/lex/scans/1897/index/p0003_R-b8b267d5742f75d0.webp"",""full_page_url"":""https://ivseliv.github.io/senat/lex/scans/1897/index/p0003_R-b8b267d5742f75d0.webp""}]"
1897-99d0cc934d57,1897,Варусовой дер. общ. кр-нъ,Общества,"[""1897-036""]","[""https://ivseliv.github.io/senat/lex/#/d/1897-036""]","[{""file"":""p0003_R.txt"",""width"":1100,""height"":1547,""pdf_page"":6,""ocr_sha256"":""3a7775d8871fc33538548ccbdaa367561a2ca4ef219b19e831683c7fa3aa5c4c"",""image_url"":""https://ivseliv.github.io/senat/lex/scans/1897/index/p0003_R-b8b267d5742f75d0.webp"",""full_page_url"":""https://ivseliv.github.io/senat/lex/scans/1897/index/p0003_R-b8b267d5742f75d0.webp""}]"
1897-ea7c81558611,1897,Гарозенское волостное,Общества,"[""1897-085""]","[""https://ivseliv.github.io/senat/lex/#/d/1897-085""]","[{""file"":""p0003_R.txt"",""width"":1100,""height"":1547,""pdf_page"":6,""ocr_sha256"":""3a7775d8871fc33538548ccbdaa367561a2ca4ef219b19e831683c7fa3aa5c4c"",""image_url"":""https://ivseliv.github.io/senat/lex/scans/1897/index/p0003_R-b8b267d5742f75d0.webp"",""full_page_url"":""https://ivseliv.github.io/senat/lex/scans/1897/index/p0003_R-b8b267d5742f75d0.webp""}]"
1897-f21d2c5b9beb,1897,„Заверце“ акціонерное,Общества,"[""1897-042""]","[""https://ivseliv.github.io/senat/lex/#/d/1897-042""]","[{""file"":""p0003_R.txt"",""width"":1100,""height"":1547,""pdf_page"":6,""ocr_sha256"":""3a7775d8871fc33538548ccbdaa367561a2ca4ef219b19e831683c7fa3aa5c4c"",""image_url"":""https://ivseliv.github.io/senat/lex/scans/1897/index/p0003_R-b8b267d5742f75d0.webp"",""full_page_url"":""https://ivseliv.github.io/senat/lex/scans/1897/index/p0003_R-b8b267d5742f75d0.webp""}]"
1897-2ee74e8b6351,1897,Земскаго кред. Ц. П. главная дирекція,Общества,"[""1897-038""]","[""https://ivseliv.github.io/senat/lex/#/d/1897-038""]","[{""file"":""p0003_R.txt"",""width"":1100,""height"":1547,""pdf_page"":6,""ocr_sha256"":""3a7775d8871fc33538548ccbdaa367561a2ca4ef219b19e831683c7fa3aa5c4c"",""image_url"":""https://ivseliv.github.io/senat/lex/scans/1897/index/p0003_R-b8b267d5742f75d0.webp"",""full_page_url"":""https://ivseliv.github.io/senat/lex/scans/1897/index/p0003_R-b8b267d5742f75d0.webp""}]"
1897-7b8fdb00f3ea,1897,Московское гор. кредитное,Общества,"[""1897-088""]","[""https://ivseliv.github.io/senat/lex/#/d/1897-088""]","[{""file"":""p0003_R.txt"",""width"":1100,""height"":1547,""pdf_page"":6,""ocr_sha256"":""3a7775d8871fc33538548ccbdaa367561a2ca4ef219b19e831683c7fa3aa5c4c"",""image_url"":""https://ivseliv.github.io/senat/lex/scans/1897/index/p0003_R-b8b267d5742f75d0.webp"",""full_page_url"":""https://ivseliv.github.io/senat/lex/scans/1897/index/p0003_R-b8b267d5742f75d0.webp""}]"
1897-1c3618f08cfc,1897,Нахичеванское вз. кред,Общества,"[""1897-064""]","[""https://ivseliv.github.io/senat/lex/#/d/1897-064""]","[{""file"":""p0003_R.txt"",""width"":1100,""height"":1547,""pdf_page"":6,""ocr_sha256"":""3a7775d8871fc33538548ccbdaa367561a2ca4ef219b19e831683c7fa3aa5c4c"",""image_url"":""https://ivseliv.github.io/senat/lex/scans/1897/index/p0003_R-b8b267d5742f75d0.webp"",""full_page_url"":""https://ivseliv.github.io/senat/lex/scans/1897/index/p0003_R-b8b267d5742f75d0.webp""}]"
1897-c3506c7f2e4c,1897,Одесское гор. кред,Общества,"[""1897-057""]","[""https://ivseliv.github.io/senat/lex/#/d/1897-057""]","[{""file"":""p0003_R.txt"",""width"":1100,""height"":1547,""pdf_page"":6,""ocr_sha256"":""3a7775d8871fc33538548ccbdaa367561a2ca4ef219b19e831683c7fa3aa5c4c"",""image_url"":""https://ivseliv.github.io/senat/lex/scans/1897/index/p0003_R-b8b267d5742f75d0.webp"",""full_page_url"":""https://ivseliv.github.io/senat/lex/scans/1897/index/p0003_R-b8b267d5742f75d0.webp""}]"
1897-99c103badfd5,1897,Орловскаго взаимн. кред. ликвид. комисія,Общества,"[""1897-050""]","[""https://ivseliv.github.io/senat/lex/#/d/1897-050""]","[{""file"":""p0003_R.txt"",""width"":1100,""height"":1547,""pdf_page"":6,""ocr_sha256"":""3a7775d8871fc33538548ccbdaa367561a2ca4ef219b19e831683c7fa3aa5c4c"",""image_url"":""https://ivseliv.github.io/senat/lex/scans/1897/index/p0003_R-b8b267d5742f75d0.webp"",""full_page_url"":""https://ivseliv.github.io/senat/lex/scans/1897/index/p0003_R-b8b267d5742f75d0.webp""}]"
1897-cf1a6ce17685,1897,Пустельникъ д. общ. кр-нъ,Общества,"[""1897-030""]","[""https://ivseliv.github.io/senat/lex/#/d/1897-030""]","[{""file"":""p0003_R.txt"",""width"":1100,""height"":1547,""pdf_page"":6,""ocr_sha256"":""3a7775d8871fc33538548ccbdaa367561a2ca4ef219b19e831683c7fa3aa5c4c"",""image_url"":""https://ivseliv.github.io/senat/lex/scans/1897/index/p0003_R-b8b267d5742f75d0.webp"",""full_page_url"":""https://ivseliv.github.io/senat/lex/scans/1897/index/p0003_R-b8b267d5742f75d0.webp""},{""file"":""p0004_L.txt"",""width"":1100,""height"":1548,""pdf_page"":7,""ocr_sha256"":""c4270485245142afeafa288bdc6dc4267daea56ea5134d19b16550f4f8ec678d"",""image_url"":""https://ivseliv.github.io/senat/lex/scans/1897/index/p0004_L-b8b267d5742f75d0.webp"",""full_page_url"":""https://ivseliv.github.io/senat/lex/scans/1897/index/p0004_L-b8b267d5742f75d0.webp""}]"
1897-498bc6a30b6d,1897,Сабурова села общ. кр-нъ,Общества,"[""1897-036""]","[""https://ivseliv.github.io/senat/lex/#/d/1897-036""]","[{""file"":""p0004_L.txt"",""width"":1100,""height"":1548,""pdf_page"":7,""ocr_sha256"":""c4270485245142afeafa288bdc6dc4267daea56ea5134d19b16550f4f8ec678d"",""image_url"":""https://ivseliv.github.io/senat/lex/scans/1897/index/p0004_L-b8b267d5742f75d0.webp"",""full_page_url"":""https://ivseliv.github.io/senat/lex/scans/1897/index/p0004_L-b8b267d5742f75d0.webp""}]"
1897-66ea146a6ea9,1897,Старой дер. общ. кр-нъ,Общества,"[""1897-036""]","[""https://ivseliv.github.io/senat/lex/#/d/1897-036""]","[{""file"":""p0004_L.txt"",""width"":1100,""height"":1548,""pdf_page"":7,""ocr_sha256"":""c4270485245142afeafa288bdc6dc4267daea56ea5134d19b16550f4f8ec678d"",""image_url"":""https://ivseliv.github.io/senat/lex/scans/1897/index/p0004_L-b8b267d5742f75d0.webp"",""full_page_url"":""https://ivseliv.github.io/senat/lex/scans/1897/index/p0004_L-b8b267d5742f75d0.webp""}]"
1897-4e6f95da431a,1897,Среднихъ - Кирменей дер. общ. кр-нъ,Общества,"[""1897-021""]","[""https://ivseliv.github.io/senat/lex/#/d/1897-021""]","[{""file"":""p0004_L.txt"",""width"":1100,""height"":1548,""pdf_page"":7,""ocr_sha256"":""c4270485245142afeafa288bdc6dc4267daea56ea5134d19b16550f4f8ec678d"",""image_url"":""https://ivseliv.github.io/senat/lex/scans/1897/index/p0004_L-b8b267d5742f75d0.webp"",""full_page_url"":""https://ivseliv.github.io/senat/lex/scans/1897/index/p0004_L-b8b267d5742f75d0.webp""}]"
1897-4cb8a1379cc4,1897,Одесскаго гор. кред. общ. правленіе,Общества,"[""1897-057""]","[""https://ivseliv.github.io/senat/lex/#/d/1897-057""]","[{""file"":""p0004_L.txt"",""width"":1100,""height"":1548,""pdf_page"":7,""ocr_sha256"":""c4270485245142afeafa288bdc6dc4267daea56ea5134d19b16550f4f8ec678d"",""image_url"":""https://ivseliv.github.io/senat/lex/scans/1897/index/p0004_L-b8b267d5742f75d0.webp"",""full_page_url"":""https://ivseliv.github.io/senat/lex/scans/1897/index/p0004_L-b8b267d5742f75d0.webp""}]"
1897-e1d24e4da712,1897,Одесское гор. общ. упр,Общества,"[""1897-001""]","[""https://ivseliv.github.io/senat/lex/#/d/1897-001""]","[{""file"":""p0004_L.txt"",""width"":1100,""height"":1548,""pdf_page"":7,""ocr_sha256"":""c4270485245142afeafa288bdc6dc4267daea56ea5134d19b16550f4f8ec678d"",""image_url"":""https://ivseliv.github.io/senat/lex/scans/1897/index/p0004_L-b8b267d5742f75d0.webp"",""full_page_url"":""https://ivseliv.github.io/senat/lex/scans/1897/index/p0004_L-b8b267d5742f75d0.webp""}]"
1897-9743f982ee1a,1897,"Олимпіада, монахиня",,"[""1897-039""]","[""https://ivseliv.github.io/senat/lex/#/d/1897-039""]","[{""file"":""p0004_L.txt"",""width"":1100,""height"":1548,""pdf_page"":7,""ocr_sha256"":""c4270485245142afeafa288bdc6dc4267daea56ea5134d19b16550f4f8ec678d"",""image_url"":""https://ivseliv.github.io/senat/lex/scans/1897/index/p0004_L-b8b267d5742f75d0.webp"",""full_page_url"":""https://ivseliv.github.io/senat/lex/scans/1897/index/p0004_L-b8b267d5742f75d0.webp""}]"
1897-0b904648f8e1,1897,Оркинъ Адольфъ,,"[""1897-010""]","[""https://ivseliv.github.io/senat/lex/#/d/1897-010""]","[{""file"":""p0004_L.txt"",""width"":1100,""height"":1548,""pdf_page"":7,""ocr_sha256"":""c4270485245142afeafa288bdc6dc4267daea56ea5134d19b16550f4f8ec678d"",""image_url"":""https://ivseliv.github.io/senat/lex/scans/1897/index/p0004_L-b8b267d5742f75d0.webp"",""full_page_url"":""https://ivseliv.github.io/senat/lex/scans/1897/index/p0004_L-b8b267d5742f75d0.webp""}]"
1897-b30693e2c529,1897,Орловскаго общ. взаимн. кредита ликвидаціонная комиссія,,"[""1897-050""]","[""https://ivseliv.github.io/senat/lex/#/d/1897-050""]","[{""file"":""p0004_L.txt"",""width"":1100,""height"":1548,""pdf_page"":7,""ocr_sha256"":""c4270485245142afeafa288bdc6dc4267daea56ea5134d19b16550f4f8ec678d"",""image_url"":""https://ivseliv.github.io/senat/lex/scans/1897/index/p0004_L-b8b267d5742f75d0.webp"",""full_page_url"":""https://ivseliv.github.io/senat/lex/scans/1897/index/p0004_L-b8b267d5742f75d0.webp""}]"
1897-dbf15b7642f9,1897,Орловъ,,"[""1897-016""]","[""https://ivseliv.github.io/senat/lex/#/d/1897-016""]","[{""file"":""p0004_L.txt"",""width"":1100,""height"":1548,""pdf_page"":7,""ocr_sha256"":""c4270485245142afeafa288bdc6dc4267daea56ea5134d19b16550f4f8ec678d"",""image_url"":""https://ivseliv.github.io/senat/lex/scans/1897/index/p0004_L-b8b267d5742f75d0.webp"",""full_page_url"":""https://ivseliv.github.io/senat/lex/scans/1897/index/p0004_L-b8b267d5742f75d0.webp""}]"
1897-60fdbb7c806e,1897,"Пальмера Василія, купца, конк. управл",,"[""1897-080""]","[""https://ivseliv.github.io/senat/lex/#/d/1897-080""]","[{""file"":""p0004_L.txt"",""width"":1100,""height"":1548,""pdf_page"":7,""ocr_sha256"":""c4270485245142afeafa288bdc6dc4267daea56ea5134d19b16550f4f8ec678d"",""image_url"":""https://ivseliv.github.io/senat/lex/scans/1897/index/p0004_L-b8b267d5742f75d0.webp"",""full_page_url"":""https://ivseliv.github.io/senat/lex/scans/1897/index/p0004_L-b8b267d5742f75d0.webp""}]"
1897-c8045496cd79,1897,"Панкѣевы, Константинъ и Петръ, купцы",,"[""1897-001""]","[""https://ivseliv.github.io/senat/lex/#/d/1897-001""]","[{""file"":""p0004_L.txt"",""width"":1100,""height"":1548,""pdf_page"":7,""ocr_sha256"":""c4270485245142afeafa288bdc6dc4267daea56ea5134d19b16550f4f8ec678d"",""image_url"":""https://ivseliv.github.io/senat/lex/scans/1897/index/p0004_L-b8b267d5742f75d0.webp"",""full_page_url"":""https://ivseliv.github.io/senat/lex/scans/1897/index/p0004_L-b8b267d5742f75d0.webp""}]"
1897-af1da374404a,1897,"Пасторъ Отто, прусскій подд",,"[""1897-062""]","[""https://ivseliv.github.io/senat/lex/#/d/1897-062""]","[{""file"":""p0004_L.txt"",""width"":1100,""height"":1548,""pdf_page"":7,""ocr_sha256"":""c4270485245142afeafa288bdc6dc4267daea56ea5134d19b16550f4f8ec678d"",""image_url"":""https://ivseliv.github.io/senat/lex/scans/1897/index/p0004_L-b8b267d5742f75d0.webp"",""full_page_url"":""https://ivseliv.github.io/senat/lex/scans/1897/index/p0004_L-b8b267d5742f75d0.webp""}]"
1897-acb4d9b25e5b,1897,Пермское упр. госуд. имущ,,"[""1897-097""]","[""https://ivseliv.github.io/senat/lex/#/d/1897-097""]","[{""file"":""p0004_L.txt"",""width"":1100,""height"":1548,""pdf_page"":7,""ocr_sha256"":""c4270485245142afeafa288bdc6dc4267daea56ea5134d19b16550f4f8ec678d"",""image_url"":""https://ivseliv.github.io/senat/lex/scans/1897/index/p0004_L-b8b267d5742f75d0.webp"",""full_page_url"":""https://ivseliv.github.io/senat/lex/scans/1897/index/p0004_L-b8b267d5742f75d0.webp""}]"
1897-dc5535d47601,1897,Перновъ Георгій,,"[""1897-047""]","[""https://ivseliv.github.io/senat/lex/#/d/1897-047""]","[{""file"":""p0004_L.txt"",""width"":1100,""height"":1548,""pdf_page"":7,""ocr_sha256"":""c4270485245142afeafa288bdc6dc4267daea56ea5134d19b16550f4f8ec678d"",""image_url"":""https://ivseliv.github.io/senat/lex/scans/1897/index/p0004_L-b8b267d5742f75d0.webp"",""full_page_url"":""https://ivseliv.github.io/senat/lex/scans/1897/index/p0004_L-b8b267d5742f75d0.webp""}]"
1897-133863feeabb,1897,"Пивоварскіе, Григорій и Марианна",,"[""1897-087""]","[""https://ivseliv.github.io/senat/lex/#/d/1897-087""]","[{""file"":""p0004_L.txt"",""width"":1100,""height"":1548,""pdf_page"":7,""ocr_sha256"":""c4270485245142afeafa288bdc6dc4267daea56ea5134d19b16550f4f8ec678d"",""image_url"":""https://ivseliv.github.io/senat/lex/scans/1897/index/p0004_L-b8b267d5742f75d0.webp"",""full_page_url"":""https://ivseliv.github.io/senat/lex/scans/1897/index/p0004_L-b8b267d5742f75d0.webp""}]"
1897-8024999c8c6f,1897,"Пинисы, Гдаль и Айзикъ, мѣщ",,"[""1897-070""]","[""https://ivseliv.github.io/senat/lex/#/d/1897-070""]","[{""file"":""p0004_L.txt"",""width"":1100,""height"":1548,""pdf_page"":7,""ocr_sha256"":""c4270485245142afeafa288bdc6dc4267daea56ea5134d19b16550f4f8ec678d"",""image_url"":""https://ivseliv.github.io/senat/lex/scans/1897/index/p0004_L-b8b267d5742f75d0.webp"",""full_page_url"":""https://ivseliv.github.io/senat/lex/scans/1897/index/p0004_L-b8b267d5742f75d0.webp""}]"
1897-a6d4f2a7a007,1897,"Пискарева Вѣра, солдатка",,"[""1897-060""]","[""https://ivseliv.github.io/senat/lex/#/d/1897-060""]","[{""file"":""p0004_L.txt"",""width"":1100,""height"":1548,""pdf_page"":7,""ocr_sha256"":""c4270485245142afeafa288bdc6dc4267daea56ea5134d19b16550f4f8ec678d"",""image_url"":""https://ivseliv.github.io/senat/lex/scans/1897/index/p0004_L-b8b267d5742f75d0.webp"",""full_page_url"":""https://ivseliv.github.io/senat/lex/scans/1897/index/p0004_L-b8b267d5742f75d0.webp""}]"
1897-1dd4ed81811f,1897,"Плющевскій Константинъ, колл. асс",,"[""1897-034""]","[""https://ivseliv.github.io/senat/lex/#/d/1897-034""]","[{""file"":""p0004_L.txt"",""width"":1100,""height"":1548,""pdf_page"":7,""ocr_sha256"":""c4270485245142afeafa288bdc6dc4267daea56ea5134d19b16550f4f8ec678d"",""image_url"":""https://ivseliv.github.io/senat/lex/scans/1897/index/p0004_L-b8b267d5742f75d0.webp"",""full_page_url"":""https://ivseliv.github.io/senat/lex/scans/1897/index/p0004_L-b8b267d5742f75d0.webp""}]"
1897-18ac11c88715,1897,Полѣсскія жел. дор,,"[""1897-100""]","[""https://ivseliv.github.io/senat/lex/#/d/1897-100""]","[{""file"":""p0004_L.txt"",""width"":1100,""height"":1548,""pdf_page"":7,""ocr_sha256"":""c4270485245142afeafa288bdc6dc4267daea56ea5134d19b16550f4f8ec678d"",""image_url"":""https://ivseliv.github.io/senat/lex/scans/1897/index/p0004_L-b8b267d5742f75d0.webp"",""full_page_url"":""https://ivseliv.github.io/senat/lex/scans/1897/index/p0004_L-b8b267d5742f75d0.webp""}]"
1897-3258437aac7b,1897,"Поповы Иванъ, купецъ, и Елизавета",,"[""1897-043""]","[""https://ivseliv.github.io/senat/lex/#/d/1897-043""]","[{""file"":""p0004_L.txt"",""width"":1100,""height"":1548,""pdf_page"":7,""ocr_sha256"":""c4270485245142afeafa288bdc6dc4267daea56ea5134d19b16550f4f8ec678d"",""image_url"":""https://ivseliv.github.io/senat/lex/scans/1897/index/p0004_L-b8b267d5742f75d0.webp"",""full_page_url"":""https://ivseliv.github.io/senat/lex/scans/1897/index/p0004_L-b8b267d5742f75d0.webp""}]"
1897-87d43e3a7a3f,1897,"Порошина Агафья, вдова умершаго унтеръ-офицера",,"[""1897-004""]","[""https://ivseliv.github.io/senat/lex/#/d/1897-004""]","[{""file"":""p0004_L.txt"",""width"":1100,""height"":1548,""pdf_page"":7,""ocr_sha256"":""c4270485245142afeafa288bdc6dc4267daea56ea5134d19b16550f4f8ec678d"",""image_url"":""https://ivseliv.github.io/senat/lex/scans/1897/index/p0004_L-b8b267d5742f75d0.webp"",""full_page_url"":""https://ivseliv.github.io/senat/lex/scans/1897/index/p0004_L-b8b267d5742f75d0.webp""}]"
1897-da3d030cdb1a,1897,"Прокураторія Ц. П., дѣйствующая отъ имени: упр. госуд. имущ. Радомской, Кѣлецкой, Люблинской и Сѣдлецкой губ",,"[""1897-023""]","[""https://ivseliv.github.io/senat/lex/#/d/1897-023""]","[{""file"":""p0004_L.txt"",""width"":1100,""height"":1548,""pdf_page"":7,""ocr_sha256"":""c4270485245142afeafa288bdc6dc4267daea56ea5134d19b16550f4f8ec678d"",""image_url"":""https://ivseliv.github.io/senat/lex/scans/1897/index/p0004_L-b8b267d5742f75d0.webp"",""full_page_url"":""https://ivseliv.github.io/senat/lex/scans/1897/index/p0004_L-b8b267d5742f75d0.webp""}]"
1897-1383f585d371,1897,Пустельникъ дер. кр-не,,"[""1897-030""]","[""https://ivseliv.github.io/senat/lex/#/d/1897-030""]","[{""file"":""p0004_L.txt"",""width"":1100,""height"":1548,""pdf_page"":7,""ocr_sha256"":""c4270485245142afeafa288bdc6dc4267daea56ea5134d19b16550f4f8ec678d"",""image_url"":""https://ivseliv.github.io/senat/lex/scans/1897/index/p0004_L-b8b267d5742f75d0.webp"",""full_page_url"":""https://ivseliv.github.io/senat/lex/scans/1897/index/p0004_L-b8b267d5742f75d0.webp""}]"
1897-46e4feb79068,1897,Путята Дмитрій,,"[""1897-052""]","[""https://ivseliv.github.io/senat/lex/#/d/1897-052""]","[{""file"":""p0004_L.txt"",""width"":1100,""height"":1548,""pdf_page"":7,""ocr_sha256"":""c4270485245142afeafa288bdc6dc4267daea56ea5134d19b16550f4f8ec678d"",""image_url"":""https://ivseliv.github.io/senat/lex/scans/1897/index/p0004_L-b8b267d5742f75d0.webp"",""full_page_url"":""https://ivseliv.github.io/senat/lex/scans/1897/index/p0004_L-b8b267d5742f75d0.webp""}]"
1897-f15bd0bccee2,1897,"Радомской, Кѣлецкой, Люблинской и Сѣдлецкой губ. упр. госуд. имущ",,"[""1897-023""]","[""https://ivseliv.github.io/senat/lex/#/d/1897-023""]","[{""file"":""p0004_L.txt"",""width"":1100,""height"":1548,""pdf_page"":7,""ocr_sha256"":""c4270485245142afeafa288bdc6dc4267daea56ea5134d19b16550f4f8ec678d"",""image_url"":""https://ivseliv.github.io/senat/lex/scans/1897/index/p0004_L-b8b267d5742f75d0.webp"",""full_page_url"":""https://ivseliv.github.io/senat/lex/scans/1897/index/p0004_L-b8b267d5742f75d0.webp""}]"
1897-37b1966dc68f,1897,"Ракштисъ Антонъ, кр-нинъ",,"[""1897-086""]","[""https://ivseliv.github.io/senat/lex/#/d/1897-086""]","[{""file"":""p0004_L.txt"",""width"":1100,""height"":1548,""pdf_page"":7,""ocr_sha256"":""c4270485245142afeafa288bdc6dc4267daea56ea5134d19b16550f4f8ec678d"",""image_url"":""https://ivseliv.github.io/senat/lex/scans/1897/index/p0004_L-b8b267d5742f75d0.webp"",""full_page_url"":""https://ivseliv.github.io/senat/lex/scans/1897/index/p0004_L-b8b267d5742f75d0.webp""}]"
1897-69475936f3e1,1897,"Ратмановъ Петръ, надв. сов",,"[""1897-051""]","[""https://ivseliv.github.io/senat/lex/#/d/1897-051""]","[{""file"":""p0004_L.txt"",""width"":1100,""height"":1548,""pdf_page"":7,""ocr_sha256"":""c4270485245142afeafa288bdc6dc4267daea56ea5134d19b16550f4f8ec678d"",""image_url"":""https://ivseliv.github.io/senat/lex/scans/1897/index/p0004_L-b8b267d5742f75d0.webp"",""full_page_url"":""https://ivseliv.github.io/senat/lex/scans/1897/index/p0004_L-b8b267d5742f75d0.webp""}]"
1897-56118819af4a,1897,"Рембелинская Марія, вдова тайн. сов",,"[""1897-054""]","[""https://ivseliv.github.io/senat/lex/#/d/1897-054""]","[{""file"":""p0004_L.txt"",""width"":1100,""height"":1548,""pdf_page"":7,""ocr_sha256"":""c4270485245142afeafa288bdc6dc4267daea56ea5134d19b16550f4f8ec678d"",""image_url"":""https://ivseliv.github.io/senat/lex/scans/1897/index/p0004_L-b8b267d5742f75d0.webp"",""full_page_url"":""https://ivseliv.github.io/senat/lex/scans/1897/index/p0004_L-b8b267d5742f75d0.webp""}]"
1897-25dcb2e13cb7,1897,Ржепецкій Іосифъ,,"[""1897-025""]","[""https://ivseliv.github.io/senat/lex/#/d/1897-025""]","[{""file"":""p0004_L.txt"",""width"":1100,""height"":1548,""pdf_page"":7,""ocr_sha256"":""c4270485245142afeafa288bdc6dc4267daea56ea5134d19b16550f4f8ec678d"",""image_url"":""https://ivseliv.github.io/senat/lex/scans/1897/index/p0004_L-b8b267d5742f75d0.webp"",""full_page_url"":""https://ivseliv.github.io/senat/lex/scans/1897/index/p0004_L-b8b267d5742f75d0.webp""}]"
1897-43a3d0cfd839,1897,"Рингсъ Константинъ, землевл",,"[""1897-083""]","[""https://ivseliv.github.io/senat/lex/#/d/1897-083""]","[{""file"":""p0004_L.txt"",""width"":1100,""height"":1548,""pdf_page"":7,""ocr_sha256"":""c4270485245142afeafa288bdc6dc4267daea56ea5134d19b16550f4f8ec678d"",""image_url"":""https://ivseliv.github.io/senat/lex/scans/1897/index/p0004_L-b8b267d5742f75d0.webp"",""full_page_url"":""https://ivseliv.github.io/senat/lex/scans/1897/index/p0004_L-b8b267d5742f75d0.webp""}]"
1897-c1bd7f8137fb,1897,Рогге Карлъ,,"[""1897-008""]","[""https://ivseliv.github.io/senat/lex/#/d/1897-008""]","[{""file"":""p0004_L.txt"",""width"":1100,""height"":1548,""pdf_page"":7,""ocr_sha256"":""c4270485245142afeafa288bdc6dc4267daea56ea5134d19b16550f4f8ec678d"",""image_url"":""https://ivseliv.github.io/senat/lex/scans/1897/index/p0004_L-b8b267d5742f75d0.webp"",""full_page_url"":""https://ivseliv.github.io/senat/lex/scans/1897/index/p0004_L-b8b267d5742f75d0.webp""}]"
1897-8d3859878cdb,1897,"Рослосичъ Иванъ, кр-нинъ",,"[""1897-090""]","[""https://ivseliv.github.io/senat/lex/#/d/1897-090""]","[{""file"":""p0004_L.txt"",""width"":1100,""height"":1548,""pdf_page"":7,""ocr_sha256"":""c4270485245142afeafa288bdc6dc4267daea56ea5134d19b16550f4f8ec678d"",""image_url"":""https://ivseliv.github.io/senat/lex/scans/1897/index/p0004_L-b8b267d5742f75d0.webp"",""full_page_url"":""https://ivseliv.github.io/senat/lex/scans/1897/index/p0004_L-b8b267d5742f75d0.webp""}]"
1897-6ce26a5baf30,1897,Россійскихъ жел. дор. бывш. гл. общ,,"[""1897-016""]","[""https://ivseliv.github.io/senat/lex/#/d/1897-016""]","[{""file"":""p0004_L.txt"",""width"":1100,""height"":1548,""pdf_page"":7,""ocr_sha256"":""c4270485245142afeafa288bdc6dc4267daea56ea5134d19b16550f4f8ec678d"",""image_url"":""https://ivseliv.github.io/senat/lex/scans/1897/index/p0004_L-b8b267d5742f75d0.webp"",""full_page_url"":""https://ivseliv.github.io/senat/lex/scans/1897/index/p0004_L-b8b267d5742f75d0.webp""}]"
1897-4ccdc65ce9d3,1897,"Рубино Антоніо, италіанскій подд",,"[""1897-092""]","[""https://ivseliv.github.io/senat/lex/#/d/1897-092""]","[{""file"":""p0004_L.txt"",""width"":1100,""height"":1548,""pdf_page"":7,""ocr_sha256"":""c4270485245142afeafa288bdc6dc4267daea56ea5134d19b16550f4f8ec678d"",""image_url"":""https://ivseliv.github.io/senat/lex/scans/1897/index/p0004_L-b8b267d5742f75d0.webp"",""full_page_url"":""https://ivseliv.github.io/senat/lex/scans/1897/index/p0004_L-b8b267d5742f75d0.webp""}]"
1897-441167d5ec4b,1897,"Рубинштейнъ Гилель, кандид. правъ",,"[""1897-007""]","[""https://ivseliv.github.io/senat/lex/#/d/1897-007""]","[{""file"":""p0004_L.txt"",""width"":1100,""height"":1548,""pdf_page"":7,""ocr_sha256"":""c4270485245142afeafa288bdc6dc4267daea56ea5134d19b16550f4f8ec678d"",""image_url"":""https://ivseliv.github.io/senat/lex/scans/1897/index/p0004_L-b8b267d5742f75d0.webp"",""full_page_url"":""https://ivseliv.github.io/senat/lex/scans/1897/index/p0004_L-b8b267d5742f75d0.webp""}]"
1897-1ec1ec0b4bf0,1897,"Рымовичъ Феликсъ, дѣйствит. ст. сов",,"[""1897-006""]","[""https://ivseliv.github.io/senat/lex/#/d/1897-006""]","[{""file"":""p0004_L.txt"",""width"":1100,""height"":1548,""pdf_page"":7,""ocr_sha256"":""c4270485245142afeafa288bdc6dc4267daea56ea5134d19b16550f4f8ec678d"",""image_url"":""https://ivseliv.github.io/senat/lex/scans/1897/index/p0004_L-b8b267d5742f75d0.webp"",""full_page_url"":""https://ivseliv.github.io/senat/lex/scans/1897/index/p0004_L-b8b267d5742f75d0.webp""}]"
1897-a737077c8c63,1897,Рязанско-Уральской жел. дор. общ,,"[""1897-056"",""1897-100""]","[""https://ivseliv.github.io/senat/lex/#/d/1897-056"",""https://ivseliv.github.io/senat/lex/#/d/1897-100""]","[{""file"":""p0004_L.txt"",""width"":1100,""height"":1548,""pdf_page"":7,""ocr_sha256"":""c4270485245142afeafa288bdc6dc4267daea56ea5134d19b16550f4f8ec678d"",""image_url"":""https://ivseliv.github.io/senat/lex/scans/1897/index/p0004_L-b8b267d5742f75d0.webp"",""full_page_url"":""https://ivseliv.github.io/senat/lex/scans/1897/index/p0004_L-b8b267d5742f75d0.webp""}]"
1897-7ad942fad61d,1897,Сабурова села общ. кр-нъ,,"[""1897-036""]","[""https://ivseliv.github.io/senat/lex/#/d/1897-036""]","[{""file"":""p0004_L.txt"",""width"":1100,""height"":1548,""pdf_page"":7,""ocr_sha256"":""c4270485245142afeafa288bdc6dc4267daea56ea5134d19b16550f4f8ec678d"",""image_url"":""https://ivseliv.github.io/senat/lex/scans/1897/index/p0004_L-b8b267d5742f75d0.webp"",""full_page_url"":""https://ivseliv.github.io/senat/lex/scans/1897/index/p0004_L-b8b267d5742f75d0.webp""}]"
1897-fae4a5690d0e,1897,Самолисъ Августъ,,"[""1897-090""]","[""https://ivseliv.github.io/senat/lex/#/d/1897-090""]","[{""file"":""p0004_L.txt"",""width"":1100,""height"":1548,""pdf_page"":7,""ocr_sha256"":""c4270485245142afeafa288bdc6dc4267daea56ea5134d19b16550f4f8ec678d"",""image_url"":""https://ivseliv.github.io/senat/lex/scans/1897/index/p0004_L-b8b267d5742f75d0.webp"",""full_page_url"":""https://ivseliv.github.io/senat/lex/scans/1897/index/p0004_L-b8b267d5742f75d0.webp""}]"
1897-589a29b8e2ba,1897,"Сарнецкій Осипъ, отст. ротм",,"[""1897-015""]","[""https://ivseliv.github.io/senat/lex/#/d/1897-015""]","[{""file"":""p0004_L.txt"",""width"":1100,""height"":1548,""pdf_page"":7,""ocr_sha256"":""c4270485245142afeafa288bdc6dc4267daea56ea5134d19b16550f4f8ec678d"",""image_url"":""https://ivseliv.github.io/senat/lex/scans/1897/index/p0004_L-b8b267d5742f75d0.webp"",""full_page_url"":""https://ivseliv.github.io/senat/lex/scans/1897/index/p0004_L-b8b267d5742f75d0.webp""}]"
1897-c954e2920ca2,1897,"Скандакова Александра, кр-нка",,"[""1897-004""]","[""https://ivseliv.github.io/senat/lex/#/d/1897-004""]","[{""file"":""p0004_L.txt"",""width"":1100,""height"":1548,""pdf_page"":7,""ocr_sha256"":""c4270485245142afeafa288bdc6dc4267daea56ea5134d19b16550f4f8ec678d"",""image_url"":""https://ivseliv.github.io/senat/lex/scans/1897/index/p0004_L-b8b267d5742f75d0.webp"",""full_page_url"":""https://ivseliv.github.io/senat/lex/scans/1897/index/p0004_L-b8b267d5742f75d0.webp""}]"
1897-edf73ad5f7ab,1897,"Скоповская Филомена, дворянка",,"[""1897-096""]","[""https://ivseliv.github.io/senat/lex/#/d/1897-096""]","[{""file"":""p0004_L.txt"",""width"":1100,""height"":1548,""pdf_page"":7,""ocr_sha256"":""c4270485245142afeafa288bdc6dc4267daea56ea5134d19b16550f4f8ec678d"",""image_url"":""https://ivseliv.github.io/senat/lex/scans/1897/index/p0004_L-b8b267d5742f75d0.webp"",""full_page_url"":""https://ivseliv.github.io/senat/lex/scans/1897/index/p0004_L-b8b267d5742f75d0.webp""}]"
1897-fed0dc8b0a5d,1897,Скрябина Ларисса,,"[""1897-075""]","[""https://ivseliv.github.io/senat/lex/#/d/1897-075""]","[{""file"":""p0004_L.txt"",""width"":1100,""height"":1548,""pdf_page"":7,""ocr_sha256"":""c4270485245142afeafa288bdc6dc4267daea56ea5134d19b16550f4f8ec678d"",""image_url"":""https://ivseliv.github.io/senat/lex/scans/1897/index/p0004_L-b8b267d5742f75d0.webp"",""full_page_url"":""https://ivseliv.github.io/senat/lex/scans/1897/index/p0004_L-b8b267d5742f75d0.webp""}]"
1897-8e55e6b5947a,1897,Сливка Маріанна,,"[""1897-087""]","[""https://ivseliv.github.io/senat/lex/#/d/1897-087""]","[{""file"":""p0004_L.txt"",""width"":1100,""height"":1548,""pdf_page"":7,""ocr_sha256"":""c4270485245142afeafa288bdc6dc4267daea56ea5134d19b16550f4f8ec678d"",""image_url"":""https://ivseliv.github.io/senat/lex/scans/1897/index/p0004_L-b8b267d5742f75d0.webp"",""full_page_url"":""https://ivseliv.github.io/senat/lex/scans/1897/index/p0004_L-b8b267d5742f75d0.webp""}]"
1897-c0df7a66843f,1897,"Смирновъ Петръ, мѣщ",,"[""1897-084""]","[""https://ivseliv.github.io/senat/lex/#/d/1897-084""]","[{""file"":""p0004_L.txt"",""width"":1100,""height"":1548,""pdf_page"":7,""ocr_sha256"":""c4270485245142afeafa288bdc6dc4267daea56ea5134d19b16550f4f8ec678d"",""image_url"":""https://ivseliv.github.io/senat/lex/scans/1897/index/p0004_L-b8b267d5742f75d0.webp"",""full_page_url"":""https://ivseliv.github.io/senat/lex/scans/1897/index/p0004_L-b8b267d5742f75d0.webp""}]"
1897-f84196124b22,1897,"Соколовскій Василій, надв. сов",,"[""1897-055""]","[""https://ivseliv.github.io/senat/lex/#/d/1897-055""]","[{""file"":""p0004_L.txt"",""width"":1100,""height"":1548,""pdf_page"":7,""ocr_sha256"":""c4270485245142afeafa288bdc6dc4267daea56ea5134d19b16550f4f8ec678d"",""image_url"":""https://ivseliv.github.io/senat/lex/scans/1897/index/p0004_L-b8b267d5742f75d0.webp"",""full_page_url"":""https://ivseliv.github.io/senat/lex/scans/1897/index/p0004_L-b8b267d5742f75d0.webp""}]"
1897-ae75b0cb9337,1897,С.-Петербургское общ. взаимн. отъ огня страхованія,,"[""1897-054""]","[""https://ivseliv.github.io/senat/lex/#/d/1897-054""]","[{""file"":""p0004_L.txt"",""width"":1100,""height"":1548,""pdf_page"":7,""ocr_sha256"":""c4270485245142afeafa288bdc6dc4267daea56ea5134d19b16550f4f8ec678d"",""image_url"":""https://ivseliv.github.io/senat/lex/scans/1897/index/p0004_L-b8b267d5742f75d0.webp"",""full_page_url"":""https://ivseliv.github.io/senat/lex/scans/1897/index/p0004_L-b8b267d5742f75d0.webp""}]"
1897-a3698f8f4843,1897,С.-Петербургскій частный ломбардъ,,"[""1897-073""]","[""https://ivseliv.github.io/senat/lex/#/d/1897-073""]","[{""file"":""p0004_L.txt"",""width"":1100,""height"":1548,""pdf_page"":7,""ocr_sha256"":""c4270485245142afeafa288bdc6dc4267daea56ea5134d19b16550f4f8ec678d"",""image_url"":""https://ivseliv.github.io/senat/lex/scans/1897/index/p0004_L-b8b267d5742f75d0.webp"",""full_page_url"":""https://ivseliv.github.io/senat/lex/scans/1897/index/p0004_L-b8b267d5742f75d0.webp""}]"
1897-6dde21116c76,1897,Среднихъ Кирменей и др. деревень общ. кр-нъ,,"[""1897-021""]","[""https://ivseliv.github.io/senat/lex/#/d/1897-021""]","[{""file"":""p0004_L.txt"",""width"":1100,""height"":1548,""pdf_page"":7,""ocr_sha256"":""c4270485245142afeafa288bdc6dc4267daea56ea5134d19b16550f4f8ec678d"",""image_url"":""https://ivseliv.github.io/senat/lex/scans/1897/index/p0004_L-b8b267d5742f75d0.webp"",""full_page_url"":""https://ivseliv.github.io/senat/lex/scans/1897/index/p0004_L-b8b267d5742f75d0.webp""}]"
1897-e6ec2d86ac17,1897,Старицкая Маріинская община,,"[""1897-039""]","[""https://ivseliv.github.io/senat/lex/#/d/1897-039""]","[{""file"":""p0004_L.txt"",""width"":1100,""height"":1548,""pdf_page"":7,""ocr_sha256"":""c4270485245142afeafa288bdc6dc4267daea56ea5134d19b16550f4f8ec678d"",""image_url"":""https://ivseliv.github.io/senat/lex/scans/1897/index/p0004_L-b8b267d5742f75d0.webp"",""full_page_url"":""https://ivseliv.github.io/senat/lex/scans/1897/index/p0004_L-b8b267d5742f75d0.webp""}]"
1897-d29517b5e076,1897,Старой дер. общ. кр-нъ,,"[""1897-036""]","[""https://ivseliv.github.io/senat/lex/#/d/1897-036""]","[{""file"":""p0004_L.txt"",""width"":1100,""height"":1548,""pdf_page"":7,""ocr_sha256"":""c4270485245142afeafa288bdc6dc4267daea56ea5134d19b16550f4f8ec678d"",""image_url"":""https://ivseliv.github.io/senat/lex/scans/1897/index/p0004_L-b8b267d5742f75d0.webp"",""full_page_url"":""https://ivseliv.github.io/senat/lex/scans/1897/index/p0004_L-b8b267d5742f75d0.webp""}]"
1897-79f069de682c,1897,"Степановъ Василій, колл. секр",,"[""1897-073""]","[""https://ivseliv.github.io/senat/lex/#/d/1897-073""]","[{""file"":""p0004_L.txt"",""width"":1100,""height"":1548,""pdf_page"":7,""ocr_sha256"":""c4270485245142afeafa288bdc6dc4267daea56ea5134d19b16550f4f8ec678d"",""image_url"":""https://ivseliv.github.io/senat/lex/scans/1897/index/p0004_L-b8b267d5742f75d0.webp"",""full_page_url"":""https://ivseliv.github.io/senat/lex/scans/1897/index/p0004_L-b8b267d5742f75d0.webp""}]"
1897-a7a20ca919ed,1897,"Стрикъ-фонъ Александръ, дворянинъ",,"[""1897-046""]","[""https://ivseliv.github.io/senat/lex/#/d/1897-046""]","[{""file"":""p0004_L.txt"",""width"":1100,""height"":1548,""pdf_page"":7,""ocr_sha256"":""c4270485245142afeafa288bdc6dc4267daea56ea5134d19b16550f4f8ec678d"",""image_url"":""https://ivseliv.github.io/senat/lex/scans/1897/index/p0004_L-b8b267d5742f75d0.webp"",""full_page_url"":""https://ivseliv.github.io/senat/lex/scans/1897/index/p0004_L-b8b267d5742f75d0.webp""}]"
1897-329fc034cdaf,1897,"Струтынскаго Казиміра, несост. должника конк. управл.",,"[""1897-015""]","[""https://ivseliv.github.io/senat/lex/#/d/1897-015""]","[{""file"":""p0004_R.txt"",""width"":1100,""height"":1549,""pdf_page"":8,""ocr_sha256"":""2b58595c416b85f9218b4d3e1b5a2312e12d254c46939d837212db4dff19298b"",""image_url"":""https://ivseliv.github.io/senat/lex/scans/1897/index/p0004_R-b8b267d5742f75d0.webp"",""full_page_url"":""https://ivseliv.github.io/senat/lex/scans/1897/index/p0004_R-b8b267d5742f75d0.webp""}]"
1897-73eb6a77f9b9,1897,"Струтынскіе, Владиміръ и Вандалина—дворяне",,"[""1897-015""]","[""https://ivseliv.github.io/senat/lex/#/d/1897-015""]","[{""file"":""p0004_R.txt"",""width"":1100,""height"":1549,""pdf_page"":8,""ocr_sha256"":""2b58595c416b85f9218b4d3e1b5a2312e12d254c46939d837212db4dff19298b"",""image_url"":""https://ivseliv.github.io/senat/lex/scans/1897/index/p0004_R-b8b267d5742f75d0.webp"",""full_page_url"":""https://ivseliv.github.io/senat/lex/scans/1897/index/p0004_R-b8b267d5742f75d0.webp""}]"
1897-53dcbf8366b5,1897,Талышхановъ Миръ-Таги-Бекъ,,"[""1897-006""]","[""https://ivseliv.github.io/senat/lex/#/d/1897-006""]","[{""file"":""p0004_R.txt"",""width"":1100,""height"":1549,""pdf_page"":8,""ocr_sha256"":""2b58595c416b85f9218b4d3e1b5a2312e12d254c46939d837212db4dff19298b"",""image_url"":""https://ivseliv.github.io/senat/lex/scans/1897/index/p0004_R-b8b267d5742f75d0.webp"",""full_page_url"":""https://ivseliv.github.io/senat/lex/scans/1897/index/p0004_R-b8b267d5742f75d0.webp""}]"
1897-1f938d8f8267,1897,"Танасійчукъ Януарій, пот. поч. гражд",,"[""1897-009""]","[""https://ivseliv.github.io/senat/lex/#/d/1897-009""]","[{""file"":""p0004_R.txt"",""width"":1100,""height"":1549,""pdf_page"":8,""ocr_sha256"":""2b58595c416b85f9218b4d3e1b5a2312e12d254c46939d837212db4dff19298b"",""image_url"":""https://ivseliv.github.io/senat/lex/scans/1897/index/p0004_R-b8b267d5742f75d0.webp"",""full_page_url"":""https://ivseliv.github.io/senat/lex/scans/1897/index/p0004_R-b8b267d5742f75d0.webp""}]"
1897-8f0d4904480f,1897,"Таубе Любовь, баронесса",,"[""1897-080""]","[""https://ivseliv.github.io/senat/lex/#/d/1897-080""]","[{""file"":""p0004_R.txt"",""width"":1100,""height"":1549,""pdf_page"":8,""ocr_sha256"":""2b58595c416b85f9218b4d3e1b5a2312e12d254c46939d837212db4dff19298b"",""image_url"":""https://ivseliv.github.io/senat/lex/scans/1897/index/p0004_R-b8b267d5742f75d0.webp"",""full_page_url"":""https://ivseliv.github.io/senat/lex/scans/1897/index/p0004_R-b8b267d5742f75d0.webp""}]"
1897-d3eb4fb972df,1897,Тержецковскій Викентій,,"[""1897-079""]","[""https://ivseliv.github.io/senat/lex/#/d/1897-079""]","[{""file"":""p0004_R.txt"",""width"":1100,""height"":1549,""pdf_page"":8,""ocr_sha256"":""2b58595c416b85f9218b4d3e1b5a2312e12d254c46939d837212db4dff19298b"",""image_url"":""https://ivseliv.github.io/senat/lex/scans/1897/index/p0004_R-b8b267d5742f75d0.webp"",""full_page_url"":""https://ivseliv.github.io/senat/lex/scans/1897/index/p0004_R-b8b267d5742f75d0.webp""}]"
1897-1b859132e611,1897,Терновщинскаго товар. кр-не,,"[""1897-002""]","[""https://ivseliv.github.io/senat/lex/#/d/1897-002""]","[{""file"":""p0004_R.txt"",""width"":1100,""height"":1549,""pdf_page"":8,""ocr_sha256"":""2b58595c416b85f9218b4d3e1b5a2312e12d254c46939d837212db4dff19298b"",""image_url"":""https://ivseliv.github.io/senat/lex/scans/1897/index/p0004_R-b8b267d5742f75d0.webp"",""full_page_url"":""https://ivseliv.github.io/senat/lex/scans/1897/index/p0004_R-b8b267d5742f75d0.webp""}]"
1897-0cda59f3e23f,1897,"Трамовы, Адамій—юнкеръ, и Сальманъ, горецъ",,"[""1897-095""]","[""https://ivseliv.github.io/senat/lex/#/d/1897-095""]","[{""file"":""p0004_R.txt"",""width"":1100,""height"":1549,""pdf_page"":8,""ocr_sha256"":""2b58595c416b85f9218b4d3e1b5a2312e12d254c46939d837212db4dff19298b"",""image_url"":""https://ivseliv.github.io/senat/lex/scans/1897/index/p0004_R-b8b267d5742f75d0.webp"",""full_page_url"":""https://ivseliv.github.io/senat/lex/scans/1897/index/p0004_R-b8b267d5742f75d0.webp""}]"
1897-c2f0d9230401,1897,Тритшель Карлъ,,"[""1897-040""]","[""https://ivseliv.github.io/senat/lex/#/d/1897-040""]","[{""file"":""p0004_R.txt"",""width"":1100,""height"":1549,""pdf_page"":8,""ocr_sha256"":""2b58595c416b85f9218b4d3e1b5a2312e12d254c46939d837212db4dff19298b"",""image_url"":""https://ivseliv.github.io/senat/lex/scans/1897/index/p0004_R-b8b267d5742f75d0.webp"",""full_page_url"":""https://ivseliv.github.io/senat/lex/scans/1897/index/p0004_R-b8b267d5742f75d0.webp""}]"
1897-524d457f9a2f,1897,"Трубецкая Елизавета, княгиня",,"[""1897-081""]","[""https://ivseliv.github.io/senat/lex/#/d/1897-081""]","[{""file"":""p0004_R.txt"",""width"":1100,""height"":1549,""pdf_page"":8,""ocr_sha256"":""2b58595c416b85f9218b4d3e1b5a2312e12d254c46939d837212db4dff19298b"",""image_url"":""https://ivseliv.github.io/senat/lex/scans/1897/index/p0004_R-b8b267d5742f75d0.webp"",""full_page_url"":""https://ivseliv.github.io/senat/lex/scans/1897/index/p0004_R-b8b267d5742f75d0.webp""}]"
1897-31c460d6f804,1897,Тулуповъ Иванъ,,"[""1897-011""]","[""https://ivseliv.github.io/senat/lex/#/d/1897-011""]","[{""file"":""p0004_R.txt"",""width"":1100,""height"":1549,""pdf_page"":8,""ocr_sha256"":""2b58595c416b85f9218b4d3e1b5a2312e12d254c46939d837212db4dff19298b"",""image_url"":""https://ivseliv.github.io/senat/lex/scans/1897/index/p0004_R-b8b267d5742f75d0.webp"",""full_page_url"":""https://ivseliv.github.io/senat/lex/scans/1897/index/p0004_R-b8b267d5742f75d0.webp""}]"
1897-9eed2fa1c7c0,1897,"Тумаркинъ Янкель, мѣщ",,"[""1897-089""]","[""https://ivseliv.github.io/senat/lex/#/d/1897-089""]","[{""file"":""p0004_R.txt"",""width"":1100,""height"":1549,""pdf_page"":8,""ocr_sha256"":""2b58595c416b85f9218b4d3e1b5a2312e12d254c46939d837212db4dff19298b"",""image_url"":""https://ivseliv.github.io/senat/lex/scans/1897/index/p0004_R-b8b267d5742f75d0.webp"",""full_page_url"":""https://ivseliv.github.io/senat/lex/scans/1897/index/p0004_R-b8b267d5742f75d0.webp""}]"
1897-f1ff5d0d5d8d,1897,"Ульяновъ Фролъ, мѣщ",,"[""1897-072""]","[""https://ivseliv.github.io/senat/lex/#/d/1897-072""]","[{""file"":""p0004_R.txt"",""width"":1100,""height"":1549,""pdf_page"":8,""ocr_sha256"":""2b58595c416b85f9218b4d3e1b5a2312e12d254c46939d837212db4dff19298b"",""image_url"":""https://ivseliv.github.io/senat/lex/scans/1897/index/p0004_R-b8b267d5742f75d0.webp"",""full_page_url"":""https://ivseliv.github.io/senat/lex/scans/1897/index/p0004_R-b8b267d5742f75d0.webp""}]"
1897-fa00d0941944,1897,Бакинской губ. упр. госуд. имущ,Управленія,"[""1897-028"",""1897-031""]","[""https://ivseliv.github.io/senat/lex/#/d/1897-028"",""https://ivseliv.github.io/senat/lex/#/d/1897-031""]","[{""file"":""p0004_R.txt"",""width"":1100,""height"":1549,""pdf_page"":8,""ocr_sha256"":""2b58595c416b85f9218b4d3e1b5a2312e12d254c46939d837212db4dff19298b"",""image_url"":""https://ivseliv.github.io/senat/lex/scans/1897/index/p0004_R-b8b267d5742f75d0.webp"",""full_page_url"":""https://ivseliv.github.io/senat/lex/scans/1897/index/p0004_R-b8b267d5742f75d0.webp""}]"
1897-93f3292a35e8,1897,Одесское гор. общ,Управленія,"[""1897-001""]","[""https://ivseliv.github.io/senat/lex/#/d/1897-001""]","[{""file"":""p0004_R.txt"",""width"":1100,""height"":1549,""pdf_page"":8,""ocr_sha256"":""2b58595c416b85f9218b4d3e1b5a2312e12d254c46939d837212db4dff19298b"",""image_url"":""https://ivseliv.github.io/senat/lex/scans/1897/index/p0004_R-b8b267d5742f75d0.webp"",""full_page_url"":""https://ivseliv.github.io/senat/lex/scans/1897/index/p0004_R-b8b267d5742f75d0.webp""}]"
1897-1e7b14e27b33,1897,Пермской губ. упр. госуд. имущ,Управленія,"[""1897-097""]","[""https://ivseliv.github.io/senat/lex/#/d/1897-097""]","[{""file"":""p0004_R.txt"",""width"":1100,""height"":1549,""pdf_page"":8,""ocr_sha256"":""2b58595c416b85f9218b4d3e1b5a2312e12d254c46939d837212db4dff19298b"",""image_url"":""https://ivseliv.github.io/senat/lex/scans/1897/index/p0004_R-b8b267d5742f75d0.webp"",""full_page_url"":""https://ivseliv.github.io/senat/lex/scans/1897/index/p0004_R-b8b267d5742f75d0.webp""}]"
1897-c67f5d2c9228,1897,"Радомской, Кѣлецкой, Люблинской и Сѣдлецкой губ. госуд. имущ",Управленія,"[""1897-023""]","[""https://ivseliv.github.io/senat/lex/#/d/1897-023""]","[{""file"":""p0004_R.txt"",""width"":1100,""height"":1549,""pdf_page"":8,""ocr_sha256"":""2b58595c416b85f9218b4d3e1b5a2312e12d254c46939d837212db4dff19298b"",""image_url"":""https://ivseliv.github.io/senat/lex/scans/1897/index/p0004_R-b8b267d5742f75d0.webp"",""full_page_url"":""https://ivseliv.github.io/senat/lex/scans/1897/index/p0004_R-b8b267d5742f75d0.webp""}]"
1897-f417b6711386,1897,"Урусова, княгиня",,"[""1897-013""]","[""https://ivseliv.github.io/senat/lex/#/d/1897-013""]","[{""file"":""p0004_R.txt"",""width"":1100,""height"":1549,""pdf_page"":8,""ocr_sha256"":""2b58595c416b85f9218b4d3e1b5a2312e12d254c46939d837212db4dff19298b"",""image_url"":""https://ivseliv.github.io/senat/lex/scans/1897/index/p0004_R-b8b267d5742f75d0.webp"",""full_page_url"":""https://ivseliv.github.io/senat/lex/scans/1897/index/p0004_R-b8b267d5742f75d0.webp""}]"
1897-44b1d144a9af,1897,Усольцева Вѣра,,"[""1897-044""]","[""https://ivseliv.github.io/senat/lex/#/d/1897-044""]","[{""file"":""p0004_R.txt"",""width"":1100,""height"":1549,""pdf_page"":8,""ocr_sha256"":""2b58595c416b85f9218b4d3e1b5a2312e12d254c46939d837212db4dff19298b"",""image_url"":""https://ivseliv.github.io/senat/lex/scans/1897/index/p0004_R-b8b267d5742f75d0.webp"",""full_page_url"":""https://ivseliv.github.io/senat/lex/scans/1897/index/p0004_R-b8b267d5742f75d0.webp""}]"
1897-0c6e058c6b6a,1897,Феодосіу Марія,,"[""1897-058""]","[""https://ivseliv.github.io/senat/lex/#/d/1897-058""]","[{""file"":""p0004_R.txt"",""width"":1100,""height"":1549,""pdf_page"":8,""ocr_sha256"":""2b58595c416b85f9218b4d3e1b5a2312e12d254c46939d837212db4dff19298b"",""image_url"":""https://ivseliv.github.io/senat/lex/scans/1897/index/p0004_R-b8b267d5742f75d0.webp"",""full_page_url"":""https://ivseliv.github.io/senat/lex/scans/1897/index/p0004_R-b8b267d5742f75d0.webp""}]"
1897-98dc820b12c3,1897,Ферзенъ-фонъ Ольга,,"[""1897-033""]","[""https://ivseliv.github.io/senat/lex/#/d/1897-033""]","[{""file"":""p0004_R.txt"",""width"":1100,""height"":1549,""pdf_page"":8,""ocr_sha256"":""2b58595c416b85f9218b4d3e1b5a2312e12d254c46939d837212db4dff19298b"",""image_url"":""https://ivseliv.github.io/senat/lex/scans/1897/index/p0004_R-b8b267d5742f75d0.webp"",""full_page_url"":""https://ivseliv.github.io/senat/lex/scans/1897/index/p0004_R-b8b267d5742f75d0.webp""}]"
1897-266adfb129b3,1897,Флигенрингъ Марія,,"[""1897-044""]","[""https://ivseliv.github.io/senat/lex/#/d/1897-044""]","[{""file"":""p0004_R.txt"",""width"":1100,""height"":1549,""pdf_page"":8,""ocr_sha256"":""2b58595c416b85f9218b4d3e1b5a2312e12d254c46939d837212db4dff19298b"",""image_url"":""https://ivseliv.github.io/senat/lex/scans/1897/index/p0004_R-b8b267d5742f75d0.webp"",""full_page_url"":""https://ivseliv.github.io/senat/lex/scans/1897/index/p0004_R-b8b267d5742f75d0.webp""}]"
1897-cea691d1421f,1897,Франковскій Іосифъ,,"[""1897-025""]","[""https://ivseliv.github.io/senat/lex/#/d/1897-025""]","[{""file"":""p0004_R.txt"",""width"":1100,""height"":1549,""pdf_page"":8,""ocr_sha256"":""2b58595c416b85f9218b4d3e1b5a2312e12d254c46939d837212db4dff19298b"",""image_url"":""https://ivseliv.github.io/senat/lex/scans/1897/index/p0004_R-b8b267d5742f75d0.webp"",""full_page_url"":""https://ivseliv.github.io/senat/lex/scans/1897/index/p0004_R-b8b267d5742f75d0.webp""}]"
1897-948a7530c8fd,1897,Фрейманъ Мартинъ,,"[""1897-085""]","[""https://ivseliv.github.io/senat/lex/#/d/1897-085""]","[{""file"":""p0004_R.txt"",""width"":1100,""height"":1549,""pdf_page"":8,""ocr_sha256"":""2b58595c416b85f9218b4d3e1b5a2312e12d254c46939d837212db4dff19298b"",""image_url"":""https://ivseliv.github.io/senat/lex/scans/1897/index/p0004_R-b8b267d5742f75d0.webp"",""full_page_url"":""https://ivseliv.github.io/senat/lex/scans/1897/index/p0004_R-b8b267d5742f75d0.webp""}]"
1897-046d80d7e5e5,1897,Фридманы Шліома и Штерна,,"[""1897-069""]","[""https://ivseliv.github.io/senat/lex/#/d/1897-069""]","[{""file"":""p0004_R.txt"",""width"":1100,""height"":1549,""pdf_page"":8,""ocr_sha256"":""2b58595c416b85f9218b4d3e1b5a2312e12d254c46939d837212db4dff19298b"",""image_url"":""https://ivseliv.github.io/senat/lex/scans/1897/index/p0004_R-b8b267d5742f75d0.webp"",""full_page_url"":""https://ivseliv.github.io/senat/lex/scans/1897/index/p0004_R-b8b267d5742f75d0.webp""}]"
1897-855314b7492a,1897,Харьковская гор. управа,,"[""1897-098""]","[""https://ivseliv.github.io/senat/lex/#/d/1897-098""]","[{""file"":""p0004_R.txt"",""width"":1100,""height"":1549,""pdf_page"":8,""ocr_sha256"":""2b58595c416b85f9218b4d3e1b5a2312e12d254c46939d837212db4dff19298b"",""image_url"":""https://ivseliv.github.io/senat/lex/scans/1897/index/p0004_R-b8b267d5742f75d0.webp"",""full_page_url"":""https://ivseliv.github.io/senat/lex/scans/1897/index/p0004_R-b8b267d5742f75d0.webp""}]"
1897-3af960c0cdfc,1897,Химотченко Ѳедоръ,,"[""1897-002""]","[""https://ivseliv.github.io/senat/lex/#/d/1897-002""]","[{""file"":""p0004_R.txt"",""width"":1100,""height"":1549,""pdf_page"":8,""ocr_sha256"":""2b58595c416b85f9218b4d3e1b5a2312e12d254c46939d837212db4dff19298b"",""image_url"":""https://ivseliv.github.io/senat/lex/scans/1897/index/p0004_R-b8b267d5742f75d0.webp"",""full_page_url"":""https://ivseliv.github.io/senat/lex/scans/1897/index/p0004_R-b8b267d5742f75d0.webp""}]"
1897-406cf7d8c011,1897,"Хойновская, дворянка",,"[""1897-013""]","[""https://ivseliv.github.io/senat/lex/#/d/1897-013""]","[{""file"":""p0004_R.txt"",""width"":1100,""height"":1549,""pdf_page"":8,""ocr_sha256"":""2b58595c416b85f9218b4d3e1b5a2312e12d254c46939d837212db4dff19298b"",""image_url"":""https://ivseliv.github.io/senat/lex/scans/1897/index/p0004_R-b8b267d5742f75d0.webp"",""full_page_url"":""https://ivseliv.github.io/senat/lex/scans/1897/index/p0004_R-b8b267d5742f75d0.webp""}]"
1897-a156e5a75ac1,1897,Хржановскій Викторъ,,"[""1897-029""]","[""https://ivseliv.github.io/senat/lex/#/d/1897-029""]","[{""file"":""p0004_R.txt"",""width"":1100,""height"":1549,""pdf_page"":8,""ocr_sha256"":""2b58595c416b85f9218b4d3e1b5a2312e12d254c46939d837212db4dff19298b"",""image_url"":""https://ivseliv.github.io/senat/lex/scans/1897/index/p0004_R-b8b267d5742f75d0.webp"",""full_page_url"":""https://ivseliv.github.io/senat/lex/scans/1897/index/p0004_R-b8b267d5742f75d0.webp""}]"
1897-f6d642a9dc37,1897,Цуриковъ Павелъ,,"[""1897-050""]","[""https://ivseliv.github.io/senat/lex/#/d/1897-050""]","[{""file"":""p0004_R.txt"",""width"":1100,""height"":1549,""pdf_page"":8,""ocr_sha256"":""2b58595c416b85f9218b4d3e1b5a2312e12d254c46939d837212db4dff19298b"",""image_url"":""https://ivseliv.github.io/senat/lex/scans/1897/index/p0004_R-b8b267d5742f75d0.webp"",""full_page_url"":""https://ivseliv.github.io/senat/lex/scans/1897/index/p0004_R-b8b267d5742f75d0.webp""}]"
1897-0362c6110c33,1897,"Чернецкая Викторія, дворянка",,"[""1897-071""]","[""https://ivseliv.github.io/senat/lex/#/d/1897-071""]","[{""file"":""p0004_R.txt"",""width"":1100,""height"":1549,""pdf_page"":8,""ocr_sha256"":""2b58595c416b85f9218b4d3e1b5a2312e12d254c46939d837212db4dff19298b"",""image_url"":""https://ivseliv.github.io/senat/lex/scans/1897/index/p0004_R-b8b267d5742f75d0.webp"",""full_page_url"":""https://ivseliv.github.io/senat/lex/scans/1897/index/p0004_R-b8b267d5742f75d0.webp""}]"
1897-2f4dbb567116,1897,"Шахрай Александръ, кр-нинъ",,"[""1897-063""]","[""https://ivseliv.github.io/senat/lex/#/d/1897-063""]","[{""file"":""p0004_R.txt"",""width"":1100,""height"":1549,""pdf_page"":8,""ocr_sha256"":""2b58595c416b85f9218b4d3e1b5a2312e12d254c46939d837212db4dff19298b"",""image_url"":""https://ivseliv.github.io/senat/lex/scans/1897/index/p0004_R-b8b267d5742f75d0.webp"",""full_page_url"":""https://ivseliv.github.io/senat/lex/scans/1897/index/p0004_R-b8b267d5742f75d0.webp""}]"
1897-e1123e1bfcab,1897,"Шейнъ Гавріилъ, мѣщ",,"[""1897-086""]","[""https://ivseliv.github.io/senat/lex/#/d/1897-086""]","[{""file"":""p0004_R.txt"",""width"":1100,""height"":1549,""pdf_page"":8,""ocr_sha256"":""2b58595c416b85f9218b4d3e1b5a2312e12d254c46939d837212db4dff19298b"",""image_url"":""https://ivseliv.github.io/senat/lex/scans/1897/index/p0004_R-b8b267d5742f75d0.webp"",""full_page_url"":""https://ivseliv.github.io/senat/lex/scans/1897/index/p0004_R-b8b267d5742f75d0.webp""}]"
1897-2750c31e4a30,1897,"Шишковскій Адександръ, землевладѣлецъ",,"[""1897-059""]","[""https://ivseliv.github.io/senat/lex/#/d/1897-059""]","[{""file"":""p0004_R.txt"",""width"":1100,""height"":1549,""pdf_page"":8,""ocr_sha256"":""2b58595c416b85f9218b4d3e1b5a2312e12d254c46939d837212db4dff19298b"",""image_url"":""https://ivseliv.github.io/senat/lex/scans/1897/index/p0004_R-b8b267d5742f75d0.webp"",""full_page_url"":""https://ivseliv.github.io/senat/lex/scans/1897/index/p0004_R-b8b267d5742f75d0.webp""}]"
1897-18aa84fb56bb,1897,Шкотина Евдокія,,"[""1897-011""]","[""https://ivseliv.github.io/senat/lex/#/d/1897-011""]","[{""file"":""p0004_R.txt"",""width"":1100,""height"":1549,""pdf_page"":8,""ocr_sha256"":""2b58595c416b85f9218b4d3e1b5a2312e12d254c46939d837212db4dff19298b"",""image_url"":""https://ivseliv.github.io/senat/lex/scans/1897/index/p0004_R-b8b267d5742f75d0.webp"",""full_page_url"":""https://ivseliv.github.io/senat/lex/scans/1897/index/p0004_R-b8b267d5742f75d0.webp""}]"
1897-1a8c31d3fdab,1897,"Штраухи Ицекъ-Коперъ, Мошекъ-Борухъ и Германъ",,"[""1897-023""]","[""https://ivseliv.github.io/senat/lex/#/d/1897-023""]","[{""file"":""p0004_R.txt"",""width"":1100,""height"":1549,""pdf_page"":8,""ocr_sha256"":""2b58595c416b85f9218b4d3e1b5a2312e12d254c46939d837212db4dff19298b"",""image_url"":""https://ivseliv.github.io/senat/lex/scans/1897/index/p0004_R-b8b267d5742f75d0.webp"",""full_page_url"":""https://ivseliv.github.io/senat/lex/scans/1897/index/p0004_R-b8b267d5742f75d0.webp""}]"
1897-394c1957af2c,1897,"Шубинъ Степанъ, мѣщ",,"[""1897-004""]","[""https://ivseliv.github.io/senat/lex/#/d/1897-004""]","[{""file"":""p0004_R.txt"",""width"":1100,""height"":1549,""pdf_page"":8,""ocr_sha256"":""2b58595c416b85f9218b4d3e1b5a2312e12d254c46939d837212db4dff19298b"",""image_url"":""https://ivseliv.github.io/senat/lex/scans/1897/index/p0004_R-b8b267d5742f75d0.webp"",""full_page_url"":""https://ivseliv.github.io/senat/lex/scans/1897/index/p0004_R-b8b267d5742f75d0.webp""}]"
1897-34ece6ed51a0,1897,"Шутинъ Иванъ, умерш. купецъ",,"[""1897-060""]","[""https://ivseliv.github.io/senat/lex/#/d/1897-060""]","[{""file"":""p0004_R.txt"",""width"":1100,""height"":1549,""pdf_page"":8,""ocr_sha256"":""2b58595c416b85f9218b4d3e1b5a2312e12d254c46939d837212db4dff19298b"",""image_url"":""https://ivseliv.github.io/senat/lex/scans/1897/index/p0004_R-b8b267d5742f75d0.webp"",""full_page_url"":""https://ivseliv.github.io/senat/lex/scans/1897/index/p0004_R-b8b267d5742f75d0.webp""}]"
1897-9fe719c65386,1897,Эйзенбергъ Константинъ,,"[""1897-055""]","[""https://ivseliv.github.io/senat/lex/#/d/1897-055""]","[{""file"":""p0004_R.txt"",""width"":1100,""height"":1549,""pdf_page"":8,""ocr_sha256"":""2b58595c416b85f9218b4d3e1b5a2312e12d254c46939d837212db4dff19298b"",""image_url"":""https://ivseliv.github.io/senat/lex/scans/1897/index/p0004_R-b8b267d5742f75d0.webp"",""full_page_url"":""https://ivseliv.github.io/senat/lex/scans/1897/index/p0004_R-b8b267d5742f75d0.webp""}]"
1897-d6792987f927,1897,"Эйлеръ Филиппъ, прусскій подд",,"[""1897-062""]","[""https://ivseliv.github.io/senat/lex/#/d/1897-062""]","[{""file"":""p0004_R.txt"",""width"":1100,""height"":1549,""pdf_page"":8,""ocr_sha256"":""2b58595c416b85f9218b4d3e1b5a2312e12d254c46939d837212db4dff19298b"",""image_url"":""https://ivseliv.github.io/senat/lex/scans/1897/index/p0004_R-b8b267d5742f75d0.webp"",""full_page_url"":""https://ivseliv.github.io/senat/lex/scans/1897/index/p0004_R-b8b267d5742f75d0.webp""}]"
1897-2ea106fc44e1,1897,Юрьево-Верроскаго мир. съѣзда начальникъ крѣпостн. отдѣленія,,"[""1897-046"",""1897-047""]","[""https://ivseliv.github.io/senat/lex/#/d/1897-046"",""https://ivseliv.github.io/senat/lex/#/d/1897-047""]","[{""file"":""p0004_R.txt"",""width"":1100,""height"":1549,""pdf_page"":8,""ocr_sha256"":""2b58595c416b85f9218b4d3e1b5a2312e12d254c46939d837212db4dff19298b"",""image_url"":""https://ivseliv.github.io/senat/lex/scans/1897/index/p0004_R-b8b267d5742f75d0.webp"",""full_page_url"":""https://ivseliv.github.io/senat/lex/scans/1897/index/p0004_R-b8b267d5742f75d0.webp""}]"
1897-46a77754891c,1897,"Яголковскій Филиппъ, колл. сов",,"[""1897-006""]","[""https://ivseliv.github.io/senat/lex/#/d/1897-006""]","[{""file"":""p0004_R.txt"",""width"":1100,""height"":1549,""pdf_page"":8,""ocr_sha256"":""2b58595c416b85f9218b4d3e1b5a2312e12d254c46939d837212db4dff19298b"",""image_url"":""https://ivseliv.github.io/senat/lex/scans/1897/index/p0004_R-b8b267d5742f75d0.webp"",""full_page_url"":""https://ivseliv.github.io/senat/lex/scans/1897/index/p0004_R-b8b267d5742f75d0.webp""}]"
1897-d7a0c9a133df,1897,"Янпольскій Борисъ, ст. сов",,"[""1897-014""]","[""https://ivseliv.github.io/senat/lex/#/d/1897-014""]","[{""file"":""p0004_R.txt"",""width"":1100,""height"":1549,""pdf_page"":8,""ocr_sha256"":""2b58595c416b85f9218b4d3e1b5a2312e12d254c46939d837212db4dff19298b"",""image_url"":""https://ivseliv.github.io/senat/lex/scans/1897/index/p0004_R-b8b267d5742f75d0.webp"",""full_page_url"":""https://ivseliv.github.io/senat/lex/scans/1897/index/p0004_R-b8b267d5742f75d0.webp""}]"
1897-b57448d232eb,1897,"Янчевская, дворянка",,"[""1897-057""]","[""https://ivseliv.github.io/senat/lex/#/d/1897-057""]","[{""file"":""p0004_R.txt"",""width"":1100,""height"":1549,""pdf_page"":8,""ocr_sha256"":""2b58595c416b85f9218b4d3e1b5a2312e12d254c46939d837212db4dff19298b"",""image_url"":""https://ivseliv.github.io/senat/lex/scans/1897/index/p0004_R-b8b267d5742f75d0.webp"",""full_page_url"":""https://ivseliv.github.io/senat/lex/scans/1897/index/p0004_R-b8b267d5742f75d0.webp""}]"
1897-bc5bf386f6b6,1897,Яппе Липманъ,,"[""1897-017""]","[""https://ivseliv.github.io/senat/lex/#/d/1897-017""]","[{""file"":""p0004_R.txt"",""width"":1100,""height"":1549,""pdf_page"":8,""ocr_sha256"":""2b58595c416b85f9218b4d3e1b5a2312e12d254c46939d837212db4dff19298b"",""image_url"":""https://ivseliv.github.io/senat/lex/scans/1897/index/p0004_R-b8b267d5742f75d0.webp"",""full_page_url"":""https://ivseliv.github.io/senat/lex/scans/1897/index/p0004_R-b8b267d5742f75d0.webp""}]"
1897-8e13621e1c4a,1897,"Ярошинскій Цеславъ, дворян",,"[""1897-009""]","[""https://ivseliv.github.io/senat/lex/#/d/1897-009""]","[{""file"":""p0004_R.txt"",""width"":1100,""height"":1549,""pdf_page"":8,""ocr_sha256"":""2b58595c416b85f9218b4d3e1b5a2312e12d254c46939d837212db4dff19298b"",""image_url"":""https://ivseliv.github.io/senat/lex/scans/1897/index/p0004_R-b8b267d5742f75d0.webp"",""full_page_url"":""https://ivseliv.github.io/senat/lex/scans/1897/index/p0004_R-b8b267d5742f75d0.webp""}]"
1904-1b19ca5f292d,1904,Алексакосъ Евангеліи,,"[""1904-030""]","[""https://ivseliv.github.io/senat/lex/#/d/1904-030""]","[{""file"":""p0170_R.txt"",""ocr_sha256"":""41f8e0b7b29be6fe86621fdd58926a50c4fbb69c59db135f6400b6e54cafabc7""}]"
1904-aba77f07d7c9,1904,„Алексѣевъ В. А.“ торг. домъ,,"[""1904-087""]","[""https://ivseliv.github.io/senat/lex/#/d/1904-087""]","[{""file"":""p0170_R.txt"",""ocr_sha256"":""41f8e0b7b29be6fe86621fdd58926a50c4fbb69c59db135f6400b6e54cafabc7""}]"
1904-60c64d42aa3d,1904,Аркуръ Елизавета графиня,,"[""1904-042""]","[""https://ivseliv.github.io/senat/lex/#/d/1904-042""]","[{""file"":""p0170_R.txt"",""ocr_sha256"":""41f8e0b7b29be6fe86621fdd58926a50c4fbb69c59db135f6400b6e54cafabc7""}]"
1904-3099fb491caf,1904,„Ауэръ горѣлка“ торг. фирма,,"[""1904-027""]","[""https://ivseliv.github.io/senat/lex/#/d/1904-027""]","[{""file"":""p0170_R.txt"",""ocr_sha256"":""41f8e0b7b29be6fe86621fdd58926a50c4fbb69c59db135f6400b6e54cafabc7""}]"
1904-580bb03a2524,1904,Варшавскій коммерческій,Банки,"[""1904-065""]","[""https://ivseliv.github.io/senat/lex/#/d/1904-065""]","[{""file"":""p0170_R.txt"",""ocr_sha256"":""41f8e0b7b29be6fe86621fdd58926a50c4fbb69c59db135f6400b6e54cafabc7""}]"
1904-ffeb50cc526a,1904,Виленскій земельный,,"[""1904-114""]","[""https://ivseliv.github.io/senat/lex/#/d/1904-114""]","[{""file"":""p0170_R.txt"",""ocr_sha256"":""41f8e0b7b29be6fe86621fdd58926a50c4fbb69c59db135f6400b6e54cafabc7""}]"
1904-f5575a863494,1904,Саратовскій гор. общ,,"[""1904-081""]","[""https://ivseliv.github.io/senat/lex/#/d/1904-081""]","[{""file"":""p0170_R.txt"",""ocr_sha256"":""41f8e0b7b29be6fe86621fdd58926a50c4fbb69c59db135f6400b6e54cafabc7""}]"
1904-db5e4e96a2e1,1904,С.-Петербургско-Тульскій позем,,"[""1904-119""]","[""https://ivseliv.github.io/senat/lex/#/d/1904-119""]","[{""file"":""p0170_R.txt"",""ocr_sha256"":""41f8e0b7b29be6fe86621fdd58926a50c4fbb69c59db135f6400b6e54cafabc7""}]"
1904-2dba4c87891d,1904,Тифлисскій дворянск. земельн,,"[""1904-023""]","[""https://ivseliv.github.io/senat/lex/#/d/1904-023""]","[{""file"":""p0170_R.txt"",""ocr_sha256"":""41f8e0b7b29be6fe86621fdd58926a50c4fbb69c59db135f6400b6e54cafabc7""}]"
1904-f0c4d8b11b54,1904,Херсонскій земскій,,"[""1904-010""]","[""https://ivseliv.github.io/senat/lex/#/d/1904-010""]","[{""file"":""p0170_R.txt"",""ocr_sha256"":""41f8e0b7b29be6fe86621fdd58926a50c4fbb69c59db135f6400b6e54cafabc7""}]"
1904-031e8ff225c3,1904,Б. Татьяна,,"[""1904-070""]","[""https://ivseliv.github.io/senat/lex/#/d/1904-070""]","[{""file"":""p0170_R.txt"",""ocr_sha256"":""41f8e0b7b29be6fe86621fdd58926a50c4fbb69c59db135f6400b6e54cafabc7""}]"
1904-bfa5188be338,1904,Бабушкинъ Егоръ,,"[""1904-068""]","[""https://ivseliv.github.io/senat/lex/#/d/1904-068""]","[{""file"":""p0170_R.txt"",""ocr_sha256"":""41f8e0b7b29be6fe86621fdd58926a50c4fbb69c59db135f6400b6e54cafabc7""}]"
1904-4ffbc8da54f6,1904,Балтійская и Псково-Рижская жел. дор,,"[""1904-038"",""1904-039""]","[""https://ivseliv.github.io/senat/lex/#/d/1904-038"",""https://ivseliv.github.io/senat/lex/#/d/1904-039""]","[{""file"":""p0170_R.txt"",""ocr_sha256"":""41f8e0b7b29be6fe86621fdd58926a50c4fbb69c59db135f6400b6e54cafabc7""}]"
1904-bf3906c4b821,1904,Баржиковскій Иванъ,,"[""1904-009""]","[""https://ivseliv.github.io/senat/lex/#/d/1904-009""]","[{""file"":""p0170_R.txt"",""ocr_sha256"":""41f8e0b7b29be6fe86621fdd58926a50c4fbb69c59db135f6400b6e54cafabc7""}]"
1904-ac620f9f6950,1904,Бастисы Иванъ и Луиза,,"[""1904-049""]","[""https://ivseliv.github.io/senat/lex/#/d/1904-049""]","[{""file"":""p0170_R.txt"",""ocr_sha256"":""41f8e0b7b29be6fe86621fdd58926a50c4fbb69c59db135f6400b6e54cafabc7""}]"
1904-31eddaea8d25,1904,Батезатъ Егоръ и друг,,"[""1904-024""]","[""https://ivseliv.github.io/senat/lex/#/d/1904-024""]","[{""file"":""p0170_R.txt"",""ocr_sha256"":""41f8e0b7b29be6fe86621fdd58926a50c4fbb69c59db135f6400b6e54cafabc7""}]"
1904-7d75e719d6ac,1904,Бектабеговъ Георгій князь,,"[""1904-015""]","[""https://ivseliv.github.io/senat/lex/#/d/1904-015""]","[{""file"":""p0170_R.txt"",""ocr_sha256"":""41f8e0b7b29be6fe86621fdd58926a50c4fbb69c59db135f6400b6e54cafabc7""}]"
1904-17cef787d4bd,1904,Беллингъ Самуилъ,,"[""1904-092""]","[""https://ivseliv.github.io/senat/lex/#/d/1904-092""]","[{""file"":""p0170_R.txt"",""ocr_sha256"":""41f8e0b7b29be6fe86621fdd58926a50c4fbb69c59db135f6400b6e54cafabc7""}]"
1904-4f5fa54b431d,1904,Березовское гор. общ. управл,,"[""1904-041""]","[""https://ivseliv.github.io/senat/lex/#/d/1904-041""]","[{""file"":""p0170_R.txt"",""ocr_sha256"":""41f8e0b7b29be6fe86621fdd58926a50c4fbb69c59db135f6400b6e54cafabc7""}]"
1904-860b4aa6e018,1904,Бессель Василій,,"[""1904-115""]","[""https://ivseliv.github.io/senat/lex/#/d/1904-115""]","[{""file"":""p0170_R.txt"",""ocr_sha256"":""41f8e0b7b29be6fe86621fdd58926a50c4fbb69c59db135f6400b6e54cafabc7""}]"
1904-3370db337b0f,1904,Блуменфельдъ Залманъ,,"[""1904-083""]","[""https://ivseliv.github.io/senat/lex/#/d/1904-083""]","[{""file"":""p0170_R.txt"",""ocr_sha256"":""41f8e0b7b29be6fe86621fdd58926a50c4fbb69c59db135f6400b6e54cafabc7""}]"
1904-97d60c408235,1904,Боевы Михаилъ и Федоръ купцы,,"[""1904-118""]","[""https://ivseliv.github.io/senat/lex/#/d/1904-118""]","[{""file"":""p0170_R.txt"",""ocr_sha256"":""41f8e0b7b29be6fe86621fdd58926a50c4fbb69c59db135f6400b6e54cafabc7""}]"
1904-de34a9275d1b,1904,Брандъ Александръ ст. сов,,"[""1904-096""]","[""https://ivseliv.github.io/senat/lex/#/d/1904-096""]","[{""file"":""p0170_R.txt"",""ocr_sha256"":""41f8e0b7b29be6fe86621fdd58926a50c4fbb69c59db135f6400b6e54cafabc7""}]"
1904-8220492513a8,1904,Брудницкая Изабелла,,"[""1904-037""]","[""https://ivseliv.github.io/senat/lex/#/d/1904-037""]","[{""file"":""p0170_R.txt"",""ocr_sha256"":""41f8e0b7b29be6fe86621fdd58926a50c4fbb69c59db135f6400b6e54cafabc7""}]"
1904-38a4470c8bf1,1904,Брюггенъ-фонъ-деръ Жанно баронъ,,"[""1904-017""]","[""https://ivseliv.github.io/senat/lex/#/d/1904-017""]","[{""file"":""p0170_R.txt"",""ocr_sha256"":""41f8e0b7b29be6fe86621fdd58926a50c4fbb69c59db135f6400b6e54cafabc7""}]"
1904-5c7d6b994ae6,1904,Бурковскій Ромуальдъ,,"[""1904-079""]","[""https://ivseliv.github.io/senat/lex/#/d/1904-079""]","[{""file"":""p0170_R.txt"",""ocr_sha256"":""41f8e0b7b29be6fe86621fdd58926a50c4fbb69c59db135f6400b6e54cafabc7""}]"
1904-1b716fab7518,1904,Бутми-де-Кацманъ Смаранда,,"[""1904-007""]","[""https://ivseliv.github.io/senat/lex/#/d/1904-007""]","[{""file"":""p0170_R.txt"",""ocr_sha256"":""41f8e0b7b29be6fe86621fdd58926a50c4fbb69c59db135f6400b6e54cafabc7""}]"
1904-dca275680d61,1904,Бѣлановы. Аввакумъ и др,,"[""1904-029""]","[""https://ivseliv.github.io/senat/lex/#/d/1904-029""]","[{""file"":""p0170_R.txt"",""ocr_sha256"":""41f8e0b7b29be6fe86621fdd58926a50c4fbb69c59db135f6400b6e54cafabc7""}]"
1904-4632820c1478,1904,Бѣловѣжскій удѣльный округъ,,"[""1904-069""]","[""https://ivseliv.github.io/senat/lex/#/d/1904-069""]","[{""file"":""p0170_R.txt"",""ocr_sha256"":""41f8e0b7b29be6fe86621fdd58926a50c4fbb69c59db135f6400b6e54cafabc7""}]"
1904-e29c524527c4,1904,Бѣльяниновы Василій и Александра,,"[""1904-095""]","[""https://ivseliv.github.io/senat/lex/#/d/1904-095""]","[{""file"":""p0170_R.txt"",""ocr_sha256"":""41f8e0b7b29be6fe86621fdd58926a50c4fbb69c59db135f6400b6e54cafabc7""}]"
1904-dcf6208b005e,1904,Варшавскій коммерческій банкъ,,"[""1904-065""]","[""https://ivseliv.github.io/senat/lex/#/d/1904-065""]","[{""file"":""p0170_R.txt"",""ocr_sha256"":""41f8e0b7b29be6fe86621fdd58926a50c4fbb69c59db135f6400b6e54cafabc7""}]"
1904-ba51eabe8301,1904,Варшавскій почтово-телеграфный окр,,"[""1904-005""]","[""https://ivseliv.github.io/senat/lex/#/d/1904-005""]","[{""file"":""p0170_R.txt"",""ocr_sha256"":""41f8e0b7b29be6fe86621fdd58926a50c4fbb69c59db135f6400b6e54cafabc7""}]"
1904-482ed0220ae9,1904,Василевъ Семенъ (несостоятельный),,"[""1904-022""]","[""https://ivseliv.github.io/senat/lex/#/d/1904-022""]","[{""file"":""p0170_R.txt"",""ocr_sha256"":""41f8e0b7b29be6fe86621fdd58926a50c4fbb69c59db135f6400b6e54cafabc7""}]"
1904-aabf1b52722d,1904,Вахалисъ Стиліанъ,,"[""1904-030""]","[""https://ivseliv.github.io/senat/lex/#/d/1904-030""]","[{""file"":""p0170_R.txt"",""ocr_sha256"":""41f8e0b7b29be6fe86621fdd58926a50c4fbb69c59db135f6400b6e54cafabc7""}]"
1904-5445c06bc9ad,1904,„Везувій“ акц. общ,,"[""1904-108""]","[""https://ivseliv.github.io/senat/lex/#/d/1904-108""]","[{""file"":""p0170_R.txt"",""ocr_sha256"":""41f8e0b7b29be6fe86621fdd58926a50c4fbb69c59db135f6400b6e54cafabc7""}]"
1904-892bf02e9107,1904,Виленскій земельн. банкъ,,"[""1904-114""]","[""https://ivseliv.github.io/senat/lex/#/d/1904-114""]","[{""file"":""p0170_R.txt"",""ocr_sha256"":""41f8e0b7b29be6fe86621fdd58926a50c4fbb69c59db135f6400b6e54cafabc7""}]"
1904-9372a66da69b,1904,"Вищусы Анна, Петръ",,"[""1904-025""]","[""https://ivseliv.github.io/senat/lex/#/d/1904-025""]","[{""file"":""p0170_R.txt"",""ocr_sha256"":""41f8e0b7b29be6fe86621fdd58926a50c4fbb69c59db135f6400b6e54cafabc7""}]"
1904-8ffb8ebb238c,1904,Владикавказская жел. дор,,"[""1904-030""]","[""https://ivseliv.github.io/senat/lex/#/d/1904-030""]","[{""file"":""p0170_R.txt"",""ocr_sha256"":""41f8e0b7b29be6fe86621fdd58926a50c4fbb69c59db135f6400b6e54cafabc7""}]"
1904-184d288d5272,1904,Водзицкая Целестина граф,,"[""1904-013""]","[""https://ivseliv.github.io/senat/lex/#/d/1904-013""]","[{""file"":""p0170_R.txt"",""ocr_sha256"":""41f8e0b7b29be6fe86621fdd58926a50c4fbb69c59db135f6400b6e54cafabc7""}]"
1904-a126856b1ea7,1904,„Волга“ страхов. общ,,"[""1904-111""]","[""https://ivseliv.github.io/senat/lex/#/d/1904-111""]","[{""file"":""p0170_R.txt"",""ocr_sha256"":""41f8e0b7b29be6fe86621fdd58926a50c4fbb69c59db135f6400b6e54cafabc7""}]"
1904-d1f6748ba1cd,1904,Волковъ Степанъ,,"[""1904-102""]","[""https://ivseliv.github.io/senat/lex/#/d/1904-102""]","[{""file"":""p0170_R.txt"",""ocr_sha256"":""41f8e0b7b29be6fe86621fdd58926a50c4fbb69c59db135f6400b6e54cafabc7""}]"
1904-bc093c490711,1904,Волховскіе Сергѣй и Владиміръ,,"[""1904-080""]","[""https://ivseliv.github.io/senat/lex/#/d/1904-080""]","[{""file"":""p0170_R.txt"",""ocr_sha256"":""41f8e0b7b29be6fe86621fdd58926a50c4fbb69c59db135f6400b6e54cafabc7""}]"
1904-738bb858b046,1904,Ворощенко Владиміръ двор,,"[""1904-067""]","[""https://ivseliv.github.io/senat/lex/#/d/1904-067""]","[{""file"":""p0170_R.txt"",""ocr_sha256"":""41f8e0b7b29be6fe86621fdd58926a50c4fbb69c59db135f6400b6e54cafabc7""}]"
1904-d29198441458,1904,„Вулканъ“ акц. товар,,"[""1904-002""]","[""https://ivseliv.github.io/senat/lex/#/d/1904-002""]","[{""file"":""p0170_R.txt"",""ocr_sha256"":""41f8e0b7b29be6fe86621fdd58926a50c4fbb69c59db135f6400b6e54cafabc7""}]"
1904-4cfe11e9b1b7,1904,Выджга Станиславъ,,"[""1904-001""]","[""https://ivseliv.github.io/senat/lex/#/d/1904-001""]","[{""file"":""p0170_R.txt"",""ocr_sha256"":""41f8e0b7b29be6fe86621fdd58926a50c4fbb69c59db135f6400b6e54cafabc7""}]"
1904-e17d93eba8e4,1904,Вышнепольскій Нухимъ,,"[""1904-004""]","[""https://ivseliv.github.io/senat/lex/#/d/1904-004""]","[{""file"":""p0170_R.txt"",""ocr_sha256"":""41f8e0b7b29be6fe86621fdd58926a50c4fbb69c59db135f6400b6e54cafabc7""}]"
1904-920f3148e1cd,1904,Гельбрасъ Соломонъ мѣщ,,"[""1904-084""]","[""https://ivseliv.github.io/senat/lex/#/d/1904-084""]","[{""file"":""p0170_R.txt"",""ocr_sha256"":""41f8e0b7b29be6fe86621fdd58926a50c4fbb69c59db135f6400b6e54cafabc7""}]"
1904-ef86bcf05621,1904,Гецельсы Давидъ и др,,"[""1904-114""]","[""https://ivseliv.github.io/senat/lex/#/d/1904-114""]","[{""file"":""p0170_R.txt"",""ocr_sha256"":""41f8e0b7b29be6fe86621fdd58926a50c4fbb69c59db135f6400b6e54cafabc7""}]"
1904-22b7a0365a58,1904,Гильманъ Мордухъ,,"[""1904-014""]","[""https://ivseliv.github.io/senat/lex/#/d/1904-014""]","[{""file"":""p0171_L.txt"",""ocr_sha256"":""b08fa30e9bcb89555bfde2d4f9688ae82ec13634ebdaf4cf67d98a42882acf10""}]"
1904-743c937fc897,1904,Главный штабъ,,"[""1904-057""]","[""https://ivseliv.github.io/senat/lex/#/d/1904-057""]","[{""file"":""p0171_L.txt"",""ocr_sha256"":""b08fa30e9bcb89555bfde2d4f9688ae82ec13634ebdaf4cf67d98a42882acf10""}]"
1904-c0febc003716,1904,Городскіе и подъѣздные пути въ Россіи,,"[""1904-004""]","[""https://ivseliv.github.io/senat/lex/#/d/1904-004""]","[{""file"":""p0171_L.txt"",""ocr_sha256"":""b08fa30e9bcb89555bfde2d4f9688ae82ec13634ebdaf4cf67d98a42882acf10""}]"
1904-0aaad2945fe8,1904,„Горѣлка Ауэръ“ общ,,"[""1904-027""]","[""https://ivseliv.github.io/senat/lex/#/d/1904-027""]","[{""file"":""p0171_L.txt"",""ocr_sha256"":""b08fa30e9bcb89555bfde2d4f9688ae82ec13634ebdaf4cf67d98a42882acf10""}]"
1904-e671c07c9fe7,1904,Градъ Моисей,,"[""1904-072""]","[""https://ivseliv.github.io/senat/lex/#/d/1904-072""]","[{""file"":""p0171_L.txt"",""ocr_sha256"":""b08fa30e9bcb89555bfde2d4f9688ae82ec13634ebdaf4cf67d98a42882acf10""}]"
1904-60472e574781,1904,Гродненская каз. пал,,"[""1904-119""]","[""https://ivseliv.github.io/senat/lex/#/d/1904-119""]","[{""file"":""p0171_L.txt"",""ocr_sha256"":""b08fa30e9bcb89555bfde2d4f9688ae82ec13634ebdaf4cf67d98a42882acf10""}]"
1904-2c64186106a0,1904,Грудзинскіе Иванъ и др,,"[""1904-013""]","[""https://ivseliv.github.io/senat/lex/#/d/1904-013""]","[{""file"":""p0171_L.txt"",""ocr_sha256"":""b08fa30e9bcb89555bfde2d4f9688ae82ec13634ebdaf4cf67d98a42882acf10""}]"
1904-071a1bbbd112,1904,Гузе Адольфъ,,"[""1904-103""]","[""https://ivseliv.github.io/senat/lex/#/d/1904-103""]","[{""file"":""p0171_L.txt"",""ocr_sha256"":""b08fa30e9bcb89555bfde2d4f9688ae82ec13634ebdaf4cf67d98a42882acf10""}]"
1904-c9845b6917ea,1904,Гуревичъ,,"[""1904-039""]","[""https://ivseliv.github.io/senat/lex/#/d/1904-039""]","[{""file"":""p0171_L.txt"",""ocr_sha256"":""b08fa30e9bcb89555bfde2d4f9688ae82ec13634ebdaf4cf67d98a42882acf10""}]"
1904-1c314ca8afe2,1904,Гутнеръ Сруль-Израиль,,"[""1904-064""]","[""https://ivseliv.github.io/senat/lex/#/d/1904-064""]","[{""file"":""p0171_L.txt"",""ocr_sha256"":""b08fa30e9bcb89555bfde2d4f9688ae82ec13634ebdaf4cf67d98a42882acf10""}]"
1904-5a1aa98ed2ed,1904,Гущинское крестьянск. общ,,"[""1904-006""]","[""https://ivseliv.github.io/senat/lex/#/d/1904-006""]","[{""file"":""p0171_L.txt"",""ocr_sha256"":""b08fa30e9bcb89555bfde2d4f9688ae82ec13634ebdaf4cf67d98a42882acf10""}]"
1904-a8a7b4de6009,1904,Даниловская мануфактура,,"[""1904-078""]","[""https://ivseliv.github.io/senat/lex/#/d/1904-078""]","[{""file"":""p0171_L.txt"",""ocr_sha256"":""b08fa30e9bcb89555bfde2d4f9688ae82ec13634ebdaf4cf67d98a42882acf10""}]"
1904-2d3115269406,1904,Джинчарадзе Григорій,,"[""1904-090""]","[""https://ivseliv.github.io/senat/lex/#/d/1904-090""]","[{""file"":""p0171_L.txt"",""ocr_sha256"":""b08fa30e9bcb89555bfde2d4f9688ae82ec13634ebdaf4cf67d98a42882acf10""}]"
1904-0cef0aed40f1,1904,Дзеконская Ядвига,,"[""1904-065""]","[""https://ivseliv.github.io/senat/lex/#/d/1904-065""]","[{""file"":""p0171_L.txt"",""ocr_sha256"":""b08fa30e9bcb89555bfde2d4f9688ae82ec13634ebdaf4cf67d98a42882acf10""}]"
1904-b529f1b9cb15,1904,Дзержговскій Семенъ,,"[""1904-027""]","[""https://ivseliv.github.io/senat/lex/#/d/1904-027""]","[{""file"":""p0171_L.txt"",""ocr_sha256"":""b08fa30e9bcb89555bfde2d4f9688ae82ec13634ebdaf4cf67d98a42882acf10""}]"
1904-47f0209431ba,1904,Дирекція Императорскихъ театровъ,,"[""1904-115""]","[""https://ivseliv.github.io/senat/lex/#/d/1904-115""]","[{""file"":""p0171_L.txt"",""ocr_sha256"":""b08fa30e9bcb89555bfde2d4f9688ae82ec13634ebdaf4cf67d98a42882acf10""}]"
1904-cfaa789611ec,1904,Довяковская Елеонора,,"[""1904-007""]","[""https://ivseliv.github.io/senat/lex/#/d/1904-007""]","[{""file"":""p0171_L.txt"",""ocr_sha256"":""b08fa30e9bcb89555bfde2d4f9688ae82ec13634ebdaf4cf67d98a42882acf10""}]"
1904-3292c49e2ba6,1904,Думновъ Владиміръ пот. поч. гр,,"[""1904-068""]","[""https://ivseliv.github.io/senat/lex/#/d/1904-068""]","[{""file"":""p0171_L.txt"",""ocr_sha256"":""b08fa30e9bcb89555bfde2d4f9688ae82ec13634ebdaf4cf67d98a42882acf10""}]"
1904-08683a1d9f36,1904,Дурилинъ Михаилъ,,"[""1904-080""]","[""https://ivseliv.github.io/senat/lex/#/d/1904-080""]","[{""file"":""p0171_L.txt"",""ocr_sha256"":""b08fa30e9bcb89555bfde2d4f9688ae82ec13634ebdaf4cf67d98a42882acf10""}]"
1904-3e3f5855e9d2,1904,Жолвинское крестьянск. общ,,"[""1904-006""]","[""https://ivseliv.github.io/senat/lex/#/d/1904-006""]","[{""file"":""p0171_L.txt"",""ocr_sha256"":""b08fa30e9bcb89555bfde2d4f9688ae82ec13634ebdaf4cf67d98a42882acf10""}]"
1904-a34303374040,1904,Жуковскій Иванъ и др,,"[""1904-079""]","[""https://ivseliv.github.io/senat/lex/#/d/1904-079""]","[{""file"":""p0171_L.txt"",""ocr_sha256"":""b08fa30e9bcb89555bfde2d4f9688ae82ec13634ebdaf4cf67d98a42882acf10""}]"
1904-60877c349e74,1904,Жуковское сельск. общ,,"[""1904-077""]","[""https://ivseliv.github.io/senat/lex/#/d/1904-077""]","[{""file"":""p0171_L.txt"",""ocr_sha256"":""b08fa30e9bcb89555bfde2d4f9688ae82ec13634ebdaf4cf67d98a42882acf10""}]"
1904-f18fa33df424,1904,Балтійская и Псково-Рижская,Желѣзныя дороги,"[""1904-038"",""1904-039""]","[""https://ivseliv.github.io/senat/lex/#/d/1904-038"",""https://ivseliv.github.io/senat/lex/#/d/1904-039""]","[{""file"":""p0171_L.txt"",""ocr_sha256"":""b08fa30e9bcb89555bfde2d4f9688ae82ec13634ebdaf4cf67d98a42882acf10""}]"
1904-eb90c72129a0,1904,Владикавказская,,"[""1904-030""]","[""https://ivseliv.github.io/senat/lex/#/d/1904-030""]","[{""file"":""p0171_L.txt"",""ocr_sha256"":""b08fa30e9bcb89555bfde2d4f9688ae82ec13634ebdaf4cf67d98a42882acf10""}]"
1904-560489123515,1904,Закавказская,,"[""1904-101""]","[""https://ivseliv.github.io/senat/lex/#/d/1904-101""]","[{""file"":""p0171_L.txt"",""ocr_sha256"":""b08fa30e9bcb89555bfde2d4f9688ae82ec13634ebdaf4cf67d98a42882acf10""}]"
1904-82499ca25019,1904,Либаво-Роменская,,"[""1904-003""]","[""https://ivseliv.github.io/senat/lex/#/d/1904-003""]","[{""file"":""p0171_L.txt"",""ocr_sha256"":""b08fa30e9bcb89555bfde2d4f9688ae82ec13634ebdaf4cf67d98a42882acf10""}]"
1904-30bdce864035,1904,Камско-Воткинская,,"[""1904-086""]","[""https://ivseliv.github.io/senat/lex/#/d/1904-086""]","[{""file"":""p0171_L.txt"",""ocr_sha256"":""b08fa30e9bcb89555bfde2d4f9688ae82ec13634ebdaf4cf67d98a42882acf10""}]"
1904-95c47018f591,1904,Первое общ. подъѣздн. путей въ Россіи,,"[""1904-059"",""1904-060""]","[""https://ivseliv.github.io/senat/lex/#/d/1904-059"",""https://ivseliv.github.io/senat/lex/#/d/1904-060""]","[{""file"":""p0171_L.txt"",""ocr_sha256"":""b08fa30e9bcb89555bfde2d4f9688ae82ec13634ebdaf4cf67d98a42882acf10""}]"
1904-b27717469f2b,1904,Пермская,,"[""1904-043""]","[""https://ivseliv.github.io/senat/lex/#/d/1904-043""]","[{""file"":""p0171_L.txt"",""ocr_sha256"":""b08fa30e9bcb89555bfde2d4f9688ae82ec13634ebdaf4cf67d98a42882acf10""}]"
1904-7a0d12527bb4,1904,Юго-Восточныя,,"[""1904-100"",""1904-120""]","[""https://ivseliv.github.io/senat/lex/#/d/1904-100"",""https://ivseliv.github.io/senat/lex/#/d/1904-120""]","[{""file"":""p0171_L.txt"",""ocr_sha256"":""b08fa30e9bcb89555bfde2d4f9688ae82ec13634ebdaf4cf67d98a42882acf10""}]"
1904-741a50160687,1904,Юго-Западныя,,"[""1904-064""]","[""https://ivseliv.github.io/senat/lex/#/d/1904-064""]","[{""file"":""p0171_L.txt"",""ocr_sha256"":""b08fa30e9bcb89555bfde2d4f9688ae82ec13634ebdaf4cf67d98a42882acf10""}]"
1904-1bc8b4e54364,1904,Управленіе желѣзныхъ дорогъ,,"[""1904-003"",""1904-014"",""1904-020"",""1904-031"",""1904-032"",""1904-038"",""1904-039"",""1904-043"",""1904-061"",""1904-091"",""1904-093"",""1904-102"",""1904-106""]","[""https://ivseliv.github.io/senat/lex/#/d/1904-003"",""https://ivseliv.github.io/senat/lex/#/d/1904-014"",""https://ivseliv.github.io/senat/lex/#/d/1904-020"",""https://ivseliv.github.io/senat/lex/#/d/1904-031"",""https://ivseliv.github.io/senat/lex/#/d/1904-032"",""https://ivseliv.github.io/senat/lex/#/d/1904-038"",""https://ivseliv.github.io/senat/lex/#/d/1904-039"",""https://ivseliv.github.io/senat/lex/#/d/1904-043"",""https://ivseliv.github.io/senat/lex/#/d/1904-061"",""https://ivseliv.github.io/senat/lex/#/d/1904-091"",""https://ivseliv.github.io/senat/lex/#/d/1904-093"",""https://ivseliv.github.io/senat/lex/#/d/1904-102"",""https://ivseliv.github.io/senat/lex/#/d/1904-106""]","[{""file"":""p0171_L.txt"",""ocr_sha256"":""b08fa30e9bcb89555bfde2d4f9688ae82ec13634ebdaf4cf67d98a42882acf10""},{""file"":""p0171_L.txt"",""ocr_sha256"":""b08fa30e9bcb89555bfde2d4f9688ae82ec13634ebdaf4cf67d98a42882acf10""}]"
1904-743f96f7686b,1904,З. Марія,,"[""1904-070""]","[""https://ivseliv.github.io/senat/lex/#/d/1904-070""]","[{""file"":""p0171_L.txt"",""ocr_sha256"":""b08fa30e9bcb89555bfde2d4f9688ae82ec13634ebdaf4cf67d98a42882acf10""}]"
1904-ed86c0317e4e,1904,Закавказская жел. дор,,"[""1904-101""]","[""https://ivseliv.github.io/senat/lex/#/d/1904-101""]","[{""file"":""p0171_L.txt"",""ocr_sha256"":""b08fa30e9bcb89555bfde2d4f9688ae82ec13634ebdaf4cf67d98a42882acf10""}]"
1904-af75ed1d790d,1904,Захаровъ Василій крестьян,,"[""1904-111""]","[""https://ivseliv.github.io/senat/lex/#/d/1904-111""]","[{""file"":""p0171_L.txt"",""ocr_sha256"":""b08fa30e9bcb89555bfde2d4f9688ae82ec13634ebdaf4cf67d98a42882acf10""}]"
1904-a81f3cfbbbaf,1904,Зелигъ Робертъ,,"[""1904-083""]","[""https://ivseliv.github.io/senat/lex/#/d/1904-083""]","[{""file"":""p0171_L.txt"",""ocr_sha256"":""b08fa30e9bcb89555bfde2d4f9688ae82ec13634ebdaf4cf67d98a42882acf10""}]"
1904-3b206d5a4ba9,1904,Зильбербергъ Іосифъ,,"[""1904-063""]","[""https://ivseliv.github.io/senat/lex/#/d/1904-063""]","[{""file"":""p0171_L.txt"",""ocr_sha256"":""b08fa30e9bcb89555bfde2d4f9688ae82ec13634ebdaf4cf67d98a42882acf10""}]"
1904-6178f348013d,1904,И. Иванъ,,"[""1904-112""]","[""https://ivseliv.github.io/senat/lex/#/d/1904-112""]","[{""file"":""p0171_L.txt"",""ocr_sha256"":""b08fa30e9bcb89555bfde2d4f9688ae82ec13634ebdaf4cf67d98a42882acf10""}]"
1904-df5d09d76bbb,1904,Ивановъ Иванъ мѣщ,,"[""1904-022""]","[""https://ivseliv.github.io/senat/lex/#/d/1904-022""]","[{""file"":""p0171_L.txt"",""ocr_sha256"":""b08fa30e9bcb89555bfde2d4f9688ae82ec13634ebdaf4cf67d98a42882acf10""}]"
1904-253deef4a2d8,1904,Ильвесъ Іоганъ,,"[""1904-107""]","[""https://ivseliv.github.io/senat/lex/#/d/1904-107""]","[{""file"":""p0171_L.txt"",""ocr_sha256"":""b08fa30e9bcb89555bfde2d4f9688ae82ec13634ebdaf4cf67d98a42882acf10""}]"
1904-6cc054fed2ec,1904,Гродненская,Казенныя палаты,"[""1904-119""]","[""https://ivseliv.github.io/senat/lex/#/d/1904-119""]","[{""file"":""p0171_L.txt"",""ocr_sha256"":""b08fa30e9bcb89555bfde2d4f9688ae82ec13634ebdaf4cf67d98a42882acf10""}]"
1904-3e828d7058f3,1904,Минская,,"[""1904-075""]","[""https://ivseliv.github.io/senat/lex/#/d/1904-075""]","[{""file"":""p0171_L.txt"",""ocr_sha256"":""b08fa30e9bcb89555bfde2d4f9688ae82ec13634ebdaf4cf67d98a42882acf10""}]"
1904-7daa7192cd95,1904,Орловская,,"[""1904-074""]","[""https://ivseliv.github.io/senat/lex/#/d/1904-074""]","[{""file"":""p0171_L.txt"",""ocr_sha256"":""b08fa30e9bcb89555bfde2d4f9688ae82ec13634ebdaf4cf67d98a42882acf10""}]"
1904-06cc13fbbaa2,1904,Плоцкая,,"[""1904-036""]","[""https://ivseliv.github.io/senat/lex/#/d/1904-036""]","[{""file"":""p0171_L.txt"",""ocr_sha256"":""b08fa30e9bcb89555bfde2d4f9688ae82ec13634ebdaf4cf67d98a42882acf10""}]"
1904-624a241079bd,1904,К. Михаилъ,,"[""1904-094""]","[""https://ivseliv.github.io/senat/lex/#/d/1904-094""]","[{""file"":""p0171_L.txt"",""ocr_sha256"":""b08fa30e9bcb89555bfde2d4f9688ae82ec13634ebdaf4cf67d98a42882acf10""}]"
1904-01c4994a8531,1904,Кабакъ Юдель,,"[""1904-106""]","[""https://ivseliv.github.io/senat/lex/#/d/1904-106""]","[{""file"":""p0171_L.txt"",""ocr_sha256"":""b08fa30e9bcb89555bfde2d4f9688ae82ec13634ebdaf4cf67d98a42882acf10""}]"
1904-809aa60afb4e,1904,Кадлубиковы Берка и Эстеръ,,"[""1904-119""]","[""https://ivseliv.github.io/senat/lex/#/d/1904-119""]","[{""file"":""p0171_L.txt"",""ocr_sha256"":""b08fa30e9bcb89555bfde2d4f9688ae82ec13634ebdaf4cf67d98a42882acf10""}]"
1904-c9fd989fbc16,1904,Кальмейеръ Семенъ пот. поч. гр,,"[""1904-053""]","[""https://ivseliv.github.io/senat/lex/#/d/1904-053""]","[{""file"":""p0171_L.txt"",""ocr_sha256"":""b08fa30e9bcb89555bfde2d4f9688ae82ec13634ebdaf4cf67d98a42882acf10""}]"
1904-aa3bce6b772d,1904,Кальнингъ Кристина,,"[""1904-035""]","[""https://ivseliv.github.io/senat/lex/#/d/1904-035""]","[{""file"":""p0171_L.txt"",""ocr_sha256"":""b08fa30e9bcb89555bfde2d4f9688ae82ec13634ebdaf4cf67d98a42882acf10""}]"
1904-4c6806b7a093,1904,Камско-Воткинская жел. дор,,"[""1904-086""]","[""https://ivseliv.github.io/senat/lex/#/d/1904-086""]","[{""file"":""p0171_L.txt"",""ocr_sha256"":""b08fa30e9bcb89555bfde2d4f9688ae82ec13634ebdaf4cf67d98a42882acf10""}]"
1904-fac6b5a87d04,1904,Кандавское вол. общ,,"[""1904-117""]","[""https://ivseliv.github.io/senat/lex/#/d/1904-117""]","[{""file"":""p0171_L.txt"",""ocr_sha256"":""b08fa30e9bcb89555bfde2d4f9688ae82ec13634ebdaf4cf67d98a42882acf10""}]"
1904-dbc3599b84e7,1904,Капланская Софія,,"[""1904-114""]","[""https://ivseliv.github.io/senat/lex/#/d/1904-114""]","[{""file"":""p0171_L.txt"",""ocr_sha256"":""b08fa30e9bcb89555bfde2d4f9688ae82ec13634ebdaf4cf67d98a42882acf10""}]"
1904-f446a970bdd3,1904,Касабовъ Александръ купецъ,,"[""1904-057""]","[""https://ivseliv.github.io/senat/lex/#/d/1904-057""]","[{""file"":""p0171_L.txt"",""ocr_sha256"":""b08fa30e9bcb89555bfde2d4f9688ae82ec13634ebdaf4cf67d98a42882acf10""}]"
1904-13545ba45e30,1904,Каспари Августъ,,"[""1904-073""]","[""https://ivseliv.github.io/senat/lex/#/d/1904-073""]","[{""file"":""p0171_L.txt"",""ocr_sha256"":""b08fa30e9bcb89555bfde2d4f9688ae82ec13634ebdaf4cf67d98a42882acf10""}]"
1904-f944f7439d5a,1904,Катакази Михаилъ,,"[""1904-024""]","[""https://ivseliv.github.io/senat/lex/#/d/1904-024""]","[{""file"":""p0171_L.txt"",""ocr_sha256"":""b08fa30e9bcb89555bfde2d4f9688ae82ec13634ebdaf4cf67d98a42882acf10""}]"
1904-00e57940e3d2,1904,Катуаръ-де-Біонкуръ Марія,,"[""1904-042""]","[""https://ivseliv.github.io/senat/lex/#/d/1904-042""]","[{""file"":""p0171_L.txt"",""ocr_sha256"":""b08fa30e9bcb89555bfde2d4f9688ae82ec13634ebdaf4cf67d98a42882acf10""}]"
1904-05d1e5c0664f,1904,Керчь-Эникальское гор. управ,,"[""1904-044""]","[""https://ivseliv.github.io/senat/lex/#/d/1904-044""]","[{""file"":""p0171_L.txt"",""ocr_sha256"":""b08fa30e9bcb89555bfde2d4f9688ae82ec13634ebdaf4cf67d98a42882acf10""}]"
1904-ffa639775f13,1904,Кизеветтеръ Адальбертъ,,"[""1904-103""]","[""https://ivseliv.github.io/senat/lex/#/d/1904-103""]","[{""file"":""p0171_L.txt"",""ocr_sha256"":""b08fa30e9bcb89555bfde2d4f9688ae82ec13634ebdaf4cf67d98a42882acf10""}]"
1904-b88b441a58cb,1904,Кіево-Подольское упр. госуд. имущ,,"[""1904-058""]","[""https://ivseliv.github.io/senat/lex/#/d/1904-058""]","[{""file"":""p0171_L.txt"",""ocr_sha256"":""b08fa30e9bcb89555bfde2d4f9688ae82ec13634ebdaf4cf67d98a42882acf10""}]"
1904-bab59991d8be,1904,Клермонъ-Тоннеръ Изабелла,,"[""1904-042""]","[""https://ivseliv.github.io/senat/lex/#/d/1904-042""]","[{""file"":""p0171_L.txt"",""ocr_sha256"":""b08fa30e9bcb89555bfde2d4f9688ae82ec13634ebdaf4cf67d98a42882acf10""}]"
1904-74136b4ce20c,1904,Клинское крестьян. общ,,"[""1904-062""]","[""https://ivseliv.github.io/senat/lex/#/d/1904-062""]","[{""file"":""p0171_L.txt"",""ocr_sha256"":""b08fa30e9bcb89555bfde2d4f9688ae82ec13634ebdaf4cf67d98a42882acf10""}]"
1904-2a538716783e,1904,Клокманъ Марта (дух. завѣщ.),,"[""1904-085""]","[""https://ivseliv.github.io/senat/lex/#/d/1904-085""]","[{""file"":""p0171_L.txt"",""ocr_sha256"":""b08fa30e9bcb89555bfde2d4f9688ae82ec13634ebdaf4cf67d98a42882acf10""}]"
1904-c9eca50616b0,1904,Кобылинъ Александръ,,"[""1904-097""]","[""https://ivseliv.github.io/senat/lex/#/d/1904-097""]","[{""file"":""p0171_R.txt"",""ocr_sha256"":""1db28cfbb46eced0b62f67ec03af26b4cb012146ecd6f47b2390fc8230be3b1b""}]"
1904-188860a40642,1904,Ковенскій окр. пут. сообщ,,"[""1904-113""]","[""https://ivseliv.github.io/senat/lex/#/d/1904-113""]","[{""file"":""p0171_R.txt"",""ocr_sha256"":""1db28cfbb46eced0b62f67ec03af26b4cb012146ecd6f47b2390fc8230be3b1b""}]"
1904-7a0e014727fe,1904,Козловскій Владиславъ,,"[""1904-066""]","[""https://ivseliv.github.io/senat/lex/#/d/1904-066""]","[{""file"":""p0171_R.txt"",""ocr_sha256"":""1db28cfbb46eced0b62f67ec03af26b4cb012146ecd6f47b2390fc8230be3b1b""}]"
1904-3c4adebf148f,1904,Косинскіе Яковъ и др,,"[""1904-040""]","[""https://ivseliv.github.io/senat/lex/#/d/1904-040""]","[{""file"":""p0171_R.txt"",""ocr_sha256"":""1db28cfbb46eced0b62f67ec03af26b4cb012146ecd6f47b2390fc8230be3b1b""}]"
1904-35ab2bc164e0,1904,Котковы пот. поч. гр,,"[""1904-086""]","[""https://ivseliv.github.io/senat/lex/#/d/1904-086""]","[{""file"":""p0171_R.txt"",""ocr_sha256"":""1db28cfbb46eced0b62f67ec03af26b4cb012146ecd6f47b2390fc8230be3b1b""}]"
1904-e92301c9aced,1904,Краневскіе Францъ и Александръ,,"[""1904-104""]","[""https://ivseliv.github.io/senat/lex/#/d/1904-104""]","[{""file"":""p0171_R.txt"",""ocr_sha256"":""1db28cfbb46eced0b62f67ec03af26b4cb012146ecd6f47b2390fc8230be3b1b""}]"
1904-fe11757bf472,1904,Кряпивинъ Осипъ,,"[""1904-018""]","[""https://ivseliv.github.io/senat/lex/#/d/1904-018""]","[{""file"":""p0171_R.txt"",""ocr_sha256"":""1db28cfbb46eced0b62f67ec03af26b4cb012146ecd6f47b2390fc8230be3b1b""}]"
1904-787d98ce1e93,1904,Кривопусковъ Иванъ,,"[""1904-028""]","[""https://ivseliv.github.io/senat/lex/#/d/1904-028""]","[{""file"":""p0171_R.txt"",""ocr_sha256"":""1db28cfbb46eced0b62f67ec03af26b4cb012146ecd6f47b2390fc8230be3b1b""}]"
1904-82cee79487b8,1904,Кринскій Яковъ,,"[""1904-093""]","[""https://ivseliv.github.io/senat/lex/#/d/1904-093""]","[{""file"":""p0171_R.txt"",""ocr_sha256"":""1db28cfbb46eced0b62f67ec03af26b4cb012146ecd6f47b2390fc8230be3b1b""}]"
1904-38baea0b4bc4,1904,Кузнеръ Янъ (насл.),,"[""1904-008""]","[""https://ivseliv.github.io/senat/lex/#/d/1904-008""]","[{""file"":""p0171_R.txt"",""ocr_sha256"":""1db28cfbb46eced0b62f67ec03af26b4cb012146ecd6f47b2390fc8230be3b1b""}]"
1904-bf2ac7236deb,1904,Куликовскій Антонъ,,"[""1904-047""]","[""https://ivseliv.github.io/senat/lex/#/d/1904-047""]","[{""file"":""p0171_R.txt"",""ocr_sha256"":""1db28cfbb46eced0b62f67ec03af26b4cb012146ecd6f47b2390fc8230be3b1b""}]"
1904-bda3fed6ca2d,1904,Куликовскій Титъ,,"[""1904-010""]","[""https://ivseliv.github.io/senat/lex/#/d/1904-010""]","[{""file"":""p0171_R.txt"",""ocr_sha256"":""1db28cfbb46eced0b62f67ec03af26b4cb012146ecd6f47b2390fc8230be3b1b""}]"
1904-369f5c14e700,1904,Куликъ Тимофей,,"[""1904-029""]","[""https://ivseliv.github.io/senat/lex/#/d/1904-029""]","[{""file"":""p0171_R.txt"",""ocr_sha256"":""1db28cfbb46eced0b62f67ec03af26b4cb012146ecd6f47b2390fc8230be3b1b""}]"
1904-a43043a5829d,1904,Курляндскій двор. комит,,"[""1904-109""]","[""https://ivseliv.github.io/senat/lex/#/d/1904-109""]","[{""file"":""p0171_R.txt"",""ocr_sha256"":""1db28cfbb46eced0b62f67ec03af26b4cb012146ecd6f47b2390fc8230be3b1b""}]"
1904-62adcce1e450,1904,Кустовъ Берка,,"[""1904-091""]","[""https://ivseliv.github.io/senat/lex/#/d/1904-091""]","[{""file"":""p0171_R.txt"",""ocr_sha256"":""1db28cfbb46eced0b62f67ec03af26b4cb012146ecd6f47b2390fc8230be3b1b""}]"
1904-0b15b1354f56,1904,Ласманъ Ансъ,,"[""1904-117""]","[""https://ivseliv.github.io/senat/lex/#/d/1904-117""]","[{""file"":""p0171_R.txt"",""ocr_sha256"":""1db28cfbb46eced0b62f67ec03af26b4cb012146ecd6f47b2390fc8230be3b1b""}]"
1904-c8875a8cfbb2,1904,Лауръ Александръ врачъ,,"[""1904-034""]","[""https://ivseliv.github.io/senat/lex/#/d/1904-034""]","[{""file"":""p0171_R.txt"",""ocr_sha256"":""1db28cfbb46eced0b62f67ec03af26b4cb012146ecd6f47b2390fc8230be3b1b""}]"
1904-93f9bdc35110,1904,Левинсонъ Илья пот. поч. гр,,"[""1904-045""]","[""https://ivseliv.github.io/senat/lex/#/d/1904-045""]","[{""file"":""p0171_R.txt"",""ocr_sha256"":""1db28cfbb46eced0b62f67ec03af26b4cb012146ecd6f47b2390fc8230be3b1b""}]"
1904-5f0778843132,1904,Левитанъ Герша,,"[""1904-032""]","[""https://ivseliv.github.io/senat/lex/#/d/1904-032""]","[{""file"":""p0171_R.txt"",""ocr_sha256"":""1db28cfbb46eced0b62f67ec03af26b4cb012146ecd6f47b2390fc8230be3b1b""}]"
1904-cb6367d0033b,1904,Ленковскій Леонардъ почтосодержатель,,"[""1904-066""]","[""https://ivseliv.github.io/senat/lex/#/d/1904-066""]","[{""file"":""p0171_R.txt"",""ocr_sha256"":""1db28cfbb46eced0b62f67ec03af26b4cb012146ecd6f47b2390fc8230be3b1b""}]"
1904-f46eb13f9996,1904,Леонардъ Кирьякъ,,"[""1904-024""]","[""https://ivseliv.github.io/senat/lex/#/d/1904-024""]","[{""file"":""p0171_R.txt"",""ocr_sha256"":""1db28cfbb46eced0b62f67ec03af26b4cb012146ecd6f47b2390fc8230be3b1b""}]"
1904-33381369eb54,1904,Лепчиковъ Афанасій,,"[""1904-053""]","[""https://ivseliv.github.io/senat/lex/#/d/1904-053""]","[{""file"":""p0171_R.txt"",""ocr_sha256"":""1db28cfbb46eced0b62f67ec03af26b4cb012146ecd6f47b2390fc8230be3b1b""}]"
1904-32707ae76c47,1904,Либаво-Роменская жел. дор,,"[""1904-003""]","[""https://ivseliv.github.io/senat/lex/#/d/1904-003""]","[{""file"":""p0171_R.txt"",""ocr_sha256"":""1db28cfbb46eced0b62f67ec03af26b4cb012146ecd6f47b2390fc8230be3b1b""}]"
1904-a8e61e1d6f84,1904,Лившицъ Липа,,"[""1904-039""]","[""https://ivseliv.github.io/senat/lex/#/d/1904-039""]","[{""file"":""p0171_R.txt"",""ocr_sha256"":""1db28cfbb46eced0b62f67ec03af26b4cb012146ecd6f47b2390fc8230be3b1b""}]"
1904-b9f6f98c1818,1904,„Лопаснинская мануфактура бр. Медвѣдевыхъ“ торг. домъ,,"[""1904-021""]","[""https://ivseliv.github.io/senat/lex/#/d/1904-021""]","[{""file"":""p0171_R.txt"",""ocr_sha256"":""1db28cfbb46eced0b62f67ec03af26b4cb012146ecd6f47b2390fc8230be3b1b""}]"
1904-5f11ad35eba3,1904,Лучниковское сельск. общ,,"[""1904-067""]","[""https://ivseliv.github.io/senat/lex/#/d/1904-067""]","[{""file"":""p0171_R.txt"",""ocr_sha256"":""1db28cfbb46eced0b62f67ec03af26b4cb012146ecd6f47b2390fc8230be3b1b""}]"
1904-19ac05104081,1904,Лыжинъ Александръ (насл.),,"[""1904-055""]","[""https://ivseliv.github.io/senat/lex/#/d/1904-055""]","[{""file"":""p0171_R.txt"",""ocr_sha256"":""1db28cfbb46eced0b62f67ec03af26b4cb012146ecd6f47b2390fc8230be3b1b""}]"
1904-0e88ed24afb2,1904,Львова Марія,,"[""1904-028""]","[""https://ivseliv.github.io/senat/lex/#/d/1904-028""]","[{""file"":""p0171_R.txt"",""ocr_sha256"":""1db28cfbb46eced0b62f67ec03af26b4cb012146ecd6f47b2390fc8230be3b1b""}]"
1904-2cc0eb5d8146,1904,Любельскіе Шмуль и др,,"[""1904-056""]","[""https://ivseliv.github.io/senat/lex/#/d/1904-056""]","[{""file"":""p0171_R.txt"",""ocr_sha256"":""1db28cfbb46eced0b62f67ec03af26b4cb012146ecd6f47b2390fc8230be3b1b""}]"
1904-acc5dcc50061,1904,Люткевичъ Агата,,"[""1904-104""]","[""https://ivseliv.github.io/senat/lex/#/d/1904-104""]","[{""file"":""p0171_R.txt"",""ocr_sha256"":""1db28cfbb46eced0b62f67ec03af26b4cb012146ecd6f47b2390fc8230be3b1b""}]"
1904-a72dcc154ad2,1904,Маасъ Феликсъ,,"[""1904-027""]","[""https://ivseliv.github.io/senat/lex/#/d/1904-027""]","[{""file"":""p0171_R.txt"",""ocr_sha256"":""1db28cfbb46eced0b62f67ec03af26b4cb012146ecd6f47b2390fc8230be3b1b""}]"
1904-24902a90f091,1904,Македонова Клара,,"[""1904-041""]","[""https://ivseliv.github.io/senat/lex/#/d/1904-041""]","[{""file"":""p0171_R.txt"",""ocr_sha256"":""1db28cfbb46eced0b62f67ec03af26b4cb012146ecd6f47b2390fc8230be3b1b""}]"
1904-66ed0bf17bb9,1904,Малько Марфа,,"[""1904-082""]","[""https://ivseliv.github.io/senat/lex/#/d/1904-082""]","[{""file"":""p0171_R.txt"",""ocr_sha256"":""1db28cfbb46eced0b62f67ec03af26b4cb012146ecd6f47b2390fc8230be3b1b""}]"
1904-344f056c13c0,1904,Маляцкій Мендель,,"[""1904-014""]","[""https://ivseliv.github.io/senat/lex/#/d/1904-014""]","[{""file"":""p0171_R.txt"",""ocr_sha256"":""1db28cfbb46eced0b62f67ec03af26b4cb012146ecd6f47b2390fc8230be3b1b""}]"
1904-dd96312c47bd,1904,Марголисъ-Гордонъ Исай купецъ,,"[""1904-105""]","[""https://ivseliv.github.io/senat/lex/#/d/1904-105""]","[{""file"":""p0171_R.txt"",""ocr_sha256"":""1db28cfbb46eced0b62f67ec03af26b4cb012146ecd6f47b2390fc8230be3b1b""}]"
1904-ecd30111b673,1904,Мартинсонъ Паулина,,"[""1904-035""]","[""https://ivseliv.github.io/senat/lex/#/d/1904-035""]","[{""file"":""p0171_R.txt"",""ocr_sha256"":""1db28cfbb46eced0b62f67ec03af26b4cb012146ecd6f47b2390fc8230be3b1b""}]"
1904-beb85c7a2a53,1904,Мегвинетхуцесова Елизавета,,"[""1904-023""]","[""https://ivseliv.github.io/senat/lex/#/d/1904-023""]","[{""file"":""p0171_R.txt"",""ocr_sha256"":""1db28cfbb46eced0b62f67ec03af26b4cb012146ecd6f47b2390fc8230be3b1b""}]"
1904-08fe1eacd532,1904,Мещеринъ Николай,,"[""1904-078""]","[""https://ivseliv.github.io/senat/lex/#/d/1904-078""]","[{""file"":""p0171_R.txt"",""ocr_sha256"":""1db28cfbb46eced0b62f67ec03af26b4cb012146ecd6f47b2390fc8230be3b1b""}]"
1904-ecfd31538ba0,1904,Милиловъ Сергѣй,,"[""1904-089""]","[""https://ivseliv.github.io/senat/lex/#/d/1904-089""]","[{""file"":""p0171_R.txt"",""ocr_sha256"":""1db28cfbb46eced0b62f67ec03af26b4cb012146ecd6f47b2390fc8230be3b1b""}]"
1904-943b92a40461,1904,Миллесъ Янъ,,"[""1904-107""]","[""https://ivseliv.github.io/senat/lex/#/d/1904-107""]","[{""file"":""p0171_R.txt"",""ocr_sha256"":""1db28cfbb46eced0b62f67ec03af26b4cb012146ecd6f47b2390fc8230be3b1b""}]"
1904-7ed2d6c94307,1904,Министерство финансовъ,,"[""1904-090""]","[""https://ivseliv.github.io/senat/lex/#/d/1904-090""]","[{""file"":""p0171_R.txt"",""ocr_sha256"":""1db28cfbb46eced0b62f67ec03af26b4cb012146ecd6f47b2390fc8230be3b1b""}]"
1904-2b7b7e808a6a,1904,Минская казенная палата,,"[""1904-075""]","[""https://ivseliv.github.io/senat/lex/#/d/1904-075""]","[{""file"":""p0171_R.txt"",""ocr_sha256"":""1db28cfbb46eced0b62f67ec03af26b4cb012146ecd6f47b2390fc8230be3b1b""}]"
1904-36a8aff4ab9b,1904,Млоховскіе Станиславъ и Марія,,"[""1904-040""]","[""https://ivseliv.github.io/senat/lex/#/d/1904-040""]","[{""file"":""p0171_R.txt"",""ocr_sha256"":""1db28cfbb46eced0b62f67ec03af26b4cb012146ecd6f47b2390fc8230be3b1b""}]"
1904-a2b47ed47175,1904,Московская гор. управа,,"[""1904-055""]","[""https://ivseliv.github.io/senat/lex/#/d/1904-055""]","[{""file"":""p0171_R.txt"",""ocr_sha256"":""1db28cfbb46eced0b62f67ec03af26b4cb012146ecd6f47b2390fc8230be3b1b""}]"
1904-db21788cf643,1904,Московское общ. охотн. конскаго бѣга,,"[""1904-084""]","[""https://ivseliv.github.io/senat/lex/#/d/1904-084""]","[{""file"":""p0171_R.txt"",""ocr_sha256"":""1db28cfbb46eced0b62f67ec03af26b4cb012146ecd6f47b2390fc8230be3b1b""}]"
1904-bddcff3ddb87,1904,Мосцицкій Витольдъ,,"[""1904-001""]","[""https://ivseliv.github.io/senat/lex/#/d/1904-001""]","[{""file"":""p0171_R.txt"",""ocr_sha256"":""1db28cfbb46eced0b62f67ec03af26b4cb012146ecd6f47b2390fc8230be3b1b""}]"
1904-b9084c2e8e7f,1904,Мочаровская Елена,,"[""1904-025""]","[""https://ivseliv.github.io/senat/lex/#/d/1904-025""]","[{""file"":""p0171_R.txt"",""ocr_sha256"":""1db28cfbb46eced0b62f67ec03af26b4cb012146ecd6f47b2390fc8230be3b1b""}]"
1904-2892eef07b1a,1904,Мударъ Гендрикъ,,"[""1904-107""]","[""https://ivseliv.github.io/senat/lex/#/d/1904-107""]","[{""file"":""p0171_R.txt"",""ocr_sha256"":""1db28cfbb46eced0b62f67ec03af26b4cb012146ecd6f47b2390fc8230be3b1b""}]"
1904-8c7e106ccde3,1904,Нѣмгировъ Авгуръ и др,,"[""1904-016""]","[""https://ivseliv.github.io/senat/lex/#/d/1904-016""]","[{""file"":""p0171_R.txt"",""ocr_sha256"":""1db28cfbb46eced0b62f67ec03af26b4cb012146ecd6f47b2390fc8230be3b1b""}]"
1904-77d2a3192813,1904,Ниренштейнъ Пинхусъ,,"[""1904-072""]","[""https://ivseliv.github.io/senat/lex/#/d/1904-072""]","[{""file"":""p0171_R.txt"",""ocr_sha256"":""1db28cfbb46eced0b62f67ec03af26b4cb012146ecd6f47b2390fc8230be3b1b""}]"
1904-1d6481223692,1904,„Везувій“,Общества,"[""1904-108""]","[""https://ivseliv.github.io/senat/lex/#/d/1904-108""]","[{""file"":""p0171_R.txt"",""ocr_sha256"":""1db28cfbb46eced0b62f67ec03af26b4cb012146ecd6f47b2390fc8230be3b1b""}]"
1904-16a8c9b3bd47,1904,„Волга“ страх. общ,,"[""1904-111""]","[""https://ivseliv.github.io/senat/lex/#/d/1904-111""]","[{""file"":""p0171_R.txt"",""ocr_sha256"":""1db28cfbb46eced0b62f67ec03af26b4cb012146ecd6f47b2390fc8230be3b1b""}]"
1904-0edcbb4d637d,1904,Врачей любителей физич. упражн. и велосипедн. ѣзды,,"[""1904-034""]","[""https://ivseliv.github.io/senat/lex/#/d/1904-034""]","[{""file"":""p0171_R.txt"",""ocr_sha256"":""1db28cfbb46eced0b62f67ec03af26b4cb012146ecd6f47b2390fc8230be3b1b""}]"
1904-64f1471dc971,1904,„Вулканъ“ акц. тов,,"[""1904-002""]","[""https://ivseliv.github.io/senat/lex/#/d/1904-002""]","[{""file"":""p0171_R.txt"",""ocr_sha256"":""1db28cfbb46eced0b62f67ec03af26b4cb012146ecd6f47b2390fc8230be3b1b""}]"
1904-f43388ea7903,1904,Городскихъ и подъѣздныхъ путей въ Россіи,,"[""1904-004""]","[""https://ivseliv.github.io/senat/lex/#/d/1904-004""]","[{""file"":""p0171_R.txt"",""ocr_sha256"":""1db28cfbb46eced0b62f67ec03af26b4cb012146ecd6f47b2390fc8230be3b1b""}]"
1904-2379e584665a,1904,„Горѣлка Ауэръ“,,"[""1904-027""]","[""https://ivseliv.github.io/senat/lex/#/d/1904-027""]","[{""file"":""p0171_R.txt"",""ocr_sha256"":""1db28cfbb46eced0b62f67ec03af26b4cb012146ecd6f47b2390fc8230be3b1b""}]"
1904-c65ad82ca942,1904,Даниловская мануфактура,,"[""1904-078""]","[""https://ivseliv.github.io/senat/lex/#/d/1904-078""]","[{""file"":""p0171_R.txt"",""ocr_sha256"":""1db28cfbb46eced0b62f67ec03af26b4cb012146ecd6f47b2390fc8230be3b1b""}]"
1904-7e2ce8ec4974,1904,Московское общ. охотниковъ конскаго бѣга,,"[""1904-084""]","[""https://ivseliv.github.io/senat/lex/#/d/1904-084""]","[{""file"":""p0171_R.txt"",""ocr_sha256"":""1db28cfbb46eced0b62f67ec03af26b4cb012146ecd6f47b2390fc8230be3b1b""}]"
1904-ed638a32415a,1904,Первое общ. подъѣздн. пут. въ Россіи,,"[""1904-059"",""1904-060""]","[""https://ivseliv.github.io/senat/lex/#/d/1904-059"",""https://ivseliv.github.io/senat/lex/#/d/1904-060""]","[{""file"":""p0171_R.txt"",""ocr_sha256"":""1db28cfbb46eced0b62f67ec03af26b4cb012146ecd6f47b2390fc8230be3b1b""}]"
1904-6c8b53f5993a,1904,Российское страхов. и трансп. кладей,,"[""1904-020""]","[""https://ivseliv.github.io/senat/lex/#/d/1904-020""]","[{""file"":""p0171_R.txt"",""ocr_sha256"":""1db28cfbb46eced0b62f67ec03af26b4cb012146ecd6f47b2390fc8230be3b1b""}]"
1904-09a937af6d88,1904,Русское общ. пар. и торг,,"[""1904-092""]","[""https://ivseliv.github.io/senat/lex/#/d/1904-092""]","[{""file"":""p0171_R.txt"",""ocr_sha256"":""1db28cfbb46eced0b62f67ec03af26b4cb012146ecd6f47b2390fc8230be3b1b""}]"
1904-9db8b3de3411,1904,Супруновское товар,,"[""1904-045""]","[""https://ivseliv.github.io/senat/lex/#/d/1904-045""]","[{""file"":""p0171_R.txt"",""ocr_sha256"":""1db28cfbb46eced0b62f67ec03af26b4cb012146ecd6f47b2390fc8230be3b1b""}]"
1904-9b7fc88bbf22,1904,Гущинское,Крестьянскія общества,"[""1904-006""]","[""https://ivseliv.github.io/senat/lex/#/d/1904-006""]","[{""file"":""p0171_R.txt"",""ocr_sha256"":""1db28cfbb46eced0b62f67ec03af26b4cb012146ecd6f47b2390fc8230be3b1b""}]"
1904-e50c7f2fb1bd,1904,Жолвинское,,"[""1904-006""]","[""https://ivseliv.github.io/senat/lex/#/d/1904-006""]","[{""file"":""p0171_R.txt"",""ocr_sha256"":""1db28cfbb46eced0b62f67ec03af26b4cb012146ecd6f47b2390fc8230be3b1b""}]"
1904-6aea2ea115a9,1904,Жуковское,,"[""1904-077""]","[""https://ivseliv.github.io/senat/lex/#/d/1904-077""]","[{""file"":""p0171_R.txt"",""ocr_sha256"":""1db28cfbb46eced0b62f67ec03af26b4cb012146ecd6f47b2390fc8230be3b1b""}]"
1904-f1bcbfcdc3b6,1904,Кандавское,,"[""1904-117""]","[""https://ivseliv.github.io/senat/lex/#/d/1904-117""]","[{""file"":""p0171_R.txt"",""ocr_sha256"":""1db28cfbb46eced0b62f67ec03af26b4cb012146ecd6f47b2390fc8230be3b1b""}]"
1904-d3d71237b680,1904,Клинское,,"[""1904-062""]","[""https://ivseliv.github.io/senat/lex/#/d/1904-062""]","[{""file"":""p0171_R.txt"",""ocr_sha256"":""1db28cfbb46eced0b62f67ec03af26b4cb012146ecd6f47b2390fc8230be3b1b""}]"
1904-a2f075f08722,1904,Лучниковское,,"[""1904-067""]","[""https://ivseliv.github.io/senat/lex/#/d/1904-067""]","[{""file"":""p0172_L.txt"",""ocr_sha256"":""fd3ae99cf41dc72e5b1fe0c81719009b348ac9b6a2ec524475ed18fb1e91b14d""}]"
1904-5abfaef2ca2e,1904,Романовское,,"[""1904-006""]","[""https://ivseliv.github.io/senat/lex/#/d/1904-006""]","[{""file"":""p0172_L.txt"",""ocr_sha256"":""fd3ae99cf41dc72e5b1fe0c81719009b348ac9b6a2ec524475ed18fb1e91b14d""}]"
1904-831f0cd34ba3,1904,Самородское,,"[""1904-062""]","[""https://ivseliv.github.io/senat/lex/#/d/1904-062""]","[{""file"":""p0172_L.txt"",""ocr_sha256"":""fd3ae99cf41dc72e5b1fe0c81719009b348ac9b6a2ec524475ed18fb1e91b14d""}]"
1904-f301e5ed805b,1904,Сахаревское,,"[""1904-077""]","[""https://ivseliv.github.io/senat/lex/#/d/1904-077""]","[{""file"":""p0172_L.txt"",""ocr_sha256"":""fd3ae99cf41dc72e5b1fe0c81719009b348ac9b6a2ec524475ed18fb1e91b14d""}]"
1904-ba6bbf04d16a,1904,Около-Кулакъ Іосифъ,,"[""1904-036""]","[""https://ivseliv.github.io/senat/lex/#/d/1904-036""]","[{""file"":""p0172_L.txt"",""ocr_sha256"":""fd3ae99cf41dc72e5b1fe0c81719009b348ac9b6a2ec524475ed18fb1e91b14d""}]"
1904-269ed936b2a2,1904,Орловская казенная палата,,"[""1904-074""]","[""https://ivseliv.github.io/senat/lex/#/d/1904-074""]","[{""file"":""p0172_L.txt"",""ocr_sha256"":""fd3ae99cf41dc72e5b1fe0c81719009b348ac9b6a2ec524475ed18fb1e91b14d""}]"
1904-e8db82076df1,1904,Осмала Мартинъ,,"[""1904-002""]","[""https://ivseliv.github.io/senat/lex/#/d/1904-002""]","[{""file"":""p0172_L.txt"",""ocr_sha256"":""fd3ae99cf41dc72e5b1fe0c81719009b348ac9b6a2ec524475ed18fb1e91b14d""}]"
1904-41dda126033f,1904,Островскій Юлій графъ,,"[""1904-005""]","[""https://ivseliv.github.io/senat/lex/#/d/1904-005""]","[{""file"":""p0172_L.txt"",""ocr_sha256"":""fd3ae99cf41dc72e5b1fe0c81719009b348ac9b6a2ec524475ed18fb1e91b14d""}]"
1904-458d70eef23c,1904,Паскачъ Серафима,,"[""1904-076""]","[""https://ivseliv.github.io/senat/lex/#/d/1904-076""]","[{""file"":""p0172_L.txt"",""ocr_sha256"":""fd3ae99cf41dc72e5b1fe0c81719009b348ac9b6a2ec524475ed18fb1e91b14d""}]"
1904-969034f4249a,1904,Первое общество подъѣздныхъ путей въ Россіи,,"[""1904-059"",""1904-060""]","[""https://ivseliv.github.io/senat/lex/#/d/1904-059"",""https://ivseliv.github.io/senat/lex/#/d/1904-060""]","[{""file"":""p0172_L.txt"",""ocr_sha256"":""fd3ae99cf41dc72e5b1fe0c81719009b348ac9b6a2ec524475ed18fb1e91b14d""}]"
1904-00fc0749cc56,1904,Перепелицына Евфимія,,"[""1904-120""]","[""https://ivseliv.github.io/senat/lex/#/d/1904-120""]","[{""file"":""p0172_L.txt"",""ocr_sha256"":""fd3ae99cf41dc72e5b1fe0c81719009b348ac9b6a2ec524475ed18fb1e91b14d""}]"
1904-2e9cfcc260dd,1904,Пермская казенная жел. дор,,"[""1904-043""]","[""https://ivseliv.github.io/senat/lex/#/d/1904-043""]","[{""file"":""p0172_L.txt"",""ocr_sha256"":""fd3ae99cf41dc72e5b1fe0c81719009b348ac9b6a2ec524475ed18fb1e91b14d""}]"
1904-10724420b2ed,1904,Петровъ Дмитрій шт.-кап,,"[""1904-054""]","[""https://ivseliv.github.io/senat/lex/#/d/1904-054""]","[{""file"":""p0172_L.txt"",""ocr_sha256"":""fd3ae99cf41dc72e5b1fe0c81719009b348ac9b6a2ec524475ed18fb1e91b14d""}]"
1904-39ca2b50f970,1904,Писаревская церковь,,"[""1904-007""]","[""https://ivseliv.github.io/senat/lex/#/d/1904-007""]","[{""file"":""p0172_L.txt"",""ocr_sha256"":""fd3ae99cf41dc72e5b1fe0c81719009b348ac9b6a2ec524475ed18fb1e91b14d""}]"
1904-48aa6307f911,1904,„Плотицына сыновья“ торг. домъ,,"[""1904-099""]","[""https://ivseliv.github.io/senat/lex/#/d/1904-099""]","[{""file"":""p0172_L.txt"",""ocr_sha256"":""fd3ae99cf41dc72e5b1fe0c81719009b348ac9b6a2ec524475ed18fb1e91b14d""}]"
1904-d888e8e42c41,1904,„Плотниковъ М. и сыновья“ торг. домъ,,"[""1904-018""]","[""https://ivseliv.github.io/senat/lex/#/d/1904-018""]","[{""file"":""p0172_L.txt"",""ocr_sha256"":""fd3ae99cf41dc72e5b1fe0c81719009b348ac9b6a2ec524475ed18fb1e91b14d""}]"
1904-cbaa38800176,1904,Плоцкая казенная палата,,"[""1904-036""]","[""https://ivseliv.github.io/senat/lex/#/d/1904-036""]","[{""file"":""p0172_L.txt"",""ocr_sha256"":""fd3ae99cf41dc72e5b1fe0c81719009b348ac9b6a2ec524475ed18fb1e91b14d""}]"
1904-a80318b88684,1904,Погорѣловъ Иванъ двор,,"[""1904-012""]","[""https://ivseliv.github.io/senat/lex/#/d/1904-012""]","[{""file"":""p0172_L.txt"",""ocr_sha256"":""fd3ae99cf41dc72e5b1fe0c81719009b348ac9b6a2ec524475ed18fb1e91b14d""}]"
1904-c2fb029d135d,1904,Подгурскій Сильвестръ,,"[""1904-061""]","[""https://ivseliv.github.io/senat/lex/#/d/1904-061""]","[{""file"":""p0172_L.txt"",""ocr_sha256"":""fd3ae99cf41dc72e5b1fe0c81719009b348ac9b6a2ec524475ed18fb1e91b14d""}]"
1904-572dfd7f3360,1904,Подольская духовная консист,,"[""1904-007""]","[""https://ivseliv.github.io/senat/lex/#/d/1904-007""]","[{""file"":""p0172_L.txt"",""ocr_sha256"":""fd3ae99cf41dc72e5b1fe0c81719009b348ac9b6a2ec524475ed18fb1e91b14d""}]"
1904-37d630a13220,1904,Пороло Степанъ,,"[""1904-100""]","[""https://ivseliv.github.io/senat/lex/#/d/1904-100""]","[{""file"":""p0172_L.txt"",""ocr_sha256"":""fd3ae99cf41dc72e5b1fe0c81719009b348ac9b6a2ec524475ed18fb1e91b14d""}]"
1904-fdb857b54ba7,1904,Прибалтійскихъ губ. управл. гос. имущ,,"[""1904-110""]","[""https://ivseliv.github.io/senat/lex/#/d/1904-110""]","[{""file"":""p0172_L.txt"",""ocr_sha256"":""fd3ae99cf41dc72e5b1fe0c81719009b348ac9b6a2ec524475ed18fb1e91b14d""}]"
1904-6ea31940139a,1904,Р. Феодосія,,"[""1904-070""]","[""https://ivseliv.github.io/senat/lex/#/d/1904-070""]","[{""file"":""p0172_L.txt"",""ocr_sha256"":""fd3ae99cf41dc72e5b1fe0c81719009b348ac9b6a2ec524475ed18fb1e91b14d""}]"
1904-2e1940b0f3aa,1904,„Рабиновичъ Леонъ“ торг. фирма,,"[""1904-092""]","[""https://ivseliv.github.io/senat/lex/#/d/1904-092""]","[{""file"":""p0172_L.txt"",""ocr_sha256"":""fd3ae99cf41dc72e5b1fe0c81719009b348ac9b6a2ec524475ed18fb1e91b14d""}]"
1904-179b436afe2b,1904,Радинъ Мортхель,,"[""1904-049""]","[""https://ivseliv.github.io/senat/lex/#/d/1904-049""]","[{""file"":""p0172_L.txt"",""ocr_sha256"":""fd3ae99cf41dc72e5b1fe0c81719009b348ac9b6a2ec524475ed18fb1e91b14d""}]"
1904-4a21c3136f15,1904,Рекке-фонъ-деръ Матіасъ баронъ,,"[""1904-113""]","[""https://ivseliv.github.io/senat/lex/#/d/1904-113""]","[{""file"":""p0172_L.txt"",""ocr_sha256"":""fd3ae99cf41dc72e5b1fe0c81719009b348ac9b6a2ec524475ed18fb1e91b14d""}]"
1904-48867ac970dd,1904,Риза Евгеній,,"[""1904-076""]","[""https://ivseliv.github.io/senat/lex/#/d/1904-076""]","[{""file"":""p0172_L.txt"",""ocr_sha256"":""fd3ae99cf41dc72e5b1fe0c81719009b348ac9b6a2ec524475ed18fb1e91b14d""}]"
1904-2e6376a323bf,1904,Рифманъ Исай,,"[""1904-087""]","[""https://ivseliv.github.io/senat/lex/#/d/1904-087""]","[{""file"":""p0172_L.txt"",""ocr_sha256"":""fd3ae99cf41dc72e5b1fe0c81719009b348ac9b6a2ec524475ed18fb1e91b14d""}]"
1904-f0e55334c84d,1904,Ріэтъ Гендрикъ,,"[""1904-107""]","[""https://ivseliv.github.io/senat/lex/#/d/1904-107""]","[{""file"":""p0172_L.txt"",""ocr_sha256"":""fd3ae99cf41dc72e5b1fe0c81719009b348ac9b6a2ec524475ed18fb1e91b14d""}]"
1904-e83ea893cd7f,1904,Родіонова Марфа,,"[""1904-074""]","[""https://ivseliv.github.io/senat/lex/#/d/1904-074""]","[{""file"":""p0172_L.txt"",""ocr_sha256"":""fd3ae99cf41dc72e5b1fe0c81719009b348ac9b6a2ec524475ed18fb1e91b14d""}]"
1904-2c3dea19308f,1904,Розенгартенъ Филиппъ,,"[""1904-073""]","[""https://ivseliv.github.io/senat/lex/#/d/1904-073""]","[{""file"":""p0172_L.txt"",""ocr_sha256"":""fd3ae99cf41dc72e5b1fe0c81719009b348ac9b6a2ec524475ed18fb1e91b14d""}]"
1904-70e981814bac,1904,Романовское крестьянское общ,,"[""1904-006""]","[""https://ivseliv.github.io/senat/lex/#/d/1904-006""]","[{""file"":""p0172_L.txt"",""ocr_sha256"":""fd3ae99cf41dc72e5b1fe0c81719009b348ac9b6a2ec524475ed18fb1e91b14d""}]"
1904-367152a6107d,1904,Ротермундъ Жано,,"[""1904-012""]","[""https://ivseliv.github.io/senat/lex/#/d/1904-012""]","[{""file"":""p0172_L.txt"",""ocr_sha256"":""fd3ae99cf41dc72e5b1fe0c81719009b348ac9b6a2ec524475ed18fb1e91b14d""}]"
1904-f5edafda1187,1904,Российское общ. страх. и трансп. кладей,,"[""1904-020""]","[""https://ivseliv.github.io/senat/lex/#/d/1904-020""]","[{""file"":""p0172_L.txt"",""ocr_sha256"":""fd3ae99cf41dc72e5b1fe0c81719009b348ac9b6a2ec524475ed18fb1e91b14d""}]"
1904-abdea64bfd18,1904,Русское общ. пар. и торг,,"[""1904-092""]","[""https://ivseliv.github.io/senat/lex/#/d/1904-092""]","[{""file"":""p0172_L.txt"",""ocr_sha256"":""fd3ae99cf41dc72e5b1fe0c81719009b348ac9b6a2ec524475ed18fb1e91b14d""}]"
1904-0194b14168f7,1904,Рутковская Эрнестина,,"[""1904-035""]","[""https://ivseliv.github.io/senat/lex/#/d/1904-035""]","[{""file"":""p0172_L.txt"",""ocr_sha256"":""fd3ae99cf41dc72e5b1fe0c81719009b348ac9b6a2ec524475ed18fb1e91b14d""}]"
1904-5bd9c543e727,1904,Рымарева Анастасія,,"[""1904-099""]","[""https://ivseliv.github.io/senat/lex/#/d/1904-099""]","[{""file"":""p0172_L.txt"",""ocr_sha256"":""fd3ae99cf41dc72e5b1fe0c81719009b348ac9b6a2ec524475ed18fb1e91b14d""}]"
1904-8077e7870efe,1904,Рыхлицкій Прокопъ,,"[""1904-069""]","[""https://ivseliv.github.io/senat/lex/#/d/1904-069""]","[{""file"":""p0172_L.txt"",""ocr_sha256"":""fd3ae99cf41dc72e5b1fe0c81719009b348ac9b6a2ec524475ed18fb1e91b14d""}]"
1904-1d4cf0f3e1c1,1904,С. Екатерина,,"[""1904-112""]","[""https://ivseliv.github.io/senat/lex/#/d/1904-112""]","[{""file"":""p0172_L.txt"",""ocr_sha256"":""fd3ae99cf41dc72e5b1fe0c81719009b348ac9b6a2ec524475ed18fb1e91b14d""}]"
1904-17c1f8e4f65f,1904,С.-Петербургско-Тульскій поземельн. банкъ,,"[""1904-119""]","[""https://ivseliv.github.io/senat/lex/#/d/1904-119""]","[{""file"":""p0172_L.txt"",""ocr_sha256"":""fd3ae99cf41dc72e5b1fe0c81719009b348ac9b6a2ec524475ed18fb1e91b14d""}]"
1904-d69f8772a889,1904,Самородское кр. общ,,"[""1904-062""]","[""https://ivseliv.github.io/senat/lex/#/d/1904-062""]","[{""file"":""p0172_L.txt"",""ocr_sha256"":""fd3ae99cf41dc72e5b1fe0c81719009b348ac9b6a2ec524475ed18fb1e91b14d""}]"
1904-345cf4db0064,1904,Сапотницкій Мовша,,"[""1904-029""]","[""https://ivseliv.github.io/senat/lex/#/d/1904-029""]","[{""file"":""p0172_L.txt"",""ocr_sha256"":""fd3ae99cf41dc72e5b1fe0c81719009b348ac9b6a2ec524475ed18fb1e91b14d""}]"
1904-76d411537a45,1904,Саратовскій гор. общ. банкъ,,"[""1904-081""]","[""https://ivseliv.github.io/senat/lex/#/d/1904-081""]","[{""file"":""p0172_L.txt"",""ocr_sha256"":""fd3ae99cf41dc72e5b1fe0c81719009b348ac9b6a2ec524475ed18fb1e91b14d""}]"
1904-89f82dddf58b,1904,Сахаревское сельское общ,,"[""1904-077""]","[""https://ivseliv.github.io/senat/lex/#/d/1904-077""]","[{""file"":""p0172_L.txt"",""ocr_sha256"":""fd3ae99cf41dc72e5b1fe0c81719009b348ac9b6a2ec524475ed18fb1e91b14d""}]"
1904-09d9c975f558,1904,Сацердотовъ Михаилъ,,"[""1904-081""]","[""https://ivseliv.github.io/senat/lex/#/d/1904-081""]","[{""file"":""p0172_L.txt"",""ocr_sha256"":""fd3ae99cf41dc72e5b1fe0c81719009b348ac9b6a2ec524475ed18fb1e91b14d""}]"
1904-2db8ec388598,1904,Сенъ-При Георгъ графъ,,"[""1904-042""]","[""https://ivseliv.github.io/senat/lex/#/d/1904-042""]","[{""file"":""p0172_L.txt"",""ocr_sha256"":""fd3ae99cf41dc72e5b1fe0c81719009b348ac9b6a2ec524475ed18fb1e91b14d""}]"
1904-84909de79c69,1904,Сикорскій Игнатій двор,,"[""1904-058""]","[""https://ivseliv.github.io/senat/lex/#/d/1904-058""]","[{""file"":""p0172_L.txt"",""ocr_sha256"":""fd3ae99cf41dc72e5b1fe0c81719009b348ac9b6a2ec524475ed18fb1e91b14d""}]"
1904-a856dbf6e220,1904,Симбирскій удѣльный округъ,,"[""1904-098""]","[""https://ivseliv.github.io/senat/lex/#/d/1904-098""]","[{""file"":""p0172_L.txt"",""ocr_sha256"":""fd3ae99cf41dc72e5b1fe0c81719009b348ac9b6a2ec524475ed18fb1e91b14d""}]"
1904-a5310d9d73ac,1904,Симоновы Михаилъ и Тимофей,,"[""1904-011""]","[""https://ivseliv.github.io/senat/lex/#/d/1904-011""]","[{""file"":""p0172_L.txt"",""ocr_sha256"":""fd3ae99cf41dc72e5b1fe0c81719009b348ac9b6a2ec524475ed18fb1e91b14d""}]"
1904-0f48acfb9d89,1904,Случевскій Евсей,,"[""1904-106""]","[""https://ivseliv.github.io/senat/lex/#/d/1904-106""]","[{""file"":""p0172_L.txt"",""ocr_sha256"":""fd3ae99cf41dc72e5b1fe0c81719009b348ac9b6a2ec524475ed18fb1e91b14d""}]"
1904-b1d9260cd5ed,1904,Смитъ Джонъ купецъ,,"[""1904-108""]","[""https://ivseliv.github.io/senat/lex/#/d/1904-108""]","[{""file"":""p0172_L.txt"",""ocr_sha256"":""fd3ae99cf41dc72e5b1fe0c81719009b348ac9b6a2ec524475ed18fb1e91b14d""}]"
1904-96ac5901de00,1904,Соколова Евдокія,,"[""1904-043""]","[""https://ivseliv.github.io/senat/lex/#/d/1904-043""]","[{""file"":""p0172_L.txt"",""ocr_sha256"":""fd3ae99cf41dc72e5b1fe0c81719009b348ac9b6a2ec524475ed18fb1e91b14d""}]"
1904-791eca3e6ae3,1904,Соловьевъ Николай,,"[""1904-018""]","[""https://ivseliv.github.io/senat/lex/#/d/1904-018""]","[{""file"":""p0172_L.txt"",""ocr_sha256"":""fd3ae99cf41dc72e5b1fe0c81719009b348ac9b6a2ec524475ed18fb1e91b14d""}]"
1904-b5e8c382bf53,1904,Спытка Готлибъ-Михаилъ,,"[""1904-063""]","[""https://ivseliv.github.io/senat/lex/#/d/1904-063""]","[{""file"":""p0172_L.txt"",""ocr_sha256"":""fd3ae99cf41dc72e5b1fe0c81719009b348ac9b6a2ec524475ed18fb1e91b14d""}]"
1904-5dcf63e6659a,1904,Старженская Эмилія графиня,,"[""1904-026""]","[""https://ivseliv.github.io/senat/lex/#/d/1904-026""]","[{""file"":""p0172_L.txt"",""ocr_sha256"":""fd3ae99cf41dc72e5b1fe0c81719009b348ac9b6a2ec524475ed18fb1e91b14d""}]"
1904-067421633449,1904,Стишинская Александра,,"[""1904-051""]","[""https://ivseliv.github.io/senat/lex/#/d/1904-051""]","[{""file"":""p0172_L.txt"",""ocr_sha256"":""fd3ae99cf41dc72e5b1fe0c81719009b348ac9b6a2ec524475ed18fb1e91b14d""}]"
1904-0acf2410b028,1904,Стундзя Сильвестръ,,"[""1904-025""]","[""https://ivseliv.github.io/senat/lex/#/d/1904-025""]","[{""file"":""p0172_L.txt"",""ocr_sha256"":""fd3ae99cf41dc72e5b1fe0c81719009b348ac9b6a2ec524475ed18fb1e91b14d""}]"
1904-2f59c888b012,1904,Сукачевъ Иванъ кр,,"[""1904-021""]","[""https://ivseliv.github.io/senat/lex/#/d/1904-021""]","[{""file"":""p0172_L.txt"",""ocr_sha256"":""fd3ae99cf41dc72e5b1fe0c81719009b348ac9b6a2ec524475ed18fb1e91b14d""}]"
1904-c83c858856f6,1904,Супруновское товарищ,,"[""1904-045""]","[""https://ivseliv.github.io/senat/lex/#/d/1904-045""]","[{""file"":""p0172_L.txt"",""ocr_sha256"":""fd3ae99cf41dc72e5b1fe0c81719009b348ac9b6a2ec524475ed18fb1e91b14d""}]"
1904-fe29b8e4f5ee,1904,Т. Валентина,,"[""1904-048""]","[""https://ivseliv.github.io/senat/lex/#/d/1904-048""]","[{""file"":""p0172_L.txt"",""ocr_sha256"":""fd3ae99cf41dc72e5b1fe0c81719009b348ac9b6a2ec524475ed18fb1e91b14d""}]"
1904-bd235405688b,1904,Табачникъ Нехемій,,"[""1904-060""]","[""https://ivseliv.github.io/senat/lex/#/d/1904-060""]","[{""file"":""p0172_L.txt"",""ocr_sha256"":""fd3ae99cf41dc72e5b1fe0c81719009b348ac9b6a2ec524475ed18fb1e91b14d""}]"
1904-34d4971ab03b,1904,Тифлисскій двор. земельный банкъ,,"[""1904-023""]","[""https://ivseliv.github.io/senat/lex/#/d/1904-023""]","[{""file"":""p0172_L.txt"",""ocr_sha256"":""fd3ae99cf41dc72e5b1fe0c81719009b348ac9b6a2ec524475ed18fb1e91b14d""}]"
1904-5da273fbefc7,1904,Тобольское управл. акц. сборами,,"[""1904-052""]","[""https://ivseliv.github.io/senat/lex/#/d/1904-052""]","[{""file"":""p0172_L.txt"",""ocr_sha256"":""fd3ae99cf41dc72e5b1fe0c81719009b348ac9b6a2ec524475ed18fb1e91b14d""}]"
1904-6fd7f25bcb5c,1904,Топчевскій Вацлавъ,,"[""1904-096""]","[""https://ivseliv.github.io/senat/lex/#/d/1904-096""]","[{""file"":""p0172_L.txt"",""ocr_sha256"":""fd3ae99cf41dc72e5b1fe0c81719009b348ac9b6a2ec524475ed18fb1e91b14d""}]"
1904-5ad35096f867,1904,Трегубовъ Павелъ,,"[""1904-052""]","[""https://ivseliv.github.io/senat/lex/#/d/1904-052""]","[{""file"":""p0172_L.txt"",""ocr_sha256"":""fd3ae99cf41dc72e5b1fe0c81719009b348ac9b6a2ec524475ed18fb1e91b14d""}]"
1904-89a1f950194d,1904,Тульскій земельн. банкъ,,"[""1904-119""]","[""https://ivseliv.github.io/senat/lex/#/d/1904-119""]","[{""file"":""p0172_L.txt"",""ocr_sha256"":""fd3ae99cf41dc72e5b1fe0c81719009b348ac9b6a2ec524475ed18fb1e91b14d""}]"
1904-c87374f3ccb8,1904,Тумановъ Александръ,,"[""1904-090""]","[""https://ivseliv.github.io/senat/lex/#/d/1904-090""]","[{""file"":""p0172_L.txt"",""ocr_sha256"":""fd3ae99cf41dc72e5b1fe0c81719009b348ac9b6a2ec524475ed18fb1e91b14d""}]"
1904-aae0675f3a86,1904,У. Альфредъ и Іозефина,,"[""1904-094""]","[""https://ivseliv.github.io/senat/lex/#/d/1904-094""]","[{""file"":""p0172_R.txt"",""ocr_sha256"":""4c2cabcb7d9a68d93c2082561c74dc6796e93ee55b783e4ef9f31b549e5f4eb9""}]"
1904-a0db045055a6,1904,Уцѣховскій Даніилъ,,"[""1904-038""]","[""https://ivseliv.github.io/senat/lex/#/d/1904-038""]","[{""file"":""p0172_R.txt"",""ocr_sha256"":""4c2cabcb7d9a68d93c2082561c74dc6796e93ee55b783e4ef9f31b549e5f4eb9""}]"
1904-b37f1359914f,1904,Управленіе желѣзныхъ дорогъ,,"[""1904-003"",""1904-014"",""1904-020"",""1904-031"",""1904-032"",""1904-038"",""1904-039"",""1904-043"",""1904-061"",""1904-091"",""1904-093"",""1904-102"",""1904-106""]","[""https://ivseliv.github.io/senat/lex/#/d/1904-003"",""https://ivseliv.github.io/senat/lex/#/d/1904-014"",""https://ivseliv.github.io/senat/lex/#/d/1904-020"",""https://ivseliv.github.io/senat/lex/#/d/1904-031"",""https://ivseliv.github.io/senat/lex/#/d/1904-032"",""https://ivseliv.github.io/senat/lex/#/d/1904-038"",""https://ivseliv.github.io/senat/lex/#/d/1904-039"",""https://ivseliv.github.io/senat/lex/#/d/1904-043"",""https://ivseliv.github.io/senat/lex/#/d/1904-061"",""https://ivseliv.github.io/senat/lex/#/d/1904-091"",""https://ivseliv.github.io/senat/lex/#/d/1904-093"",""https://ivseliv.github.io/senat/lex/#/d/1904-102"",""https://ivseliv.github.io/senat/lex/#/d/1904-106""]","[{""file"":""p0172_R.txt"",""ocr_sha256"":""4c2cabcb7d9a68d93c2082561c74dc6796e93ee55b783e4ef9f31b549e5f4eb9""}]"
1904-e969dcc050c4,1904,Ф. Луція и Иванъ,,"[""1904-050""]","[""https://ivseliv.github.io/senat/lex/#/d/1904-050""]","[{""file"":""p0172_R.txt"",""ocr_sha256"":""4c2cabcb7d9a68d93c2082561c74dc6796e93ee55b783e4ef9f31b549e5f4eb9""}]"
1904-912acbf2d11a,1904,Филипповичъ Авксентій кр,,"[""1904-067""]","[""https://ivseliv.github.io/senat/lex/#/d/1904-067""]","[{""file"":""p0172_R.txt"",""ocr_sha256"":""4c2cabcb7d9a68d93c2082561c74dc6796e93ee55b783e4ef9f31b549e5f4eb9""}]"
1904-c6d3ea2297f7,1904,Фроманъ Леопольдъ,,"[""1904-032""]","[""https://ivseliv.github.io/senat/lex/#/d/1904-032""]","[{""file"":""p0172_R.txt"",""ocr_sha256"":""4c2cabcb7d9a68d93c2082561c74dc6796e93ee55b783e4ef9f31b549e5f4eb9""}]"
1904-3415d84e4031,1904,Фуксъ Альтеръ Гершъ,,"[""1904-059""]","[""https://ivseliv.github.io/senat/lex/#/d/1904-059""]","[{""file"":""p0172_R.txt"",""ocr_sha256"":""4c2cabcb7d9a68d93c2082561c74dc6796e93ee55b783e4ef9f31b549e5f4eb9""}]"
1904-c85dd8a43513,1904,Х. Георгій,,"[""1904-116""]","[""https://ivseliv.github.io/senat/lex/#/d/1904-116""]","[{""file"":""p0172_R.txt"",""ocr_sha256"":""4c2cabcb7d9a68d93c2082561c74dc6796e93ee55b783e4ef9f31b549e5f4eb9""}]"
1904-08ded7b3b73a,1904,Хасинъ Эля,,"[""1904-041""]","[""https://ivseliv.github.io/senat/lex/#/d/1904-041""]","[{""file"":""p0172_R.txt"",""ocr_sha256"":""4c2cabcb7d9a68d93c2082561c74dc6796e93ee55b783e4ef9f31b549e5f4eb9""}]"
1904-ed3854bb1412,1904,Херсонскій земскій банкъ,,"[""1904-010""]","[""https://ivseliv.github.io/senat/lex/#/d/1904-010""]","[{""file"":""p0172_R.txt"",""ocr_sha256"":""4c2cabcb7d9a68d93c2082561c74dc6796e93ee55b783e4ef9f31b549e5f4eb9""}]"
1904-3d0c1c182621,1904,Храмцовъ Петръ,,"[""1904-028""]","[""https://ivseliv.github.io/senat/lex/#/d/1904-028""]","[{""file"":""p0172_R.txt"",""ocr_sha256"":""4c2cabcb7d9a68d93c2082561c74dc6796e93ee55b783e4ef9f31b549e5f4eb9""}]"
1904-e22773d7475b,1904,„Цовьяновы братья“ торгов. домъ,,"[""1904-101""]","[""https://ivseliv.github.io/senat/lex/#/d/1904-101""]","[{""file"":""p0172_R.txt"",""ocr_sha256"":""4c2cabcb7d9a68d93c2082561c74dc6796e93ee55b783e4ef9f31b549e5f4eb9""}]"
1904-b527bed0210b,1904,Черкесъ Абрамъ,,"[""1904-031""]","[""https://ivseliv.github.io/senat/lex/#/d/1904-031""]","[{""file"":""p0172_R.txt"",""ocr_sha256"":""4c2cabcb7d9a68d93c2082561c74dc6796e93ee55b783e4ef9f31b549e5f4eb9""}]"
1904-96728d1abe1c,1904,Черкесы Александръ и др,,"[""1904-054""]","[""https://ivseliv.github.io/senat/lex/#/d/1904-054""]","[{""file"":""p0172_R.txt"",""ocr_sha256"":""4c2cabcb7d9a68d93c2082561c74dc6796e93ee55b783e4ef9f31b549e5f4eb9""}]"
1904-4f4751ea3999,1904,Чернявская Софія,,"[""1904-015""]","[""https://ivseliv.github.io/senat/lex/#/d/1904-015""]","[{""file"":""p0172_R.txt"",""ocr_sha256"":""4c2cabcb7d9a68d93c2082561c74dc6796e93ee55b783e4ef9f31b549e5f4eb9""}]"
1904-7e6ad04b55d7,1904,Шанинъ Мартинъ (насл.),,"[""1904-046""]","[""https://ivseliv.github.io/senat/lex/#/d/1904-046""]","[{""file"":""p0172_R.txt"",""ocr_sha256"":""4c2cabcb7d9a68d93c2082561c74dc6796e93ee55b783e4ef9f31b549e5f4eb9""}]"
1904-12a7caa7b50a,1904,Шапиро Ицка,,"[""1904-075""]","[""https://ivseliv.github.io/senat/lex/#/d/1904-075""]","[{""file"":""p0172_R.txt"",""ocr_sha256"":""4c2cabcb7d9a68d93c2082561c74dc6796e93ee55b783e4ef9f31b549e5f4eb9""}]"
1904-0c7600e16e43,1904,Шацъ Ицка и др,,"[""1904-054""]","[""https://ivseliv.github.io/senat/lex/#/d/1904-054""]","[{""file"":""p0172_R.txt"",""ocr_sha256"":""4c2cabcb7d9a68d93c2082561c74dc6796e93ee55b783e4ef9f31b549e5f4eb9""}]"
1904-2aafe3f45df6,1904,Шрагъ Іонатанъ купецъ,,"[""1904-071""]","[""https://ivseliv.github.io/senat/lex/#/d/1904-071""]","[{""file"":""p0172_R.txt"",""ocr_sha256"":""4c2cabcb7d9a68d93c2082561c74dc6796e93ee55b783e4ef9f31b549e5f4eb9""}]"
1904-fa44f86b0e69,1904,Штернъ Генрихъ,,"[""1904-027""]","[""https://ivseliv.github.io/senat/lex/#/d/1904-027""]","[{""file"":""p0172_R.txt"",""ocr_sha256"":""4c2cabcb7d9a68d93c2082561c74dc6796e93ee55b783e4ef9f31b549e5f4eb9""}]"
1904-68325b8a16d0,1904,Шубинъ Сергѣй,,"[""1904-045""]","[""https://ivseliv.github.io/senat/lex/#/d/1904-045""]","[{""file"":""p0172_R.txt"",""ocr_sha256"":""4c2cabcb7d9a68d93c2082561c74dc6796e93ee55b783e4ef9f31b549e5f4eb9""}]"
1904-64ceb317caf2,1904,Шульмъ Карлъ и Анна,,"[""1904-003""]","[""https://ivseliv.github.io/senat/lex/#/d/1904-003""]","[{""file"":""p0172_R.txt"",""ocr_sha256"":""4c2cabcb7d9a68d93c2082561c74dc6796e93ee55b783e4ef9f31b549e5f4eb9""}]"
1904-2f814ffe679c,1904,Шутлевортъ Николай ген.-лейт,,"[""1904-088""]","[""https://ivseliv.github.io/senat/lex/#/d/1904-088""]","[{""file"":""p0172_R.txt"",""ocr_sha256"":""4c2cabcb7d9a68d93c2082561c74dc6796e93ee55b783e4ef9f31b549e5f4eb9""}]"
1904-6eb7b3baea7d,1904,Шуховы Иванъ и Андрей,,"[""1904-097""]","[""https://ivseliv.github.io/senat/lex/#/d/1904-097""]","[{""file"":""p0172_R.txt"",""ocr_sha256"":""4c2cabcb7d9a68d93c2082561c74dc6796e93ee55b783e4ef9f31b549e5f4eb9""}]"
1904-e360409e8ab3,1904,Юго-Восточныя жел. дор,,"[""1904-100"",""1904-120""]","[""https://ivseliv.github.io/senat/lex/#/d/1904-100"",""https://ivseliv.github.io/senat/lex/#/d/1904-120""]","[{""file"":""p0172_R.txt"",""ocr_sha256"":""4c2cabcb7d9a68d93c2082561c74dc6796e93ee55b783e4ef9f31b549e5f4eb9""}]"
1904-84ee21f15bb9,1904,Юго-Западныя жел. дор,,"[""1904-064""]","[""https://ivseliv.github.io/senat/lex/#/d/1904-064""]","[{""file"":""p0172_R.txt"",""ocr_sha256"":""4c2cabcb7d9a68d93c2082561c74dc6796e93ee55b783e4ef9f31b549e5f4eb9""}]"
1904-94359fde3813,1904,Юдина Александра,,"[""1904-097""]","[""https://ivseliv.github.io/senat/lex/#/d/1904-097""]","[{""file"":""p0172_R.txt"",""ocr_sha256"":""4c2cabcb7d9a68d93c2082561c74dc6796e93ee55b783e4ef9f31b549e5f4eb9""}]"
1904-7b4696071fb5,1904,Юрчакъ Гилярій,,"[""1904-026""]","[""https://ivseliv.github.io/senat/lex/#/d/1904-026""]","[{""file"":""p0172_R.txt"",""ocr_sha256"":""4c2cabcb7d9a68d93c2082561c74dc6796e93ee55b783e4ef9f31b549e5f4eb9""}]"
1904-0aad944eed6d,1904,Юсуповъ (графъ Сумароковъ-Эльстонъ) Феликсъ,,"[""1904-097""]","[""https://ivseliv.github.io/senat/lex/#/d/1904-097""]","[{""file"":""p0172_R.txt"",""ocr_sha256"":""4c2cabcb7d9a68d93c2082561c74dc6796e93ee55b783e4ef9f31b549e5f4eb9""}]"
1904-5bbf249d9e3d,1904,Яблонскій Сруль,,"[""1904-063""]","[""https://ivseliv.github.io/senat/lex/#/d/1904-063""]","[{""file"":""p0172_R.txt"",""ocr_sha256"":""4c2cabcb7d9a68d93c2082561c74dc6796e93ee55b783e4ef9f31b549e5f4eb9""}]"
1904-aa9180b97358,1904,Яунозоль Индрикъ,,"[""1904-035""]","[""https://ivseliv.github.io/senat/lex/#/d/1904-035""]","[{""file"":""p0172_R.txt"",""ocr_sha256"":""4c2cabcb7d9a68d93c2082561c74dc6796e93ee55b783e4ef9f31b549e5f4eb9""}]"
1905-a71c99c751b7,1905,Аберманъ Ансъ,,"[""1905-103""]","[""https://ivseliv.github.io/senat/lex/#/d/1905-103""]","[{""file"":""p0159_R.txt"",""ocr_sha256"":""35bdb888b90548ab45741d53cd96e0b33c59b613d5b6fbe1b3e38edf549d0ac4""}]"
1905-2d0e9e99f80c,1905,Аксеновъ Петръ (завѣщ.),,"[""1905-110""]","[""https://ivseliv.github.io/senat/lex/#/d/1905-110""]","[{""file"":""p0159_R.txt"",""ocr_sha256"":""35bdb888b90548ab45741d53cd96e0b33c59b613d5b6fbe1b3e38edf549d0ac4""}]"
1905-0569ee32d7a6,1905,Алексѣевъ Иванъ,,"[""1905-106""]","[""https://ivseliv.github.io/senat/lex/#/d/1905-106""]","[{""file"":""p0159_R.txt"",""ocr_sha256"":""35bdb888b90548ab45741d53cd96e0b33c59b613d5b6fbe1b3e38edf549d0ac4""}]"
1905-c030a80cf27d,1905,Аматнекъ Альбертъ,,"[""1905-085""]","[""https://ivseliv.github.io/senat/lex/#/d/1905-085""]","[{""file"":""p0159_R.txt"",""ocr_sha256"":""35bdb888b90548ab45741d53cd96e0b33c59b613d5b6fbe1b3e38edf549d0ac4""}]"
1905-7414d6f80454,1905,Амурская казенн. палата,,"[""1905-004""]","[""https://ivseliv.github.io/senat/lex/#/d/1905-004""]","[{""file"":""p0159_R.txt"",""ocr_sha256"":""35bdb888b90548ab45741d53cd96e0b33c59b613d5b6fbe1b3e38edf549d0ac4""}]"
1905-6b390b24fc4f,1905,Ароловичъ Гецель,,"[""1905-101""]","[""https://ivseliv.github.io/senat/lex/#/d/1905-101""]","[{""file"":""p0159_R.txt"",""ocr_sha256"":""35bdb888b90548ab45741d53cd96e0b33c59b613d5b6fbe1b3e38edf549d0ac4""}]"
1905-2e73c9582ebc,1905,Ароновъ Зальманъ,,"[""1905-064""]","[""https://ivseliv.github.io/senat/lex/#/d/1905-064""]","[{""file"":""p0159_R.txt"",""ocr_sha256"":""35bdb888b90548ab45741d53cd96e0b33c59b613d5b6fbe1b3e38edf549d0ac4""}]"
1905-fc8b26fcb571,1905,Виленскій частный коммерческій,Банки,"[""1905-108""]","[""https://ivseliv.github.io/senat/lex/#/d/1905-108""]","[{""file"":""p0159_R.txt"",""ocr_sha256"":""35bdb888b90548ab45741d53cd96e0b33c59b613d5b6fbe1b3e38edf549d0ac4""}]"
1905-619e46adf072,1905,Волжско-Камскій коммерческій,,"[""1905-045""]","[""https://ivseliv.github.io/senat/lex/#/d/1905-045""]","[{""file"":""p0159_R.txt"",""ocr_sha256"":""35bdb888b90548ab45741d53cd96e0b33c59b613d5b6fbe1b3e38edf549d0ac4""}]"
1905-e30e99395218,1905,Крестьянскій поземельный,,"[""1905-088""]","[""https://ivseliv.github.io/senat/lex/#/d/1905-088""]","[{""file"":""p0159_R.txt"",""ocr_sha256"":""35bdb888b90548ab45741d53cd96e0b33c59b613d5b6fbe1b3e38edf549d0ac4""}]"
1905-7b176c488a69,1905,Павловскаго посада общественный,,"[""1905-072""]","[""https://ivseliv.github.io/senat/lex/#/d/1905-072""]","[{""file"":""p0159_R.txt"",""ocr_sha256"":""35bdb888b90548ab45741d53cd96e0b33c59b613d5b6fbe1b3e38edf549d0ac4""}]"
1905-7db7062dab8c,1905,Пензенскій городской общественный,,"[""1905-079""]","[""https://ivseliv.github.io/senat/lex/#/d/1905-079""]","[{""file"":""p0159_R.txt"",""ocr_sha256"":""35bdb888b90548ab45741d53cd96e0b33c59b613d5b6fbe1b3e38edf549d0ac4""}]"
1905-a33310a25f2f,1905,Рижскій городской учетный,,"[""1905-015""]","[""https://ivseliv.github.io/senat/lex/#/d/1905-015""]","[{""file"":""p0159_R.txt"",""ocr_sha256"":""35bdb888b90548ab45741d53cd96e0b33c59b613d5b6fbe1b3e38edf549d0ac4""}]"
1905-fe20507a4cd3,1905,Русскій для внѣшней торговли,,"[""1905-063""]","[""https://ivseliv.github.io/senat/lex/#/d/1905-063""]","[{""file"":""p0159_R.txt"",""ocr_sha256"":""35bdb888b90548ab45741d53cd96e0b33c59b613d5b6fbe1b3e38edf549d0ac4""}]"
1905-a3ad6352e22d,1905,„Баде М. и Ко“ торг. домъ,,"[""1905-112""]","[""https://ivseliv.github.io/senat/lex/#/d/1905-112""]","[{""file"":""p0159_R.txt"",""ocr_sha256"":""35bdb888b90548ab45741d53cd96e0b33c59b613d5b6fbe1b3e38edf549d0ac4""}]"
1905-030253b409bd,1905,Базанова Любовь,,"[""1905-065""]","[""https://ivseliv.github.io/senat/lex/#/d/1905-065""]","[{""file"":""p0159_R.txt"",""ocr_sha256"":""35bdb888b90548ab45741d53cd96e0b33c59b613d5b6fbe1b3e38edf549d0ac4""}]"
1905-fb3a3983ffe1,1905,Базилевичъ Семенъ (опека),,"[""1905-058""]","[""https://ivseliv.github.io/senat/lex/#/d/1905-058""]","[{""file"":""p0159_R.txt"",""ocr_sha256"":""35bdb888b90548ab45741d53cd96e0b33c59b613d5b6fbe1b3e38edf549d0ac4""}]"
1905-38130b19ede9,1905,"Балкашинъ Сергѣй, двор",,"[""1905-049"",""1905-055""]","[""https://ivseliv.github.io/senat/lex/#/d/1905-049"",""https://ivseliv.github.io/senat/lex/#/d/1905-055""]","[{""file"":""p0159_R.txt"",""ocr_sha256"":""35bdb888b90548ab45741d53cd96e0b33c59b613d5b6fbe1b3e38edf549d0ac4""}]"
1905-4ec848bdda3a,1905,Балтманъ Юстинъ,,"[""1905-011""]","[""https://ivseliv.github.io/senat/lex/#/d/1905-011""]","[{""file"":""p0159_R.txt"",""ocr_sha256"":""35bdb888b90548ab45741d53cd96e0b33c59b613d5b6fbe1b3e38edf549d0ac4""}]"
1905-953953559585,1905,Башкировъ Николай (насл.),,"[""1905-060""]","[""https://ivseliv.github.io/senat/lex/#/d/1905-060""]","[{""file"":""p0159_R.txt"",""ocr_sha256"":""35bdb888b90548ab45741d53cd96e0b33c59b613d5b6fbe1b3e38edf549d0ac4""}]"
1905-633034b6daba,1905,"Бегляровъ Михаилъ, купецъ",,"[""1905-093""]","[""https://ivseliv.github.io/senat/lex/#/d/1905-093""]","[{""file"":""p0159_R.txt"",""ocr_sha256"":""35bdb888b90548ab45741d53cd96e0b33c59b613d5b6fbe1b3e38edf549d0ac4""}]"
1905-0bf0ff8550ea,1905,"Безкаравайный Анатолій, двор",,"[""1905-109""]","[""https://ivseliv.github.io/senat/lex/#/d/1905-109""]","[{""file"":""p0159_R.txt"",""ocr_sha256"":""35bdb888b90548ab45741d53cd96e0b33c59b613d5b6fbe1b3e38edf549d0ac4""}]"
1905-d4db61c84edf,1905,Бекировъ Эмиръ-Асанъ,,"[""1905-052""]","[""https://ivseliv.github.io/senat/lex/#/d/1905-052""]","[{""file"":""p0159_R.txt"",""ocr_sha256"":""35bdb888b90548ab45741d53cd96e0b33c59b613d5b6fbe1b3e38edf549d0ac4""}]"
1905-9a2663f6553b,1905,Бертинъ Іоганъ,,"[""1905-086""]","[""https://ivseliv.github.io/senat/lex/#/d/1905-086""]","[{""file"":""p0159_R.txt"",""ocr_sha256"":""35bdb888b90548ab45741d53cd96e0b33c59b613d5b6fbe1b3e38edf549d0ac4""}]"
1905-7d97a0921630,1905,Бирнбаумъ Исидоръ,,"[""1905-062""]","[""https://ivseliv.github.io/senat/lex/#/d/1905-062""]","[{""file"":""p0159_R.txt"",""ocr_sha256"":""35bdb888b90548ab45741d53cd96e0b33c59b613d5b6fbe1b3e38edf549d0ac4""}]"
1905-a4a59ad45234,1905,Бланкенгагенъ-фонъ Гейнрихъ,,"[""1905-085""]","[""https://ivseliv.github.io/senat/lex/#/d/1905-085""]","[{""file"":""p0159_R.txt"",""ocr_sha256"":""35bdb888b90548ab45741d53cd96e0b33c59b613d5b6fbe1b3e38edf549d0ac4""}]"
1905-4fffe204b1c3,1905,Бойко Анастасія и др,,"[""1905-094""]","[""https://ivseliv.github.io/senat/lex/#/d/1905-094""]","[{""file"":""p0159_R.txt"",""ocr_sha256"":""35bdb888b90548ab45741d53cd96e0b33c59b613d5b6fbe1b3e38edf549d0ac4""}]"
1905-13cf6b0edb02,1905,"Боковъ Алексѣй, отст. шт.-ротм",,"[""1905-014""]","[""https://ivseliv.github.io/senat/lex/#/d/1905-014""]","[{""file"":""p0159_R.txt"",""ocr_sha256"":""35bdb888b90548ab45741d53cd96e0b33c59b613d5b6fbe1b3e38edf549d0ac4""}]"
1905-b3820ce178e5,1905,Борисовы Николай и др,,"[""1905-066""]","[""https://ivseliv.github.io/senat/lex/#/d/1905-066""]","[{""file"":""p0159_R.txt"",""ocr_sha256"":""35bdb888b90548ab45741d53cd96e0b33c59b613d5b6fbe1b3e38edf549d0ac4""}]"
1905-142c71f59df9,1905,"Будбергъ Константинъ, бар",,"[""1905-011""]","[""https://ivseliv.github.io/senat/lex/#/d/1905-011""]","[{""file"":""p0159_R.txt"",""ocr_sha256"":""35bdb888b90548ab45741d53cd96e0b33c59b613d5b6fbe1b3e38edf549d0ac4""}]"
1905-d96bdc803d24,1905,Бутовичъ Владиміръ,,"[""1905-076""]","[""https://ivseliv.github.io/senat/lex/#/d/1905-076""]","[{""file"":""p0159_R.txt"",""ocr_sha256"":""35bdb888b90548ab45741d53cd96e0b33c59b613d5b6fbe1b3e38edf549d0ac4""}]"
1905-696e7031b1ca,1905,"Бялостоцкій Юдель, купецъ",,"[""1905-108""]","[""https://ivseliv.github.io/senat/lex/#/d/1905-108""]","[{""file"":""p0159_R.txt"",""ocr_sha256"":""35bdb888b90548ab45741d53cd96e0b33c59b613d5b6fbe1b3e38edf549d0ac4""}]"
1905-4f257ad07b82,1905,"Вадьяевъ Якубъ, купецъ",,"[""1905-095""]","[""https://ivseliv.github.io/senat/lex/#/d/1905-095""]","[{""file"":""p0159_R.txt"",""ocr_sha256"":""35bdb888b90548ab45741d53cd96e0b33c59b613d5b6fbe1b3e38edf549d0ac4""}]"
1905-cdbdb351126c,1905,Варшавско-Вѣнская жел. дор,,"[""1905-068""]","[""https://ivseliv.github.io/senat/lex/#/d/1905-068""]","[{""file"":""p0159_R.txt"",""ocr_sha256"":""35bdb888b90548ab45741d53cd96e0b33c59b613d5b6fbe1b3e38edf549d0ac4""}]"
1905-7c8f83d7a910,1905,Варшавское скаковое общество,,"[""1905-033""]","[""https://ivseliv.github.io/senat/lex/#/d/1905-033""]","[{""file"":""p0159_R.txt"",""ocr_sha256"":""35bdb888b90548ab45741d53cd96e0b33c59b613d5b6fbe1b3e38edf549d0ac4""}]"
1905-da17778c0897,1905,Венденская городская управа,,"[""1905-075""]","[""https://ivseliv.github.io/senat/lex/#/d/1905-075""]","[{""file"":""p0159_R.txt"",""ocr_sha256"":""35bdb888b90548ab45741d53cd96e0b33c59b613d5b6fbe1b3e38edf549d0ac4""}]"
1905-58e888151c43,1905,Верхне-Салдинское сельское общество,,"[""1905-098""]","[""https://ivseliv.github.io/senat/lex/#/d/1905-098""]","[{""file"":""p0159_R.txt"",""ocr_sha256"":""35bdb888b90548ab45741d53cd96e0b33c59b613d5b6fbe1b3e38edf549d0ac4""}]"
1905-5ddb2af6f566,1905,Винокуровъ Илья,,"[""1905-034""]","[""https://ivseliv.github.io/senat/lex/#/d/1905-034""]","[{""file"":""p0159_R.txt"",""ocr_sha256"":""35bdb888b90548ab45741d53cd96e0b33c59b613d5b6fbe1b3e38edf549d0ac4""}]"
1905-e70d1daa5a53,1905,Виленскій частный коммерческій банкъ,,"[""1905-108""]","[""https://ivseliv.github.io/senat/lex/#/d/1905-108""]","[{""file"":""p0159_R.txt"",""ocr_sha256"":""35bdb888b90548ab45741d53cd96e0b33c59b613d5b6fbe1b3e38edf549d0ac4""}]"
1905-affb5ae6f4b7,1905,Волжско-Камскій коммерческій банкъ,,"[""1905-045""]","[""https://ivseliv.github.io/senat/lex/#/d/1905-045""]","[{""file"":""p0159_R.txt"",""ocr_sha256"":""35bdb888b90548ab45741d53cd96e0b33c59b613d5b6fbe1b3e38edf549d0ac4""}]"
1905-01cebeb64bd3,1905,Воронежская казенная палата,,"[""1905-040""]","[""https://ivseliv.github.io/senat/lex/#/d/1905-040""]","[{""file"":""p0159_R.txt"",""ocr_sha256"":""35bdb888b90548ab45741d53cd96e0b33c59b613d5b6fbe1b3e38edf549d0ac4""}]"
1905-465fa7ee07f0,1905,Галактіонова Евдокія,,"[""1905-053""]","[""https://ivseliv.github.io/senat/lex/#/d/1905-053""]","[{""file"":""p0159_R.txt"",""ocr_sha256"":""35bdb888b90548ab45741d53cd96e0b33c59b613d5b6fbe1b3e38edf549d0ac4""}]"
1905-1741bd9b08f6,1905,Галятъ Станиславъ,,"[""1905-031""]","[""https://ivseliv.github.io/senat/lex/#/d/1905-031""]","[{""file"":""p0159_R.txt"",""ocr_sha256"":""35bdb888b90548ab45741d53cd96e0b33c59b613d5b6fbe1b3e38edf549d0ac4""}]"
1905-7e9fc1cb4931,1905,„Гольдлюстъ бр.“ торг. домъ,,"[""1905-093""]","[""https://ivseliv.github.io/senat/lex/#/d/1905-093""]","[{""file"":""p0159_R.txt"",""ocr_sha256"":""35bdb888b90548ab45741d53cd96e0b33c59b613d5b6fbe1b3e38edf549d0ac4""}]"
1905-74b42dac765f,1905,Гравель Христіанъ,,"[""1905-075""]","[""https://ivseliv.github.io/senat/lex/#/d/1905-075""]","[{""file"":""p0159_R.txt"",""ocr_sha256"":""35bdb888b90548ab45741d53cd96e0b33c59b613d5b6fbe1b3e38edf549d0ac4""}]"
1905-0179025316a8,1905,Грингартенъ Людовикъ,,"[""1905-005""]","[""https://ivseliv.github.io/senat/lex/#/d/1905-005""]","[{""file"":""p0159_R.txt"",""ocr_sha256"":""35bdb888b90548ab45741d53cd96e0b33c59b613d5b6fbe1b3e38edf549d0ac4""}]"
1905-ac01707410d8,1905,Гроссъ Абрамъ,,"[""1905-087""]","[""https://ivseliv.github.io/senat/lex/#/d/1905-087""]","[{""file"":""p0159_R.txt"",""ocr_sha256"":""35bdb888b90548ab45741d53cd96e0b33c59b613d5b6fbe1b3e38edf549d0ac4""}]"
1905-b571564f4f57,1905,Гумели Иванъ,,"[""1905-057""]","[""https://ivseliv.github.io/senat/lex/#/d/1905-057""]","[{""file"":""p0159_R.txt"",""ocr_sha256"":""35bdb888b90548ab45741d53cd96e0b33c59b613d5b6fbe1b3e38edf549d0ac4""}]"
1905-1dc02a4e58fa,1905,Гурская Розалія,,"[""1905-066""]","[""https://ivseliv.github.io/senat/lex/#/d/1905-066""]","[{""file"":""p0160_L.txt"",""ocr_sha256"":""973195a8a7f2ddce31114eb4488a9e4b8ff0e3ae8417e0290d418212013136cf""}]"
1905-d314f6156f41,1905,Гутманъ Густавъ и др,,"[""1905-036""]","[""https://ivseliv.github.io/senat/lex/#/d/1905-036""]","[{""file"":""p0160_L.txt"",""ocr_sha256"":""973195a8a7f2ddce31114eb4488a9e4b8ff0e3ae8417e0290d418212013136cf""}]"
1905-883ed0d592d5,1905,Д. Наталія,,"[""1905-024""]","[""https://ivseliv.github.io/senat/lex/#/d/1905-024""]","[{""file"":""p0160_L.txt"",""ocr_sha256"":""973195a8a7f2ddce31114eb4488a9e4b8ff0e3ae8417e0290d418212013136cf""}]"
1905-f2392f9c6427,1905,Д. Пелагея,,"[""1905-080""]","[""https://ivseliv.github.io/senat/lex/#/d/1905-080""]","[{""file"":""p0160_L.txt"",""ocr_sha256"":""973195a8a7f2ddce31114eb4488a9e4b8ff0e3ae8417e0290d418212013136cf""}]"
1905-b15df79cfad6,1905,Даугуль Фридрихъ и Анна,,"[""1905-041""]","[""https://ivseliv.github.io/senat/lex/#/d/1905-041""]","[{""file"":""p0160_L.txt"",""ocr_sha256"":""973195a8a7f2ddce31114eb4488a9e4b8ff0e3ae8417e0290d418212013136cf""}]"
1905-9f4e988b35e8,1905,Демидова князя Санъ-Донато насл,,"[""1905-098""]","[""https://ivseliv.github.io/senat/lex/#/d/1905-098""]","[{""file"":""p0160_L.txt"",""ocr_sha256"":""973195a8a7f2ddce31114eb4488a9e4b8ff0e3ae8417e0290d418212013136cf""}]"
1905-842356bcab00,1905,Дмоховская Елизавета,,"[""1905-007""]","[""https://ivseliv.github.io/senat/lex/#/d/1905-007""]","[{""file"":""p0160_L.txt"",""ocr_sha256"":""973195a8a7f2ddce31114eb4488a9e4b8ff0e3ae8417e0290d418212013136cf""}]"
1905-5c9914e438db,1905,Донскаго войска областное правленіе,,"[""1905-013"",""1905-014""]","[""https://ivseliv.github.io/senat/lex/#/d/1905-013"",""https://ivseliv.github.io/senat/lex/#/d/1905-014""]","[{""file"":""p0160_L.txt"",""ocr_sha256"":""973195a8a7f2ddce31114eb4488a9e4b8ff0e3ae8417e0290d418212013136cf""}]"
1905-fec1697ceaf9,1905,Донское отдѣленіе крестьянск. позем. банка,,"[""1905-088""]","[""https://ivseliv.github.io/senat/lex/#/d/1905-088""]","[{""file"":""p0160_L.txt"",""ocr_sha256"":""973195a8a7f2ddce31114eb4488a9e4b8ff0e3ae8417e0290d418212013136cf""}]"
1905-82c13ebac969,1905,Духовской Василій,,"[""1905-047""]","[""https://ivseliv.github.io/senat/lex/#/d/1905-047""]","[{""file"":""p0160_L.txt"",""ocr_sha256"":""973195a8a7f2ddce31114eb4488a9e4b8ff0e3ae8417e0290d418212013136cf""}]"
1905-cbb9bee27e98,1905,Дьяковы Василій и Иванъ,,"[""1905-042""]","[""https://ivseliv.github.io/senat/lex/#/d/1905-042""]","[{""file"":""p0160_L.txt"",""ocr_sha256"":""973195a8a7f2ddce31114eb4488a9e4b8ff0e3ae8417e0290d418212013136cf""}]"
1905-61f4f15fa4d3,1905,Емельяновъ,,"[""1905-028""]","[""https://ivseliv.github.io/senat/lex/#/d/1905-028""]","[{""file"":""p0160_L.txt"",""ocr_sha256"":""973195a8a7f2ddce31114eb4488a9e4b8ff0e3ae8417e0290d418212013136cf""}]"
1905-e251660e2742,1905,„Еремѣева А. съ сыновьями“ торг. домъ,,"[""1905-044""]","[""https://ivseliv.github.io/senat/lex/#/d/1905-044""]","[{""file"":""p0160_L.txt"",""ocr_sha256"":""973195a8a7f2ddce31114eb4488a9e4b8ff0e3ae8417e0290d418212013136cf""}]"
1905-a16da28b1888,1905,Ерофеевъ Григорій,,"[""1905-079""]","[""https://ivseliv.github.io/senat/lex/#/d/1905-079""]","[{""file"":""p0160_L.txt"",""ocr_sha256"":""973195a8a7f2ddce31114eb4488a9e4b8ff0e3ae8417e0290d418212013136cf""}]"
1905-7f70689004f4,1905,Ефимовъ корнетъ (опека),,"[""1905-081""]","[""https://ivseliv.github.io/senat/lex/#/d/1905-081""]","[{""file"":""p0160_L.txt"",""ocr_sha256"":""973195a8a7f2ddce31114eb4488a9e4b8ff0e3ae8417e0290d418212013136cf""}]"
1905-d297234cf10e,1905,Жигаревъ Михаилъ и др,,"[""1905-072""]","[""https://ivseliv.github.io/senat/lex/#/d/1905-072""]","[{""file"":""p0160_L.txt"",""ocr_sha256"":""973195a8a7f2ddce31114eb4488a9e4b8ff0e3ae8417e0290d418212013136cf""}]"
1905-bbd81637ed0f,1905,Жилинскій Иванъ,,"[""1905-071""]","[""https://ivseliv.github.io/senat/lex/#/d/1905-071""]","[{""file"":""p0160_L.txt"",""ocr_sha256"":""973195a8a7f2ddce31114eb4488a9e4b8ff0e3ae8417e0290d418212013136cf""}]"
1905-c8c06f0ad570,1905,Жуковская Ѳекла,,"[""1905-032""]","[""https://ivseliv.github.io/senat/lex/#/d/1905-032""]","[{""file"":""p0160_L.txt"",""ocr_sha256"":""973195a8a7f2ddce31114eb4488a9e4b8ff0e3ae8417e0290d418212013136cf""}]"
1905-b282ee94ea79,1905,Варшавско-Вѣнская,Желѣзныя дороги,"[""1905-068""]","[""https://ivseliv.github.io/senat/lex/#/d/1905-068""]","[{""file"":""p0160_L.txt"",""ocr_sha256"":""973195a8a7f2ddce31114eb4488a9e4b8ff0e3ae8417e0290d418212013136cf""}]"
1905-dec452077f87,1905,Ивангородо-Домбровская,,"[""1905-031""]","[""https://ivseliv.github.io/senat/lex/#/d/1905-031""]","[{""file"":""p0160_L.txt"",""ocr_sha256"":""973195a8a7f2ddce31114eb4488a9e4b8ff0e3ae8417e0290d418212013136cf""}]"
1905-1519382b6ab9,1905,Либаво-Роменская,,"[""1905-018"",""1905-090""]","[""https://ivseliv.github.io/senat/lex/#/d/1905-018"",""https://ivseliv.github.io/senat/lex/#/d/1905-090""]","[{""file"":""p0160_L.txt"",""ocr_sha256"":""973195a8a7f2ddce31114eb4488a9e4b8ff0e3ae8417e0290d418212013136cf""}]"
1905-7988326c6ce4,1905,Московско-Виндаво-Рыбинская,,"[""1905-101""]","[""https://ivseliv.github.io/senat/lex/#/d/1905-101""]","[{""file"":""p0160_L.txt"",""ocr_sha256"":""973195a8a7f2ddce31114eb4488a9e4b8ff0e3ae8417e0290d418212013136cf""}]"
1905-d7a82b13272e,1905,Московско-Казанская,,"[""1905-019""]","[""https://ivseliv.github.io/senat/lex/#/d/1905-019""]","[{""file"":""p0160_L.txt"",""ocr_sha256"":""973195a8a7f2ddce31114eb4488a9e4b8ff0e3ae8417e0290d418212013136cf""}]"
1905-8b1ebf74473f,1905,Московско-Кіево-Воронежская,,"[""1905-020"",""1905-064""]","[""https://ivseliv.github.io/senat/lex/#/d/1905-020"",""https://ivseliv.github.io/senat/lex/#/d/1905-064""]","[{""file"":""p0160_L.txt"",""ocr_sha256"":""973195a8a7f2ddce31114eb4488a9e4b8ff0e3ae8417e0290d418212013136cf""}]"
1905-10c09b752268,1905,Привислинскія,,"[""1905-021""]","[""https://ivseliv.github.io/senat/lex/#/d/1905-021""]","[{""file"":""p0160_L.txt"",""ocr_sha256"":""973195a8a7f2ddce31114eb4488a9e4b8ff0e3ae8417e0290d418212013136cf""}]"
1905-27398df7e1b5,1905,Рязанско-Уральская,,"[""1905-017"",""1905-069""]","[""https://ivseliv.github.io/senat/lex/#/d/1905-017"",""https://ivseliv.github.io/senat/lex/#/d/1905-069""]","[{""file"":""p0160_L.txt"",""ocr_sha256"":""973195a8a7f2ddce31114eb4488a9e4b8ff0e3ae8417e0290d418212013136cf""}]"
1905-1194208812cc,1905,Управленіе казенн. желѣзныхъ дорогъ,,"[""1905-022"",""1905-031"",""1905-062"",""1905-071"",""1905-090""]","[""https://ivseliv.github.io/senat/lex/#/d/1905-022"",""https://ivseliv.github.io/senat/lex/#/d/1905-031"",""https://ivseliv.github.io/senat/lex/#/d/1905-062"",""https://ivseliv.github.io/senat/lex/#/d/1905-071"",""https://ivseliv.github.io/senat/lex/#/d/1905-090""]","[{""file"":""p0160_L.txt"",""ocr_sha256"":""973195a8a7f2ddce31114eb4488a9e4b8ff0e3ae8417e0290d418212013136cf""}]"
1905-e88ee21c015b,1905,Юго-Восточныя,,"[""1905-020""]","[""https://ivseliv.github.io/senat/lex/#/d/1905-020""]","[{""file"":""p0160_L.txt"",""ocr_sha256"":""973195a8a7f2ddce31114eb4488a9e4b8ff0e3ae8417e0290d418212013136cf""}]"
1905-1f9c0b368031,1905,"Завитаевъ Иванъ, конк. управл",,"[""1905-016""]","[""https://ivseliv.github.io/senat/lex/#/d/1905-016""]","[{""file"":""p0160_L.txt"",""ocr_sha256"":""973195a8a7f2ddce31114eb4488a9e4b8ff0e3ae8417e0290d418212013136cf""}]"
1905-44ed860c247a,1905,Задера Ольга,,"[""1905-058""]","[""https://ivseliv.github.io/senat/lex/#/d/1905-058""]","[{""file"":""p0160_L.txt"",""ocr_sha256"":""973195a8a7f2ddce31114eb4488a9e4b8ff0e3ae8417e0290d418212013136cf""}]"
1905-023d710e655d,1905,"Зайцевъ Иванъ, крестьян",,"[""1905-107""]","[""https://ivseliv.github.io/senat/lex/#/d/1905-107""]","[{""file"":""p0160_L.txt"",""ocr_sha256"":""973195a8a7f2ddce31114eb4488a9e4b8ff0e3ae8417e0290d418212013136cf""}]"
1905-1d7bb7d99fa6,1905,Залескій Болеславъ и пр,,"[""1905-096""]","[""https://ivseliv.github.io/senat/lex/#/d/1905-096""]","[{""file"":""p0160_L.txt"",""ocr_sha256"":""973195a8a7f2ddce31114eb4488a9e4b8ff0e3ae8417e0290d418212013136cf""}]"
1905-7e38e446c688,1905,Зарывновъ Алексѣй (насл.),,"[""1905-054""]","[""https://ivseliv.github.io/senat/lex/#/d/1905-054""]","[{""file"":""p0160_L.txt"",""ocr_sha256"":""973195a8a7f2ddce31114eb4488a9e4b8ff0e3ae8417e0290d418212013136cf""}]"
1905-e05a6bd68ab6,1905,Зеллинъ Фридрихъ,,"[""1905-003""]","[""https://ivseliv.github.io/senat/lex/#/d/1905-003""]","[{""file"":""p0160_L.txt"",""ocr_sha256"":""973195a8a7f2ddce31114eb4488a9e4b8ff0e3ae8417e0290d418212013136cf""}]"
1905-aa1d13ada791,1905,"Земляковъ Романъ, купецъ",,"[""1905-082""]","[""https://ivseliv.github.io/senat/lex/#/d/1905-082""]","[{""file"":""p0160_L.txt"",""ocr_sha256"":""973195a8a7f2ddce31114eb4488a9e4b8ff0e3ae8417e0290d418212013136cf""}]"
1905-2877ce7847a9,1905,Зильберманъ Элья,,"[""1905-064""]","[""https://ivseliv.github.io/senat/lex/#/d/1905-064""]","[{""file"":""p0160_L.txt"",""ocr_sha256"":""973195a8a7f2ddce31114eb4488a9e4b8ff0e3ae8417e0290d418212013136cf""}]"
1905-907971c5e310,1905,Ивангородо-Домбровская жел. дорога,,"[""1905-031""]","[""https://ivseliv.github.io/senat/lex/#/d/1905-031""]","[{""file"":""p0160_L.txt"",""ocr_sha256"":""973195a8a7f2ddce31114eb4488a9e4b8ff0e3ae8417e0290d418212013136cf""}]"
1905-dd323b89aeb6,1905,Иваненко Ольга,,"[""1905-076""]","[""https://ivseliv.github.io/senat/lex/#/d/1905-076""]","[{""file"":""p0160_L.txt"",""ocr_sha256"":""973195a8a7f2ddce31114eb4488a9e4b8ff0e3ae8417e0290d418212013136cf""}]"
1905-36fa00dea0ab,1905,Иванова Анна,,"[""1905-047""]","[""https://ivseliv.github.io/senat/lex/#/d/1905-047""]","[{""file"":""p0160_L.txt"",""ocr_sha256"":""973195a8a7f2ddce31114eb4488a9e4b8ff0e3ae8417e0290d418212013136cf""}]"
1905-735d618a39e4,1905,"Исаковъ Тимофей, купецъ",,"[""1905-044""]","[""https://ivseliv.github.io/senat/lex/#/d/1905-044""]","[{""file"":""p0160_L.txt"",""ocr_sha256"":""973195a8a7f2ddce31114eb4488a9e4b8ff0e3ae8417e0290d418212013136cf""}]"
1905-bcf615ec482a,1905,Ишановъ Мухръ-Али,,"[""1905-113""]","[""https://ivseliv.github.io/senat/lex/#/d/1905-113""]","[{""file"":""p0160_L.txt"",""ocr_sha256"":""973195a8a7f2ddce31114eb4488a9e4b8ff0e3ae8417e0290d418212013136cf""}]"
1905-2336cd26180b,1905,Амурская,Казенныя палаты,"[""1905-004""]","[""https://ivseliv.github.io/senat/lex/#/d/1905-004""]","[{""file"":""p0160_L.txt"",""ocr_sha256"":""973195a8a7f2ddce31114eb4488a9e4b8ff0e3ae8417e0290d418212013136cf""}]"
1905-25873abeb2d1,1905,Воронежская,,"[""1905-040""]","[""https://ivseliv.github.io/senat/lex/#/d/1905-040""]","[{""file"":""p0160_L.txt"",""ocr_sha256"":""973195a8a7f2ddce31114eb4488a9e4b8ff0e3ae8417e0290d418212013136cf""}]"
1905-d6efb2eb81f3,1905,Лифляндская,,"[""1905-074""]","[""https://ivseliv.github.io/senat/lex/#/d/1905-074""]","[{""file"":""p0160_L.txt"",""ocr_sha256"":""973195a8a7f2ddce31114eb4488a9e4b8ff0e3ae8417e0290d418212013136cf""}]"
1905-1592e45e9d69,1905,Московская,,"[""1905-025"",""1905-110""]","[""https://ivseliv.github.io/senat/lex/#/d/1905-025"",""https://ivseliv.github.io/senat/lex/#/d/1905-110""]","[{""file"":""p0160_L.txt"",""ocr_sha256"":""973195a8a7f2ddce31114eb4488a9e4b8ff0e3ae8417e0290d418212013136cf""}]"
1905-b7763bf69307,1905,Оренбургская,,"[""1905-054""]","[""https://ivseliv.github.io/senat/lex/#/d/1905-054""]","[{""file"":""p0160_L.txt"",""ocr_sha256"":""973195a8a7f2ddce31114eb4488a9e4b8ff0e3ae8417e0290d418212013136cf""}]"
1905-1008fc2f5740,1905,Петроковская,,"[""1905-003""]","[""https://ivseliv.github.io/senat/lex/#/d/1905-003""]","[{""file"":""p0160_L.txt"",""ocr_sha256"":""973195a8a7f2ddce31114eb4488a9e4b8ff0e3ae8417e0290d418212013136cf""}]"
1905-5bd70b6f1b78,1905,С.-Петербургская,,"[""1905-060""]","[""https://ivseliv.github.io/senat/lex/#/d/1905-060""]","[{""file"":""p0160_L.txt"",""ocr_sha256"":""973195a8a7f2ddce31114eb4488a9e4b8ff0e3ae8417e0290d418212013136cf""}]"
1905-deef628f4171,1905,Тифлисская,,"[""1905-027""]","[""https://ivseliv.github.io/senat/lex/#/d/1905-027""]","[{""file"":""p0160_L.txt"",""ocr_sha256"":""973195a8a7f2ddce31114eb4488a9e4b8ff0e3ae8417e0290d418212013136cf""}]"
1905-bc0bb9bb9f84,1905,К. Александръ,,"[""1905-114""]","[""https://ivseliv.github.io/senat/lex/#/d/1905-114""]","[{""file"":""p0160_L.txt"",""ocr_sha256"":""973195a8a7f2ddce31114eb4488a9e4b8ff0e3ae8417e0290d418212013136cf""}]"
1905-802ba16f86a5,1905,К. Любовь,,"[""1905-006""]","[""https://ivseliv.github.io/senat/lex/#/d/1905-006""]","[{""file"":""p0160_L.txt"",""ocr_sha256"":""973195a8a7f2ddce31114eb4488a9e4b8ff0e3ae8417e0290d418212013136cf""}]"
1905-539fe07f18d4,1905,Кайльсонъ Бернардъ,,"[""1905-032""]","[""https://ivseliv.github.io/senat/lex/#/d/1905-032""]","[{""file"":""p0160_L.txt"",""ocr_sha256"":""973195a8a7f2ddce31114eb4488a9e4b8ff0e3ae8417e0290d418212013136cf""}]"
1905-a1249710db40,1905,Караулова Марія,,"[""1905-053""]","[""https://ivseliv.github.io/senat/lex/#/d/1905-053""]","[{""file"":""p0160_L.txt"",""ocr_sha256"":""973195a8a7f2ddce31114eb4488a9e4b8ff0e3ae8417e0290d418212013136cf""}]"
1905-89e252f5df6f,1905,Кикабидзевы Бичій и др,,"[""1905-061""]","[""https://ivseliv.github.io/senat/lex/#/d/1905-061""]","[{""file"":""p0160_L.txt"",""ocr_sha256"":""973195a8a7f2ddce31114eb4488a9e4b8ff0e3ae8417e0290d418212013136cf""}]"
1905-fc752977744f,1905,„Кинчхи“ село,,"[""1905-061""]","[""https://ivseliv.github.io/senat/lex/#/d/1905-061""]","[{""file"":""p0160_L.txt"",""ocr_sha256"":""973195a8a7f2ddce31114eb4488a9e4b8ff0e3ae8417e0290d418212013136cf""}]"
1905-b0a87cbb55ee,1905,"Комовъ Павелъ, администр",,"[""1905-045""]","[""https://ivseliv.github.io/senat/lex/#/d/1905-045""]","[{""file"":""p0160_L.txt"",""ocr_sha256"":""973195a8a7f2ddce31114eb4488a9e4b8ff0e3ae8417e0290d418212013136cf""}]"
1905-c377f74a71c2,1905,Краснолуцкій Порфирій,,"[""1905-034""]","[""https://ivseliv.github.io/senat/lex/#/d/1905-034""]","[{""file"":""p0160_L.txt"",""ocr_sha256"":""973195a8a7f2ddce31114eb4488a9e4b8ff0e3ae8417e0290d418212013136cf""}]"
1905-e3fe24ebf9ad,1905,Крейшманъ Ильза,,"[""1905-036""]","[""https://ivseliv.github.io/senat/lex/#/d/1905-036""]","[{""file"":""p0160_L.txt"",""ocr_sha256"":""973195a8a7f2ddce31114eb4488a9e4b8ff0e3ae8417e0290d418212013136cf""}]"
1905-ed1693ec2647,1905,Крестьянскій позем. банкъ,,"[""1905-088""]","[""https://ivseliv.github.io/senat/lex/#/d/1905-088""]","[{""file"":""p0160_R.txt"",""ocr_sha256"":""a3d9220eb902e7df0b8181c6ca23c0525b5eeb577a38f2b4e0e52c80c20ab165""}]"
1905-cda7866d63c4,1905,Кротовъ Е. товарищ,,"[""1905-025""]","[""https://ivseliv.github.io/senat/lex/#/d/1905-025""]","[{""file"":""p0160_R.txt"",""ocr_sha256"":""a3d9220eb902e7df0b8181c6ca23c0525b5eeb577a38f2b4e0e52c80c20ab165""}]"
1905-7a72004d42aa,1905,"Крючковъ Петръ, крест",,"[""1905-019""]","[""https://ivseliv.github.io/senat/lex/#/d/1905-019""]","[{""file"":""p0160_R.txt"",""ocr_sha256"":""a3d9220eb902e7df0b8181c6ca23c0525b5eeb577a38f2b4e0e52c80c20ab165""}]"
1905-fb450ee51ba8,1905,Кульгачевъ Алексѣй,,"[""1905-013""]","[""https://ivseliv.github.io/senat/lex/#/d/1905-013""]","[{""file"":""p0160_R.txt"",""ocr_sha256"":""a3d9220eb902e7df0b8181c6ca23c0525b5eeb577a38f2b4e0e52c80c20ab165""}]"
1905-9b9377446517,1905,Кумбари Александръ (адм.),,"[""1905-100""]","[""https://ivseliv.github.io/senat/lex/#/d/1905-100""]","[{""file"":""p0160_R.txt"",""ocr_sha256"":""a3d9220eb902e7df0b8181c6ca23c0525b5eeb577a38f2b4e0e52c80c20ab165""}]"
1905-b36baf2954a2,1905,Курляндское губернское правленіе,,"[""1905-008""]","[""https://ivseliv.github.io/senat/lex/#/d/1905-008""]","[{""file"":""p0160_R.txt"",""ocr_sha256"":""a3d9220eb902e7df0b8181c6ca23c0525b5eeb577a38f2b4e0e52c80c20ab165""}]"
1905-81e303a30963,1905,Л. Александра,,"[""1905-024""]","[""https://ivseliv.github.io/senat/lex/#/d/1905-024""]","[{""file"":""p0160_R.txt"",""ocr_sha256"":""a3d9220eb902e7df0b8181c6ca23c0525b5eeb577a38f2b4e0e52c80c20ab165""}]"
1905-9bb639356a15,1905,Лахманъ Генрихъ,,"[""1905-003""]","[""https://ivseliv.github.io/senat/lex/#/d/1905-003""]","[{""file"":""p0160_R.txt"",""ocr_sha256"":""a3d9220eb902e7df0b8181c6ca23c0525b5eeb577a38f2b4e0e52c80c20ab165""}]"
1905-d9f257c7b390,1905,Левестамъ Аркадій,,"[""1905-012""]","[""https://ivseliv.github.io/senat/lex/#/d/1905-012""]","[{""file"":""p0160_R.txt"",""ocr_sha256"":""a3d9220eb902e7df0b8181c6ca23c0525b5eeb577a38f2b4e0e52c80c20ab165""}]"
1905-4978166edb83,1905,Леонидовъ Александръ,,"[""1905-029""]","[""https://ivseliv.github.io/senat/lex/#/d/1905-029""]","[{""file"":""p0160_R.txt"",""ocr_sha256"":""a3d9220eb902e7df0b8181c6ca23c0525b5eeb577a38f2b4e0e52c80c20ab165""}]"
1905-0aaf70cb2d68,1905,Леонтьевъ Иванъ,,"[""1905-083""]","[""https://ivseliv.github.io/senat/lex/#/d/1905-083""]","[{""file"":""p0160_R.txt"",""ocr_sha256"":""a3d9220eb902e7df0b8181c6ca23c0525b5eeb577a38f2b4e0e52c80c20ab165""}]"
1905-3495af07f80c,1905,Либаво-Роменская жел. дор,,"[""1905-018"",""1905-090""]","[""https://ivseliv.github.io/senat/lex/#/d/1905-018"",""https://ivseliv.github.io/senat/lex/#/d/1905-090""]","[{""file"":""p0160_R.txt"",""ocr_sha256"":""a3d9220eb902e7df0b8181c6ca23c0525b5eeb577a38f2b4e0e52c80c20ab165""}]"
1905-ed74f628ddf9,1905,Лифляндская каз. палата,,"[""1905-074""]","[""https://ivseliv.github.io/senat/lex/#/d/1905-074""]","[{""file"":""p0160_R.txt"",""ocr_sha256"":""a3d9220eb902e7df0b8181c6ca23c0525b5eeb577a38f2b4e0e52c80c20ab165""}]"
1905-55a68e2a691e,1905,Луарское крестьянское общ,,"[""1905-002""]","[""https://ivseliv.github.io/senat/lex/#/d/1905-002""]","[{""file"":""p0160_R.txt"",""ocr_sha256"":""a3d9220eb902e7df0b8181c6ca23c0525b5eeb577a38f2b4e0e52c80c20ab165""}]"
1905-f3c08db5d30f,1905,Лысенко Иванъ,,"[""1905-034""]","[""https://ivseliv.github.io/senat/lex/#/d/1905-034""]","[{""file"":""p0160_R.txt"",""ocr_sha256"":""a3d9220eb902e7df0b8181c6ca23c0525b5eeb577a38f2b4e0e52c80c20ab165""}]"
1905-48c6ed92b403,1905,Ляндау Людовикъ и др,,"[""1905-032""]","[""https://ivseliv.github.io/senat/lex/#/d/1905-032""]","[{""file"":""p0160_R.txt"",""ocr_sha256"":""a3d9220eb902e7df0b8181c6ca23c0525b5eeb577a38f2b4e0e52c80c20ab165""}]"
1905-22b0810f3bef,1905,"Мавромати Петръ, Павелъ",,"[""1905-092""]","[""https://ivseliv.github.io/senat/lex/#/d/1905-092""]","[{""file"":""p0160_R.txt"",""ocr_sha256"":""a3d9220eb902e7df0b8181c6ca23c0525b5eeb577a38f2b4e0e52c80c20ab165""}]"
1905-2ea3902d14ca,1905,Мальнеръ Фридрихъ,,"[""1905-086""]","[""https://ivseliv.github.io/senat/lex/#/d/1905-086""]","[{""file"":""p0160_R.txt"",""ocr_sha256"":""a3d9220eb902e7df0b8181c6ca23c0525b5eeb577a38f2b4e0e52c80c20ab165""}]"
1905-e93261031ee8,1905,Мантуровъ Федоръ,,"[""1905-081""]","[""https://ivseliv.github.io/senat/lex/#/d/1905-081""]","[{""file"":""p0160_R.txt"",""ocr_sha256"":""a3d9220eb902e7df0b8181c6ca23c0525b5eeb577a38f2b4e0e52c80c20ab165""}]"
1905-e4cac9bc1714,1905,Масловъ Николай,,"[""1905-050""]","[""https://ivseliv.github.io/senat/lex/#/d/1905-050""]","[{""file"":""p0160_R.txt"",""ocr_sha256"":""a3d9220eb902e7df0b8181c6ca23c0525b5eeb577a38f2b4e0e52c80c20ab165""}]"
1905-95ad5e0320fc,1905,Матушинскій Болеславъ,,"[""1905-043""]","[""https://ivseliv.github.io/senat/lex/#/d/1905-043""]","[{""file"":""p0160_R.txt"",""ocr_sha256"":""a3d9220eb902e7df0b8181c6ca23c0525b5eeb577a38f2b4e0e52c80c20ab165""}]"
1905-19d6c1443d4d,1905,"Махоньковы Марія, Федоръ",,"[""1905-083""]","[""https://ivseliv.github.io/senat/lex/#/d/1905-083""]","[{""file"":""p0160_R.txt"",""ocr_sha256"":""a3d9220eb902e7df0b8181c6ca23c0525b5eeb577a38f2b4e0e52c80c20ab165""}]"
1905-1e5231170319,1905,"„Миллеръ А. К. съ братьями"" торг. домъ",,"[""1905-046""]","[""https://ivseliv.github.io/senat/lex/#/d/1905-046""]","[{""file"":""p0160_R.txt"",""ocr_sha256"":""a3d9220eb902e7df0b8181c6ca23c0525b5eeb577a38f2b4e0e52c80c20ab165""}]"
1905-3943d4e292d7,1905,Миндель Юдель,,"[""1905-064""]","[""https://ivseliv.github.io/senat/lex/#/d/1905-064""]","[{""file"":""p0160_R.txt"",""ocr_sha256"":""a3d9220eb902e7df0b8181c6ca23c0525b5eeb577a38f2b4e0e52c80c20ab165""}]"
1905-9b1f83da2860,1905,Министерства: Внутреннихъ дѣлъ,,"[""1905-008""]","[""https://ivseliv.github.io/senat/lex/#/d/1905-008""]","[{""file"":""p0160_R.txt"",""ocr_sha256"":""a3d9220eb902e7df0b8181c6ca23c0525b5eeb577a38f2b4e0e52c80c20ab165""}]"
1905-37668b162ab8,1905,Земледѣлія и государственныхъ имущ,,"[""1905-005"",""1905-009"",""1905-051"",""1905-061"",""1905-109""]","[""https://ivseliv.github.io/senat/lex/#/d/1905-005"",""https://ivseliv.github.io/senat/lex/#/d/1905-009"",""https://ivseliv.github.io/senat/lex/#/d/1905-051"",""https://ivseliv.github.io/senat/lex/#/d/1905-061"",""https://ivseliv.github.io/senat/lex/#/d/1905-109""]","[{""file"":""p0160_R.txt"",""ocr_sha256"":""a3d9220eb902e7df0b8181c6ca23c0525b5eeb577a38f2b4e0e52c80c20ab165""}]"
1905-78f07fe59cda,1905,Мирзоевъ Минай (насл.),,"[""1905-027""]","[""https://ivseliv.github.io/senat/lex/#/d/1905-027""]","[{""file"":""p0160_R.txt"",""ocr_sha256"":""a3d9220eb902e7df0b8181c6ca23c0525b5eeb577a38f2b4e0e52c80c20ab165""}]"
1905-11b68772c8d7,1905,Можейко Христофоръ,,"[""1905-103""]","[""https://ivseliv.github.io/senat/lex/#/d/1905-103""]","[{""file"":""p0160_R.txt"",""ocr_sha256"":""a3d9220eb902e7df0b8181c6ca23c0525b5eeb577a38f2b4e0e52c80c20ab165""}]"
1905-a7c6d3cee5ab,1905,Молошникова Марія,,"[""1905-038""]","[""https://ivseliv.github.io/senat/lex/#/d/1905-038""]","[{""file"":""p0160_R.txt"",""ocr_sha256"":""a3d9220eb902e7df0b8181c6ca23c0525b5eeb577a38f2b4e0e52c80c20ab165""}]"
1905-783d5dc5829a,1905,Московская каз. палата,,"[""1905-025"",""1905-110""]","[""https://ivseliv.github.io/senat/lex/#/d/1905-025"",""https://ivseliv.github.io/senat/lex/#/d/1905-110""]","[{""file"":""p0160_R.txt"",""ocr_sha256"":""a3d9220eb902e7df0b8181c6ca23c0525b5eeb577a38f2b4e0e52c80c20ab165""}]"
1905-86d3cd1d56b4,1905,Московско-Виндаво-Рыбинская жел. дор,,"[""1905-101""]","[""https://ivseliv.github.io/senat/lex/#/d/1905-101""]","[{""file"":""p0160_R.txt"",""ocr_sha256"":""a3d9220eb902e7df0b8181c6ca23c0525b5eeb577a38f2b4e0e52c80c20ab165""}]"
1905-249c7397718b,1905,Московско-Казанская жел. дор,,"[""1905-019""]","[""https://ivseliv.github.io/senat/lex/#/d/1905-019""]","[{""file"":""p0160_R.txt"",""ocr_sha256"":""a3d9220eb902e7df0b8181c6ca23c0525b5eeb577a38f2b4e0e52c80c20ab165""}]"
1905-2ce51a219817,1905,Московско-Кіево-Воронежская жел. дор,,"[""1905-020"",""1905-064""]","[""https://ivseliv.github.io/senat/lex/#/d/1905-020"",""https://ivseliv.github.io/senat/lex/#/d/1905-064""]","[{""file"":""p0160_R.txt"",""ocr_sha256"":""a3d9220eb902e7df0b8181c6ca23c0525b5eeb577a38f2b4e0e52c80c20ab165""}]"
1905-e5d2d6a4d41e,1905,Московское городское кредитное общество,,"[""1905-104""]","[""https://ivseliv.github.io/senat/lex/#/d/1905-104""]","[{""file"":""p0160_R.txt"",""ocr_sha256"":""a3d9220eb902e7df0b8181c6ca23c0525b5eeb577a38f2b4e0e52c80c20ab165""}]"
1905-d69b192120d9,1905,Муровьянцъ Микиртычъ,,"[""1905-111""]","[""https://ivseliv.github.io/senat/lex/#/d/1905-111""]","[{""file"":""p0160_R.txt"",""ocr_sha256"":""a3d9220eb902e7df0b8181c6ca23c0525b5eeb577a38f2b4e0e52c80c20ab165""}]"
1905-7912c03c9cfe,1905,Навродскіе Владиміръ и др,,"[""1905-058""]","[""https://ivseliv.github.io/senat/lex/#/d/1905-058""]","[{""file"":""p0160_R.txt"",""ocr_sha256"":""a3d9220eb902e7df0b8181c6ca23c0525b5eeb577a38f2b4e0e52c80c20ab165""}]"
1905-5887414f84f6,1905,Нарбутъ Георгій,,"[""1905-030""]","[""https://ivseliv.github.io/senat/lex/#/d/1905-030""]","[{""file"":""p0160_R.txt"",""ocr_sha256"":""a3d9220eb902e7df0b8181c6ca23c0525b5eeb577a38f2b4e0e52c80c20ab165""}]"
1905-985398ee647f,1905,Наролевскіе Владиславъ и др,,"[""1905-091""]","[""https://ivseliv.github.io/senat/lex/#/d/1905-091""]","[{""file"":""p0160_R.txt"",""ocr_sha256"":""a3d9220eb902e7df0b8181c6ca23c0525b5eeb577a38f2b4e0e52c80c20ab165""}]"
1905-27ecb5b9943c,1905,Нестеренко Василій,,"[""1905-034""]","[""https://ivseliv.github.io/senat/lex/#/d/1905-034""]","[{""file"":""p0160_R.txt"",""ocr_sha256"":""a3d9220eb902e7df0b8181c6ca23c0525b5eeb577a38f2b4e0e52c80c20ab165""}]"
1905-16017f970e88,1905,Нестеровы Михаилъ и др,,"[""1905-111""]","[""https://ivseliv.github.io/senat/lex/#/d/1905-111""]","[{""file"":""p0160_R.txt"",""ocr_sha256"":""a3d9220eb902e7df0b8181c6ca23c0525b5eeb577a38f2b4e0e52c80c20ab165""}]"
1905-4fb56d5c94ed,1905,"„Нобель бр."" товарищество",,"[""1905-112""]","[""https://ivseliv.github.io/senat/lex/#/d/1905-112""]","[{""file"":""p0160_R.txt"",""ocr_sha256"":""a3d9220eb902e7df0b8181c6ca23c0525b5eeb577a38f2b4e0e52c80c20ab165""}]"
1905-44c5875a1295,1905,Новгородовъ Александръ,,"[""1905-010""]","[""https://ivseliv.github.io/senat/lex/#/d/1905-010""]","[{""file"":""p0160_R.txt"",""ocr_sha256"":""a3d9220eb902e7df0b8181c6ca23c0525b5eeb577a38f2b4e0e52c80c20ab165""}]"
1905-0100f2c414de,1905,Варшавское скаковое общ,Общества,"[""1905-033""]","[""https://ivseliv.github.io/senat/lex/#/d/1905-033""]","[{""file"":""p0160_R.txt"",""ocr_sha256"":""a3d9220eb902e7df0b8181c6ca23c0525b5eeb577a38f2b4e0e52c80c20ab165""}]"
1905-a1922a1d7520,1905,Московское городск. кредитное,,"[""1905-104""]","[""https://ivseliv.github.io/senat/lex/#/d/1905-104""]","[{""file"":""p0160_R.txt"",""ocr_sha256"":""a3d9220eb902e7df0b8181c6ca23c0525b5eeb577a38f2b4e0e52c80c20ab165""}]"
1905-373cc9b1bf5b,1905,"„Нобель бр."" товарищество",,"[""1905-112""]","[""https://ivseliv.github.io/senat/lex/#/d/1905-112""]","[{""file"":""p0160_R.txt"",""ocr_sha256"":""a3d9220eb902e7df0b8181c6ca23c0525b5eeb577a38f2b4e0e52c80c20ab165""}]"
1905-f83aa3dcab9a,1905,Россійское 2-ое страховое,,"[""1905-048""]","[""https://ivseliv.github.io/senat/lex/#/d/1905-048""]","[{""file"":""p0160_R.txt"",""ocr_sha256"":""a3d9220eb902e7df0b8181c6ca23c0525b5eeb577a38f2b4e0e52c80c20ab165""}]"
1905-0980a0502754,1905,Ростовское-на-Дону конно-жел. дор. общ,,"[""1905-028""]","[""https://ivseliv.github.io/senat/lex/#/d/1905-028""]","[{""file"":""p0160_R.txt"",""ocr_sha256"":""a3d9220eb902e7df0b8181c6ca23c0525b5eeb577a38f2b4e0e52c80c20ab165""}]"
1905-11e69a6545f4,1905,Русское общ. парох. и торг,,"[""1905-037""]","[""https://ivseliv.github.io/senat/lex/#/d/1905-037""]","[{""file"":""p0160_R.txt"",""ocr_sha256"":""a3d9220eb902e7df0b8181c6ca23c0525b5eeb577a38f2b4e0e52c80c20ab165""}]"
1905-7bf0bc0205e9,1905,"„Самолетъ"" пароходное общ",,"[""1905-017""]","[""https://ivseliv.github.io/senat/lex/#/d/1905-017""]","[{""file"":""p0160_R.txt"",""ocr_sha256"":""a3d9220eb902e7df0b8181c6ca23c0525b5eeb577a38f2b4e0e52c80c20ab165""}]"
1905-b6af280a12b3,1905,С.-Петербургское общ. лоцмановъ,,"[""1905-037""]","[""https://ivseliv.github.io/senat/lex/#/d/1905-037""]","[{""file"":""p0160_R.txt"",""ocr_sha256"":""a3d9220eb902e7df0b8181c6ca23c0525b5eeb577a38f2b4e0e52c80c20ab165""}]"
1905-7e7dcda29627,1905,С.-Петербургское общ. страхованій,,"[""1905-049"",""1905-055""]","[""https://ivseliv.github.io/senat/lex/#/d/1905-049"",""https://ivseliv.github.io/senat/lex/#/d/1905-055""]","[{""file"":""p0160_R.txt"",""ocr_sha256"":""a3d9220eb902e7df0b8181c6ca23c0525b5eeb577a38f2b4e0e52c80c20ab165""}]"
1905-5b52f9e3a442,1905,"„Урбэнъ"" общ. страхованія жизни",,"[""1905-023""]","[""https://ivseliv.github.io/senat/lex/#/d/1905-023""]","[{""file"":""p0160_R.txt"",""ocr_sha256"":""a3d9220eb902e7df0b8181c6ca23c0525b5eeb577a38f2b4e0e52c80c20ab165""}]"
1905-cfbb0574cdbd,1905,Верхне-Салдинское кр. общ,Крестьянск. общ.,"[""1905-098""]","[""https://ivseliv.github.io/senat/lex/#/d/1905-098""]","[{""file"":""p0160_R.txt"",""ocr_sha256"":""a3d9220eb902e7df0b8181c6ca23c0525b5eeb577a38f2b4e0e52c80c20ab165""}]"
1905-439c350a2667,1905,Луарское,,"[""1905-002""]","[""https://ivseliv.github.io/senat/lex/#/d/1905-002""]","[{""file"":""p0160_R.txt"",""ocr_sha256"":""a3d9220eb902e7df0b8181c6ca23c0525b5eeb577a38f2b4e0e52c80c20ab165""}]"
1905-fc1782bc4e67,1905,Полотняно-заводское первое,,"[""1905-067""]","[""https://ivseliv.github.io/senat/lex/#/d/1905-067""]","[{""file"":""p0160_R.txt"",""ocr_sha256"":""a3d9220eb902e7df0b8181c6ca23c0525b5eeb577a38f2b4e0e52c80c20ab165""}]"
1905-b42aeafe90af,1905,Ситовское,,"[""1905-026""]","[""https://ivseliv.github.io/senat/lex/#/d/1905-026""]","[{""file"":""p0160_R.txt"",""ocr_sha256"":""a3d9220eb902e7df0b8181c6ca23c0525b5eeb577a38f2b4e0e52c80c20ab165""}]"
1905-d6a2a4585395,1905,Холстинское,,"[""1905-002""]","[""https://ivseliv.github.io/senat/lex/#/d/1905-002""]","[{""file"":""p0160_R.txt"",""ocr_sha256"":""a3d9220eb902e7df0b8181c6ca23c0525b5eeb577a38f2b4e0e52c80c20ab165""}]"
1905-e41a0041130a,1905,Эйзекюльское,,"[""1905-099""]","[""https://ivseliv.github.io/senat/lex/#/d/1905-099""]","[{""file"":""p0160_R.txt"",""ocr_sha256"":""a3d9220eb902e7df0b8181c6ca23c0525b5eeb577a38f2b4e0e52c80c20ab165""}]"
1905-fc92d8e85366,1905,Огарева Елизавета (несост.),,"[""1905-042""]","[""https://ivseliv.github.io/senat/lex/#/d/1905-042""]","[{""file"":""p0160_R.txt"",""ocr_sha256"":""a3d9220eb902e7df0b8181c6ca23c0525b5eeb577a38f2b4e0e52c80c20ab165""}]"
1905-c781e61e7445,1905,"Одинцовъ Николай, корнетъ",,"[""1905-105""]","[""https://ivseliv.github.io/senat/lex/#/d/1905-105""]","[{""file"":""p0161_L.txt"",""ocr_sha256"":""5d6e5246b1d74749aeb3042ee3763474aeaf4dbdc9dc2af9654c90eb14fe65b5""}]"
1905-7d01ab52ea78,1905,Оношко Гавріилъ,,"[""1905-035""]","[""https://ivseliv.github.io/senat/lex/#/d/1905-035""]","[{""file"":""p0161_L.txt"",""ocr_sha256"":""5d6e5246b1d74749aeb3042ee3763474aeaf4dbdc9dc2af9654c90eb14fe65b5""}]"
1905-aaddb8c344b3,1905,Оренбургская каз. палата,,"[""1905-054""]","[""https://ivseliv.github.io/senat/lex/#/d/1905-054""]","[{""file"":""p0161_L.txt"",""ocr_sha256"":""5d6e5246b1d74749aeb3042ee3763474aeaf4dbdc9dc2af9654c90eb14fe65b5""}]"
1905-d9dd2daf361c,1905,Орлинскій Константинъ,,"[""1905-007""]","[""https://ivseliv.github.io/senat/lex/#/d/1905-007""]","[{""file"":""p0161_L.txt"",""ocr_sha256"":""5d6e5246b1d74749aeb3042ee3763474aeaf4dbdc9dc2af9654c90eb14fe65b5""}]"
1905-4e3b9fc5e97d,1905,П. Александръ,,"[""1905-006""]","[""https://ivseliv.github.io/senat/lex/#/d/1905-006""]","[{""file"":""p0161_L.txt"",""ocr_sha256"":""5d6e5246b1d74749aeb3042ee3763474aeaf4dbdc9dc2af9654c90eb14fe65b5""}]"
1905-c79c43897798,1905,Павловскаго посада общественный банкъ,,"[""1905-072""]","[""https://ivseliv.github.io/senat/lex/#/d/1905-072""]","[{""file"":""p0161_L.txt"",""ocr_sha256"":""5d6e5246b1d74749aeb3042ee3763474aeaf4dbdc9dc2af9654c90eb14fe65b5""}]"
1905-214f05ef2dca,1905,Павловскіе Люціанъ и Владиславъ,,"[""1905-043""]","[""https://ivseliv.github.io/senat/lex/#/d/1905-043""]","[{""file"":""p0161_L.txt"",""ocr_sha256"":""5d6e5246b1d74749aeb3042ee3763474aeaf4dbdc9dc2af9654c90eb14fe65b5""}]"
1905-304af0513417,1905,"Паленъ Сергѣй, графъ",,"[""1905-073""]","[""https://ivseliv.github.io/senat/lex/#/d/1905-073""]","[{""file"":""p0161_L.txt"",""ocr_sha256"":""5d6e5246b1d74749aeb3042ee3763474aeaf4dbdc9dc2af9654c90eb14fe65b5""}]"
1905-e4ed119c6a4a,1905,Палка Антонъ,,"[""1905-077""]","[""https://ivseliv.github.io/senat/lex/#/d/1905-077""]","[{""file"":""p0161_L.txt"",""ocr_sha256"":""5d6e5246b1d74749aeb3042ee3763474aeaf4dbdc9dc2af9654c90eb14fe65b5""}]"
1905-b8276eeafc94,1905,"Пелипенко Иванъ, купецъ",,"[""1905-039""]","[""https://ivseliv.github.io/senat/lex/#/d/1905-039""]","[{""file"":""p0161_L.txt"",""ocr_sha256"":""5d6e5246b1d74749aeb3042ee3763474aeaf4dbdc9dc2af9654c90eb14fe65b5""}]"
1905-252e5c947f40,1905,Пензенскій городской общественный банкъ,,"[""1905-079""]","[""https://ivseliv.github.io/senat/lex/#/d/1905-079""]","[{""file"":""p0161_L.txt"",""ocr_sha256"":""5d6e5246b1d74749aeb3042ee3763474aeaf4dbdc9dc2af9654c90eb14fe65b5""}]"
1905-dcbb096f1c48,1905,Петроковская каз. палата,,"[""1905-003""]","[""https://ivseliv.github.io/senat/lex/#/d/1905-003""]","[{""file"":""p0161_L.txt"",""ocr_sha256"":""5d6e5246b1d74749aeb3042ee3763474aeaf4dbdc9dc2af9654c90eb14fe65b5""}]"
1905-e81e16151a36,1905,Петрухненко Алексѣй,,"[""1905-034""]","[""https://ivseliv.github.io/senat/lex/#/d/1905-034""]","[{""file"":""p0161_L.txt"",""ocr_sha256"":""5d6e5246b1d74749aeb3042ee3763474aeaf4dbdc9dc2af9654c90eb14fe65b5""}]"
1905-4d02017b9b7a,1905,Петрушевскій Владиміръ-Игнатій,,"[""1905-001""]","[""https://ivseliv.github.io/senat/lex/#/d/1905-001""]","[{""file"":""p0161_L.txt"",""ocr_sha256"":""5d6e5246b1d74749aeb3042ee3763474aeaf4dbdc9dc2af9654c90eb14fe65b5""}]"
1905-277b7399db15,1905,Пикульскіе Пелагея и Іосифъ,,"[""1905-091""]","[""https://ivseliv.github.io/senat/lex/#/d/1905-091""]","[{""file"":""p0161_L.txt"",""ocr_sha256"":""5d6e5246b1d74749aeb3042ee3763474aeaf4dbdc9dc2af9654c90eb14fe65b5""}]"
1905-e646f5aa1fb7,1905,"Пименовъ Петръ, ген.-маіоръ",,"[""1905-012""]","[""https://ivseliv.github.io/senat/lex/#/d/1905-012""]","[{""file"":""p0161_L.txt"",""ocr_sha256"":""5d6e5246b1d74749aeb3042ee3763474aeaf4dbdc9dc2af9654c90eb14fe65b5""}]"
1905-1d814a32b0d0,1905,Подсыпанинъ Николай,,"[""1905-082""]","[""https://ivseliv.github.io/senat/lex/#/d/1905-082""]","[{""file"":""p0161_L.txt"",""ocr_sha256"":""5d6e5246b1d74749aeb3042ee3763474aeaf4dbdc9dc2af9654c90eb14fe65b5""}]"
1905-4fc65f40ffc4,1905,Половинкинъ Иванъ,,"[""1905-067""]","[""https://ivseliv.github.io/senat/lex/#/d/1905-067""]","[{""file"":""p0161_L.txt"",""ocr_sha256"":""5d6e5246b1d74749aeb3042ee3763474aeaf4dbdc9dc2af9654c90eb14fe65b5""}]"
1905-39e6ddd85bea,1905,Полотняно-заводское первое сельское общество,,"[""1905-067""]","[""https://ivseliv.github.io/senat/lex/#/d/1905-067""]","[{""file"":""p0161_L.txt"",""ocr_sha256"":""5d6e5246b1d74749aeb3042ee3763474aeaf4dbdc9dc2af9654c90eb14fe65b5""}]"
1905-ca241505cc59,1905,Полтавское губернское земство,,"[""1905-094""]","[""https://ivseliv.github.io/senat/lex/#/d/1905-094""]","[{""file"":""p0161_L.txt"",""ocr_sha256"":""5d6e5246b1d74749aeb3042ee3763474aeaf4dbdc9dc2af9654c90eb14fe65b5""}]"
1905-a2ef0c957ac0,1905,Поповъ Василій,,"[""1905-048""]","[""https://ivseliv.github.io/senat/lex/#/d/1905-048""]","[{""file"":""p0161_L.txt"",""ocr_sha256"":""5d6e5246b1d74749aeb3042ee3763474aeaf4dbdc9dc2af9654c90eb14fe65b5""}]"
1905-a79f2fab2525,1905,Попоны Петръ и др,,"[""1905-058""]","[""https://ivseliv.github.io/senat/lex/#/d/1905-058""]","[{""file"":""p0161_L.txt"",""ocr_sha256"":""5d6e5246b1d74749aeb3042ee3763474aeaf4dbdc9dc2af9654c90eb14fe65b5""}]"
1905-7e73c6278569,1905,Привислинскія жел. дор,,"[""1905-021""]","[""https://ivseliv.github.io/senat/lex/#/d/1905-021""]","[{""file"":""p0161_L.txt"",""ocr_sha256"":""5d6e5246b1d74749aeb3042ee3763474aeaf4dbdc9dc2af9654c90eb14fe65b5""}]"
1905-ebce71200ddf,1905,"Протопоповъ Иванъ, крест",,"[""1905-107""]","[""https://ivseliv.github.io/senat/lex/#/d/1905-107""]","[{""file"":""p0161_L.txt"",""ocr_sha256"":""5d6e5246b1d74749aeb3042ee3763474aeaf4dbdc9dc2af9654c90eb14fe65b5""}]"
1905-8160b0afffac,1905,Рижскій городской учетный банкъ,,"[""1905-015""]","[""https://ivseliv.github.io/senat/lex/#/d/1905-015""]","[{""file"":""p0161_L.txt"",""ocr_sha256"":""5d6e5246b1d74749aeb3042ee3763474aeaf4dbdc9dc2af9654c90eb14fe65b5""}]"
1905-3d5cd105a47f,1905,Рижскихъ латышскихъ ремесленниковъ ссудо-сберегат. касса,,"[""1905-106""]","[""https://ivseliv.github.io/senat/lex/#/d/1905-106""]","[{""file"":""p0161_L.txt"",""ocr_sha256"":""5d6e5246b1d74749aeb3042ee3763474aeaf4dbdc9dc2af9654c90eb14fe65b5""}]"
1905-791ae68759fb,1905,Рихмъ Куста,,"[""1905-084""]","[""https://ivseliv.github.io/senat/lex/#/d/1905-084""]","[{""file"":""p0161_L.txt"",""ocr_sha256"":""5d6e5246b1d74749aeb3042ee3763474aeaf4dbdc9dc2af9654c90eb14fe65b5""}]"
1905-381b57d3b6c8,1905,Розенъ и К-о товарищество,,"[""1905-022""]","[""https://ivseliv.github.io/senat/lex/#/d/1905-022""]","[{""file"":""p0161_L.txt"",""ocr_sha256"":""5d6e5246b1d74749aeb3042ee3763474aeaf4dbdc9dc2af9654c90eb14fe65b5""}]"
1905-67c84888c08d,1905,Россійское 2-ое страховое общ,,"[""1905-048""]","[""https://ivseliv.github.io/senat/lex/#/d/1905-048""]","[{""file"":""p0161_L.txt"",""ocr_sha256"":""5d6e5246b1d74749aeb3042ee3763474aeaf4dbdc9dc2af9654c90eb14fe65b5""}]"
1905-2d192a5df311,1905,Ростовское-на-Дону конно-жел. дор. общ,,"[""1905-028""]","[""https://ivseliv.github.io/senat/lex/#/d/1905-028""]","[{""file"":""p0161_L.txt"",""ocr_sha256"":""5d6e5246b1d74749aeb3042ee3763474aeaf4dbdc9dc2af9654c90eb14fe65b5""}]"
1905-766e43ff124f,1905,"Ростовъ-на-Дону, городъ",,"[""1905-029"",""1905-039""]","[""https://ivseliv.github.io/senat/lex/#/d/1905-029"",""https://ivseliv.github.io/senat/lex/#/d/1905-039""]","[{""file"":""p0161_L.txt"",""ocr_sha256"":""5d6e5246b1d74749aeb3042ee3763474aeaf4dbdc9dc2af9654c90eb14fe65b5""}]"
1905-e4e22b0388a2,1905,Ротенбергъ Ицыкъ,,"[""1905-005""]","[""https://ivseliv.github.io/senat/lex/#/d/1905-005""]","[{""file"":""p0161_L.txt"",""ocr_sha256"":""5d6e5246b1d74749aeb3042ee3763474aeaf4dbdc9dc2af9654c90eb14fe65b5""}]"
1905-9cb6be5d5978,1905,Рузевичъ Леонъ,,"[""1905-089""]","[""https://ivseliv.github.io/senat/lex/#/d/1905-089""]","[{""file"":""p0161_L.txt"",""ocr_sha256"":""5d6e5246b1d74749aeb3042ee3763474aeaf4dbdc9dc2af9654c90eb14fe65b5""}]"
1905-92b68a94767e,1905,Русскій для внѣшней торговли банкъ,,"[""1905-063""]","[""https://ivseliv.github.io/senat/lex/#/d/1905-063""]","[{""file"":""p0161_L.txt"",""ocr_sha256"":""5d6e5246b1d74749aeb3042ee3763474aeaf4dbdc9dc2af9654c90eb14fe65b5""}]"
1905-f75c3b4f27b7,1905,Русское общ. пароход. и торг,,"[""1905-037""]","[""https://ivseliv.github.io/senat/lex/#/d/1905-037""]","[{""file"":""p0161_L.txt"",""ocr_sha256"":""5d6e5246b1d74749aeb3042ee3763474aeaf4dbdc9dc2af9654c90eb14fe65b5""}]"
1905-043d4d36d89c,1905,Рынкевичъ Антонъ,,"[""1905-078""]","[""https://ivseliv.github.io/senat/lex/#/d/1905-078""]","[{""file"":""p0161_L.txt"",""ocr_sha256"":""5d6e5246b1d74749aeb3042ee3763474aeaf4dbdc9dc2af9654c90eb14fe65b5""}]"
1905-f50bd58b7046,1905,Рѣзвякова Анна (администр.),,"[""1905-056""]","[""https://ivseliv.github.io/senat/lex/#/d/1905-056""]","[{""file"":""p0161_L.txt"",""ocr_sha256"":""5d6e5246b1d74749aeb3042ee3763474aeaf4dbdc9dc2af9654c90eb14fe65b5""}]"
1905-50bee0e0ef8f,1905,"Рѣзникъ Лейба, купецъ",,"[""1905-092""]","[""https://ivseliv.github.io/senat/lex/#/d/1905-092""]","[{""file"":""p0161_L.txt"",""ocr_sha256"":""5d6e5246b1d74749aeb3042ee3763474aeaf4dbdc9dc2af9654c90eb14fe65b5""}]"
1905-b8f4ecfcf72c,1905,Рязанско-Уральская жел. дор,,"[""1905-017"",""1905-069""]","[""https://ivseliv.github.io/senat/lex/#/d/1905-017"",""https://ivseliv.github.io/senat/lex/#/d/1905-069""]","[{""file"":""p0161_L.txt"",""ocr_sha256"":""5d6e5246b1d74749aeb3042ee3763474aeaf4dbdc9dc2af9654c90eb14fe65b5""}]"
1905-5b6c63a251a3,1905,Самборскій Генрихъ,,"[""1905-030""]","[""https://ivseliv.github.io/senat/lex/#/d/1905-030""]","[{""file"":""p0161_L.txt"",""ocr_sha256"":""5d6e5246b1d74749aeb3042ee3763474aeaf4dbdc9dc2af9654c90eb14fe65b5""}]"
1905-cc2d855baa23,1905,„Самолетъ“ пароходное общ,,"[""1905-017""]","[""https://ivseliv.github.io/senat/lex/#/d/1905-017""]","[{""file"":""p0161_L.txt"",""ocr_sha256"":""5d6e5246b1d74749aeb3042ee3763474aeaf4dbdc9dc2af9654c90eb14fe65b5""}]"
1905-481594e3f291,1905,Сапожниковъ Иванъ,,"[""1905-053""]","[""https://ivseliv.github.io/senat/lex/#/d/1905-053""]","[{""file"":""p0161_L.txt"",""ocr_sha256"":""5d6e5246b1d74749aeb3042ee3763474aeaf4dbdc9dc2af9654c90eb14fe65b5""}]"
1905-b7bc7f795ded,1905,Сергѣевъ Иванъ,,"[""1905-049"",""1905-055""]","[""https://ivseliv.github.io/senat/lex/#/d/1905-049"",""https://ivseliv.github.io/senat/lex/#/d/1905-055""]","[{""file"":""p0161_L.txt"",""ocr_sha256"":""5d6e5246b1d74749aeb3042ee3763474aeaf4dbdc9dc2af9654c90eb14fe65b5""}]"
1905-89bb6bc49cb6,1905,Сиркель Реета,,"[""1905-099""]","[""https://ivseliv.github.io/senat/lex/#/d/1905-099""]","[{""file"":""p0161_L.txt"",""ocr_sha256"":""5d6e5246b1d74749aeb3042ee3763474aeaf4dbdc9dc2af9654c90eb14fe65b5""}]"
1905-79c32a094238,1905,Ситовское крест. общ,,"[""1905-026""]","[""https://ivseliv.github.io/senat/lex/#/d/1905-026""]","[{""file"":""p0161_L.txt"",""ocr_sha256"":""5d6e5246b1d74749aeb3042ee3763474aeaf4dbdc9dc2af9654c90eb14fe65b5""}]"
1905-c7fe8671bb8d,1905,Слинко Андрей,,"[""1905-076""]","[""https://ivseliv.github.io/senat/lex/#/d/1905-076""]","[{""file"":""p0161_L.txt"",""ocr_sha256"":""5d6e5246b1d74749aeb3042ee3763474aeaf4dbdc9dc2af9654c90eb14fe65b5""}]"
1905-6054617d9979,1905,Смитъ Сара,,"[""1905-004""]","[""https://ivseliv.github.io/senat/lex/#/d/1905-004""]","[{""file"":""p0161_L.txt"",""ocr_sha256"":""5d6e5246b1d74749aeb3042ee3763474aeaf4dbdc9dc2af9654c90eb14fe65b5""}]"
1905-389287152174,1905,Соккъ Янъ,,"[""1905-084""]","[""https://ivseliv.github.io/senat/lex/#/d/1905-084""]","[{""file"":""p0161_L.txt"",""ocr_sha256"":""5d6e5246b1d74749aeb3042ee3763474aeaf4dbdc9dc2af9654c90eb14fe65b5""}]"
1905-04a39844e078,1905,Соколевичъ Іосифъ,,"[""1905-091""]","[""https://ivseliv.github.io/senat/lex/#/d/1905-091""]","[{""file"":""p0161_L.txt"",""ocr_sha256"":""5d6e5246b1d74749aeb3042ee3763474aeaf4dbdc9dc2af9654c90eb14fe65b5""}]"
1905-bef70f062e3d,1905,С.-Петербургская каз. палата,,"[""1905-060""]","[""https://ivseliv.github.io/senat/lex/#/d/1905-060""]","[{""file"":""p0161_L.txt"",""ocr_sha256"":""5d6e5246b1d74749aeb3042ee3763474aeaf4dbdc9dc2af9654c90eb14fe65b5""}]"
1905-156596843e9e,1905,С.-Петербургское общ. страхованій,,"[""1905-049"",""1905-055""]","[""https://ivseliv.github.io/senat/lex/#/d/1905-049"",""https://ivseliv.github.io/senat/lex/#/d/1905-055""]","[{""file"":""p0161_L.txt"",""ocr_sha256"":""5d6e5246b1d74749aeb3042ee3763474aeaf4dbdc9dc2af9654c90eb14fe65b5""}]"
1905-95631c41382c,1905,С.-Петербургское общество лоцмановъ,,"[""1905-037""]","[""https://ivseliv.github.io/senat/lex/#/d/1905-037""]","[{""file"":""p0161_L.txt"",""ocr_sha256"":""5d6e5246b1d74749aeb3042ee3763474aeaf4dbdc9dc2af9654c90eb14fe65b5""}]"
1905-2b92601e111f,1905,Сулимерскій Конрадъ,,"[""1905-043""]","[""https://ivseliv.github.io/senat/lex/#/d/1905-043""]","[{""file"":""p0161_L.txt"",""ocr_sha256"":""5d6e5246b1d74749aeb3042ee3763474aeaf4dbdc9dc2af9654c90eb14fe65b5""}]"
1905-059d85d77239,1905,"Сырокомскій Карлъ, двор",,"[""1905-105""]","[""https://ivseliv.github.io/senat/lex/#/d/1905-105""]","[{""file"":""p0161_L.txt"",""ocr_sha256"":""5d6e5246b1d74749aeb3042ee3763474aeaf4dbdc9dc2af9654c90eb14fe65b5""}]"
1905-0c8b3c3da22d,1905,"Таубманъ Янкель, купецъ",,"[""1905-015""]","[""https://ivseliv.github.io/senat/lex/#/d/1905-015""]","[{""file"":""p0161_L.txt"",""ocr_sha256"":""5d6e5246b1d74749aeb3042ee3763474aeaf4dbdc9dc2af9654c90eb14fe65b5""}]"
1905-d28a2c90a69a,1905,Тиньковъ Сергѣй,,"[""1905-050""]","[""https://ivseliv.github.io/senat/lex/#/d/1905-050""]","[{""file"":""p0161_L.txt"",""ocr_sha256"":""5d6e5246b1d74749aeb3042ee3763474aeaf4dbdc9dc2af9654c90eb14fe65b5""}]"
1905-51e4ef9fcf85,1905,Тираспольская римско-кат. дух. консист,,"[""1905-035""]","[""https://ivseliv.github.io/senat/lex/#/d/1905-035""]","[{""file"":""p0161_L.txt"",""ocr_sha256"":""5d6e5246b1d74749aeb3042ee3763474aeaf4dbdc9dc2af9654c90eb14fe65b5""}]"
1905-b563832740f7,1905,Титова Софія (завѣщ.),,"[""1905-040""]","[""https://ivseliv.github.io/senat/lex/#/d/1905-040""]","[{""file"":""p0161_L.txt"",""ocr_sha256"":""5d6e5246b1d74749aeb3042ee3763474aeaf4dbdc9dc2af9654c90eb14fe65b5""}]"
1905-0152a1c7aaba,1905,Тифлисская казенная палата,,"[""1905-027""]","[""https://ivseliv.github.io/senat/lex/#/d/1905-027""]","[{""file"":""p0161_L.txt"",""ocr_sha256"":""5d6e5246b1d74749aeb3042ee3763474aeaf4dbdc9dc2af9654c90eb14fe65b5""}]"
1905-c7d840222d94,1905,Толстиковъ Константинъ,,"[""1905-050""]","[""https://ivseliv.github.io/senat/lex/#/d/1905-050""]","[{""file"":""p0161_L.txt"",""ocr_sha256"":""5d6e5246b1d74749aeb3042ee3763474aeaf4dbdc9dc2af9654c90eb14fe65b5""}]"
1905-d3adcacc8d33,1905,"Трифсикъ Израиль, мѣщ",,"[""1905-051""]","[""https://ivseliv.github.io/senat/lex/#/d/1905-051""]","[{""file"":""p0161_L.txt"",""ocr_sha256"":""5d6e5246b1d74749aeb3042ee3763474aeaf4dbdc9dc2af9654c90eb14fe65b5""}]"
1905-ecb6ab75d582,1905,Троецкій Невахъ,,"[""1905-068""]","[""https://ivseliv.github.io/senat/lex/#/d/1905-068""]","[{""file"":""p0161_L.txt"",""ocr_sha256"":""5d6e5246b1d74749aeb3042ee3763474aeaf4dbdc9dc2af9654c90eb14fe65b5""}]"
1905-d98bf1aa3c7f,1905,„Турчу“ дача,,"[""1905-061""]","[""https://ivseliv.github.io/senat/lex/#/d/1905-061""]","[{""file"":""p0161_L.txt"",""ocr_sha256"":""5d6e5246b1d74749aeb3042ee3763474aeaf4dbdc9dc2af9654c90eb14fe65b5""}]"
1905-31ea08e89046,1905,Тымчукъ Лаврентій,,"[""1905-102""]","[""https://ivseliv.github.io/senat/lex/#/d/1905-102""]","[{""file"":""p0161_L.txt"",""ocr_sha256"":""5d6e5246b1d74749aeb3042ee3763474aeaf4dbdc9dc2af9654c90eb14fe65b5""}]"
1905-24c74d44b8df,1905,"Тышкевичъ Марія, граф",,"[""1905-097""]","[""https://ivseliv.github.io/senat/lex/#/d/1905-097""]","[{""file"":""p0161_L.txt"",""ocr_sha256"":""5d6e5246b1d74749aeb3042ee3763474aeaf4dbdc9dc2af9654c90eb14fe65b5""}]"
1905-d28d21a04bb8,1905,Упмалъ Тенисъ,,"[""1905-074""]","[""https://ivseliv.github.io/senat/lex/#/d/1905-074""]","[{""file"":""p0161_L.txt"",""ocr_sha256"":""5d6e5246b1d74749aeb3042ee3763474aeaf4dbdc9dc2af9654c90eb14fe65b5""}]"
1905-980cf0d792d0,1905,Управленіе казенныхъ жел. дор,,"[""1905-022"",""1905-031"",""1905-062"",""1905-071"",""1905-090""]","[""https://ivseliv.github.io/senat/lex/#/d/1905-022"",""https://ivseliv.github.io/senat/lex/#/d/1905-031"",""https://ivseliv.github.io/senat/lex/#/d/1905-062"",""https://ivseliv.github.io/senat/lex/#/d/1905-071"",""https://ivseliv.github.io/senat/lex/#/d/1905-090""]","[{""file"":""p0161_R.txt"",""ocr_sha256"":""f3bd80fcd984610445770d91ea24bc8e5874f176e9ae3a9b53ab73ee613cf10e""}]"
1905-588fc586fa60,1905,Радомской и др. губ,,"[""1905-005"",""1905-009""]","[""https://ivseliv.github.io/senat/lex/#/d/1905-005"",""https://ivseliv.github.io/senat/lex/#/d/1905-009""]","[{""file"":""p0161_R.txt"",""ocr_sha256"":""f3bd80fcd984610445770d91ea24bc8e5874f176e9ae3a9b53ab73ee613cf10e""}]"
1905-e23300578e5c,1905,Смоленско-Витебское на Кавказѣ,,"[""1905-051""]","[""https://ivseliv.github.io/senat/lex/#/d/1905-051""]","[{""file"":""p0161_R.txt"",""ocr_sha256"":""f3bd80fcd984610445770d91ea24bc8e5874f176e9ae3a9b53ab73ee613cf10e""}]"
1905-ff520fb389e1,1905,„Урбэнъ“ общество страхованія жизни,,"[""1905-023""]","[""https://ivseliv.github.io/senat/lex/#/d/1905-023""]","[{""file"":""p0161_R.txt"",""ocr_sha256"":""f3bd80fcd984610445770d91ea24bc8e5874f176e9ae3a9b53ab73ee613cf10e""}]"
1905-3ce0621b155e,1905,Файгенбаумъ Шимонъ,,"[""1905-070""]","[""https://ivseliv.github.io/senat/lex/#/d/1905-070""]","[{""file"":""p0161_R.txt"",""ocr_sha256"":""f3bd80fcd984610445770d91ea24bc8e5874f176e9ae3a9b53ab73ee613cf10e""}]"
1905-0cb78de9903f,1905,Файдель Генрихъ и Александръ,,"[""1905-046""]","[""https://ivseliv.github.io/senat/lex/#/d/1905-046""]","[{""file"":""p0161_R.txt"",""ocr_sha256"":""f3bd80fcd984610445770d91ea24bc8e5874f176e9ae3a9b53ab73ee613cf10e""}]"
1905-2ae989cf518a,1905,Фалинъ Александръ,,"[""1905-079""]","[""https://ivseliv.github.io/senat/lex/#/d/1905-079""]","[{""file"":""p0161_R.txt"",""ocr_sha256"":""f3bd80fcd984610445770d91ea24bc8e5874f176e9ae3a9b53ab73ee613cf10e""}]"
1905-56850629d1a1,1905,Ферстеръ и Рехтерманъ фирма,,"[""1905-089""]","[""https://ivseliv.github.io/senat/lex/#/d/1905-089""]","[{""file"":""p0161_R.txt"",""ocr_sha256"":""f3bd80fcd984610445770d91ea24bc8e5874f176e9ae3a9b53ab73ee613cf10e""}]"
1905-524f759ccb36,1905,Философовъ Василій (администрація),,"[""1905-056""]","[""https://ivseliv.github.io/senat/lex/#/d/1905-056""]","[{""file"":""p0161_R.txt"",""ocr_sha256"":""f3bd80fcd984610445770d91ea24bc8e5874f176e9ae3a9b53ab73ee613cf10e""}]"
1905-d0e93a2f9015,1905,Фительбергъ Наталія,,"[""1905-032""]","[""https://ivseliv.github.io/senat/lex/#/d/1905-032""]","[{""file"":""p0161_R.txt"",""ocr_sha256"":""f3bd80fcd984610445770d91ea24bc8e5874f176e9ae3a9b53ab73ee613cf10e""}]"
1905-3b38de6152b3,1905,Флорчакъ Іосифъ,,"[""1905-077""]","[""https://ivseliv.github.io/senat/lex/#/d/1905-077""]","[{""file"":""p0161_R.txt"",""ocr_sha256"":""f3bd80fcd984610445770d91ea24bc8e5874f176e9ae3a9b53ab73ee613cf10e""}]"
1905-05a8fb77ce25,1905,Фокинъ Яковъ,,"[""1905-038""]","[""https://ivseliv.github.io/senat/lex/#/d/1905-038""]","[{""file"":""p0161_R.txt"",""ocr_sha256"":""f3bd80fcd984610445770d91ea24bc8e5874f176e9ae3a9b53ab73ee613cf10e""}]"
1905-43180700e5ff,1905,Хайкинъ Гиршъ,,"[""1905-052""]","[""https://ivseliv.github.io/senat/lex/#/d/1905-052""]","[{""file"":""p0161_R.txt"",""ocr_sha256"":""f3bd80fcd984610445770d91ea24bc8e5874f176e9ae3a9b53ab73ee613cf10e""}]"
1905-2adad9b07d59,1905,Хасанъ-Хановъ Ахметь,,"[""1905-113""]","[""https://ivseliv.github.io/senat/lex/#/d/1905-113""]","[{""file"":""p0161_R.txt"",""ocr_sha256"":""f3bd80fcd984610445770d91ea24bc8e5874f176e9ae3a9b53ab73ee613cf10e""}]"
1905-e343006ba5e0,1905,Херсонскій городск. ломбардъ,,"[""1905-087""]","[""https://ivseliv.github.io/senat/lex/#/d/1905-087""]","[{""file"":""p0161_R.txt"",""ocr_sha256"":""f3bd80fcd984610445770d91ea24bc8e5874f176e9ae3a9b53ab73ee613cf10e""}]"
1905-5781e77e0db8,1905,Холстинское крестьянск. общ,,"[""1905-002""]","[""https://ivseliv.github.io/senat/lex/#/d/1905-002""]","[{""file"":""p0161_R.txt"",""ocr_sha256"":""f3bd80fcd984610445770d91ea24bc8e5874f176e9ae3a9b53ab73ee613cf10e""}]"
1905-815fb0cfa8e0,1905,Цѣпины Иванъ и др,,"[""1905-034""]","[""https://ivseliv.github.io/senat/lex/#/d/1905-034""]","[{""file"":""p0161_R.txt"",""ocr_sha256"":""f3bd80fcd984610445770d91ea24bc8e5874f176e9ae3a9b53ab73ee613cf10e""}]"
1905-80b9f101a928,1905,"Чериковскій Петръ, пот. поч. гражд",,"[""1905-063""]","[""https://ivseliv.github.io/senat/lex/#/d/1905-063""]","[{""file"":""p0161_R.txt"",""ocr_sha256"":""f3bd80fcd984610445770d91ea24bc8e5874f176e9ae3a9b53ab73ee613cf10e""}]"
1905-5c11cb985cac,1905,Черномордикъ Романъ,,"[""1905-016""]","[""https://ivseliv.github.io/senat/lex/#/d/1905-016""]","[{""file"":""p0161_R.txt"",""ocr_sha256"":""f3bd80fcd984610445770d91ea24bc8e5874f176e9ae3a9b53ab73ee613cf10e""}]"
1905-6b56c65ce24f,1905,Чикпвановы Николай и Иванъ кн,,"[""1905-061""]","[""https://ivseliv.github.io/senat/lex/#/d/1905-061""]","[{""file"":""p0161_R.txt"",""ocr_sha256"":""f3bd80fcd984610445770d91ea24bc8e5874f176e9ae3a9b53ab73ee613cf10e""}]"
1905-1b3a1db2068e,1905,"Шаганъ Федоръ, купецъ",,"[""1905-104""]","[""https://ivseliv.github.io/senat/lex/#/d/1905-104""]","[{""file"":""p0161_R.txt"",""ocr_sha256"":""f3bd80fcd984610445770d91ea24bc8e5874f176e9ae3a9b53ab73ee613cf10e""}]"
1905-fa8d65b720e2,1905,Шацъ Зельманъ и Хая,,"[""1905-030""]","[""https://ivseliv.github.io/senat/lex/#/d/1905-030""]","[{""file"":""p0161_R.txt"",""ocr_sha256"":""f3bd80fcd984610445770d91ea24bc8e5874f176e9ae3a9b53ab73ee613cf10e""}]"
1905-5d7cb1669a11,1905,Шведовскій Иванъ,,"[""1905-089""]","[""https://ivseliv.github.io/senat/lex/#/d/1905-089""]","[{""file"":""p0161_R.txt"",""ocr_sha256"":""f3bd80fcd984610445770d91ea24bc8e5874f176e9ae3a9b53ab73ee613cf10e""}]"
1905-54d25337450e,1905,Шевтеловичъ-Левенталь Леопольдъ,,"[""1905-008""]","[""https://ivseliv.github.io/senat/lex/#/d/1905-008""]","[{""file"":""p0161_R.txt"",""ocr_sha256"":""f3bd80fcd984610445770d91ea24bc8e5874f176e9ae3a9b53ab73ee613cf10e""}]"
1905-6714a0fc1197,1905,Шевцовъ Семенъ,,"[""1905-034""]","[""https://ivseliv.github.io/senat/lex/#/d/1905-034""]","[{""file"":""p0161_R.txt"",""ocr_sha256"":""f3bd80fcd984610445770d91ea24bc8e5874f176e9ae3a9b53ab73ee613cf10e""}]"
1905-c7839e657988,1905,Шевцъ Блажей,,"[""1905-009""]","[""https://ivseliv.github.io/senat/lex/#/d/1905-009""]","[{""file"":""p0161_R.txt"",""ocr_sha256"":""f3bd80fcd984610445770d91ea24bc8e5874f176e9ae3a9b53ab73ee613cf10e""}]"
1905-0209d9ee6d7a,1905,Шевченко Иванъ,,"[""1905-069""]","[""https://ivseliv.github.io/senat/lex/#/d/1905-069""]","[{""file"":""p0161_R.txt"",""ocr_sha256"":""f3bd80fcd984610445770d91ea24bc8e5874f176e9ae3a9b53ab73ee613cf10e""}]"
1905-98b20a19767d,1905,Шестериковъ Иванъ,,"[""1905-065""]","[""https://ivseliv.github.io/senat/lex/#/d/1905-065""]","[{""file"":""p0161_R.txt"",""ocr_sha256"":""f3bd80fcd984610445770d91ea24bc8e5874f176e9ae3a9b53ab73ee613cf10e""}]"
1905-9b16f0b0dd80,1905,Школяръ Венедиктъ,,"[""1905-102""]","[""https://ivseliv.github.io/senat/lex/#/d/1905-102""]","[{""file"":""p0161_R.txt"",""ocr_sha256"":""f3bd80fcd984610445770d91ea24bc8e5874f176e9ae3a9b53ab73ee613cf10e""}]"
1905-4c1988fd6d99,1905,„Шлосбергъ братья“ торгов. фирма,,"[""1905-021""]","[""https://ivseliv.github.io/senat/lex/#/d/1905-021""]","[{""file"":""p0161_R.txt"",""ocr_sha256"":""f3bd80fcd984610445770d91ea24bc8e5874f176e9ae3a9b53ab73ee613cf10e""}]"
1905-4ec40c43f210,1905,Шмелевъ Федоръ,,"[""1905-026""]","[""https://ivseliv.github.io/senat/lex/#/d/1905-026""]","[{""file"":""p0161_R.txt"",""ocr_sha256"":""f3bd80fcd984610445770d91ea24bc8e5874f176e9ae3a9b53ab73ee613cf10e""}]"
1905-0b141ec84156,1905,Штейнъ Мордухъ,,"[""1905-018""]","[""https://ivseliv.github.io/senat/lex/#/d/1905-018""]","[{""file"":""p0161_R.txt"",""ocr_sha256"":""f3bd80fcd984610445770d91ea24bc8e5874f176e9ae3a9b53ab73ee613cf10e""}]"
1905-9f2e81dcf07f,1905,Штокфишъ Феодора,,"[""1905-091""]","[""https://ivseliv.github.io/senat/lex/#/d/1905-091""]","[{""file"":""p0161_R.txt"",""ocr_sha256"":""f3bd80fcd984610445770d91ea24bc8e5874f176e9ae3a9b53ab73ee613cf10e""}]"
1905-6fa8a71428e0,1905,Штыцкая Ципа-Хава,,"[""1905-023""]","[""https://ivseliv.github.io/senat/lex/#/d/1905-023""]","[{""file"":""p0161_R.txt"",""ocr_sha256"":""f3bd80fcd984610445770d91ea24bc8e5874f176e9ae3a9b53ab73ee613cf10e""}]"
1905-ef9869e3c2ef,1905,Шульцъ Борухъ,,"[""1905-033""]","[""https://ivseliv.github.io/senat/lex/#/d/1905-033""]","[{""file"":""p0161_R.txt"",""ocr_sha256"":""f3bd80fcd984610445770d91ea24bc8e5874f176e9ae3a9b53ab73ee613cf10e""}]"
1905-784bac193ddb,1905,Щ. Адольфъ,,"[""1905-080""]","[""https://ivseliv.github.io/senat/lex/#/d/1905-080""]","[{""file"":""p0161_R.txt"",""ocr_sha256"":""f3bd80fcd984610445770d91ea24bc8e5874f176e9ae3a9b53ab73ee613cf10e""}]"
1905-10ae49f811a2,1905,Эйзекюльское волостное общ,,"[""1905-099""]","[""https://ivseliv.github.io/senat/lex/#/d/1905-099""]","[{""file"":""p0161_R.txt"",""ocr_sha256"":""f3bd80fcd984610445770d91ea24bc8e5874f176e9ae3a9b53ab73ee613cf10e""}]"
1905-a2fba8d9d6fc,1905,Эпштейнъ Яковъ,,"[""1905-100""]","[""https://ivseliv.github.io/senat/lex/#/d/1905-100""]","[{""file"":""p0161_R.txt"",""ocr_sha256"":""f3bd80fcd984610445770d91ea24bc8e5874f176e9ae3a9b53ab73ee613cf10e""}]"
1905-29b258f6473b,1905,Юго-Восточныя жел. дор,,"[""1905-020""]","[""https://ivseliv.github.io/senat/lex/#/d/1905-020""]","[{""file"":""p0161_R.txt"",""ocr_sha256"":""f3bd80fcd984610445770d91ea24bc8e5874f176e9ae3a9b53ab73ee613cf10e""}]"
1905-a0786ae6a11a,1905,Якобсонъ Шмуель-Ицыкъ,,"[""1905-090""]","[""https://ivseliv.github.io/senat/lex/#/d/1905-090""]","[{""file"":""p0161_R.txt"",""ocr_sha256"":""f3bd80fcd984610445770d91ea24bc8e5874f176e9ae3a9b53ab73ee613cf10e""}]"
1905-9bbbcb9a7d4e,1905,Якутская городская управа,,"[""1905-010""]","[""https://ivseliv.github.io/senat/lex/#/d/1905-010""]","[{""file"":""p0161_R.txt"",""ocr_sha256"":""f3bd80fcd984610445770d91ea24bc8e5874f176e9ae3a9b53ab73ee613cf10e""}]"
