statute,code,article,mentions,decision_id,year,decision_number,decision_url
? ст. 2002,?,ст. 2002,1,1897-001,1897,1,https://ivseliv.github.io/senat/lex/#/d/1897-001
? ст. 2020,?,ст. 2020,1,1897-001,1897,1,https://ivseliv.github.io/senat/lex/#/d/1897-001
? ст. 706,?,ст. 706,1,1897-001,1897,1,https://ivseliv.github.io/senat/lex/#/d/1897-001
СЗГ ст. 684,СЗГ,ст. 684,1,1897-001,1897,1,https://ivseliv.github.io/senat/lex/#/d/1897-001
СЗГ ст. 687,СЗГ,ст. 687,3,1897-001,1897,1,https://ivseliv.github.io/senat/lex/#/d/1897-001
УГС ст. 659,УГС,ст. 659,1,1897-001,1897,1,https://ivseliv.github.io/senat/lex/#/d/1897-001
УГС ст. 793,УГС,ст. 793,1,1897-001,1897,1,https://ivseliv.github.io/senat/lex/#/d/1897-001
? ст. 102,?,ст. 102,1,1897-002,1897,2,https://ivseliv.github.io/senat/lex/#/d/1897-002
? ст. 17–19,?,ст. 17–19,1,1897-002,1897,2,https://ivseliv.github.io/senat/lex/#/d/1897-002
? ст. 42,?,ст. 42,2,1897-002,1897,2,https://ivseliv.github.io/senat/lex/#/d/1897-002
? ст. 56,?,ст. 56,2,1897-002,1897,2,https://ivseliv.github.io/senat/lex/#/d/1897-002
? ст. 79,?,ст. 79,1,1897-002,1897,2,https://ivseliv.github.io/senat/lex/#/d/1897-002
СЗГ ст. 1653,СЗГ,ст. 1653,1,1897-002,1897,2,https://ivseliv.github.io/senat/lex/#/d/1897-002
СЗГ ст. 1529,СЗГ,ст. 1529,3,1897-003,1897,3,https://ivseliv.github.io/senat/lex/#/d/1897-003
СЗГ ст. 1583,СЗГ,ст. 1583,1,1897-003,1897,3,https://ivseliv.github.io/senat/lex/#/d/1897-003
СЗГ ст. 1649,СЗГ,ст. 1649,1,1897-003,1897,3,https://ivseliv.github.io/senat/lex/#/d/1897-003
СЗГ ст. 2020,СЗГ,ст. 2020,1,1897-003,1897,3,https://ivseliv.github.io/senat/lex/#/d/1897-003
СЗГ ст. 2022,СЗГ,ст. 2022,1,1897-003,1897,3,https://ivseliv.github.io/senat/lex/#/d/1897-003
СЗГ ст. 2023,СЗГ,ст. 2023,5,1897-003,1897,3,https://ivseliv.github.io/senat/lex/#/d/1897-003
СЗГ ст. 569,СЗГ,ст. 569,1,1897-003,1897,3,https://ivseliv.github.io/senat/lex/#/d/1897-003
УН ст. 180,УН,ст. 180,1,1897-003,1897,3,https://ivseliv.github.io/senat/lex/#/d/1897-003
УН ст. 180²,УН,ст. 180²,3,1897-003,1897,3,https://ivseliv.github.io/senat/lex/#/d/1897-003
УСУ ст. 5,УСУ,ст. 5,1,1897-003,1897,3,https://ivseliv.github.io/senat/lex/#/d/1897-003
? ст. 1010–1059,?,ст. 1010–1059,1,1897-004,1897,4,https://ivseliv.github.io/senat/lex/#/d/1897-004
? ст. 54,?,ст. 54,3,1897-004,1897,4,https://ivseliv.github.io/senat/lex/#/d/1897-004
? ст. 65,?,ст. 65,1,1897-004,1897,4,https://ivseliv.github.io/senat/lex/#/d/1897-004
УТ ст. 112,УТ,ст. 112,1,1897-004,1897,4,https://ivseliv.github.io/senat/lex/#/d/1897-004
УТ ст. 1199,УТ,ст. 1199,1,1897-004,1897,4,https://ivseliv.github.io/senat/lex/#/d/1897-004
СЗГ ст. 1111,СЗГ,ст. 1111,1,1897-005,1897,5,https://ivseliv.github.io/senat/lex/#/d/1897-005
СЗГ ст. 1121,СЗГ,ст. 1121,1,1897-005,1897,5,https://ivseliv.github.io/senat/lex/#/d/1897-005
СЗГ ст. 1122,СЗГ,ст. 1122,2,1897-005,1897,5,https://ivseliv.github.io/senat/lex/#/d/1897-005
СЗГ ст. 1123,СЗГ,ст. 1123,2,1897-005,1897,5,https://ivseliv.github.io/senat/lex/#/d/1897-005
СЗГ ст. 1127,СЗГ,ст. 1127,2,1897-005,1897,5,https://ivseliv.github.io/senat/lex/#/d/1897-005
СЗГ ст. 1136,СЗГ,ст. 1136,2,1897-005,1897,5,https://ivseliv.github.io/senat/lex/#/d/1897-005
СЗГ ст. 1241,СЗГ,ст. 1241,3,1897-005,1897,5,https://ivseliv.github.io/senat/lex/#/d/1897-005
СЗГ ст. 1265,СЗГ,ст. 1265,1,1897-005,1897,5,https://ivseliv.github.io/senat/lex/#/d/1897-005
СЗГ ст. 1336,СЗГ,ст. 1336,1,1897-005,1897,5,https://ivseliv.github.io/senat/lex/#/d/1897-005
СЗГ ст. 699,СЗГ,ст. 699,1,1897-005,1897,5,https://ivseliv.github.io/senat/lex/#/d/1897-005
УГС ст. 589,УГС,ст. 589,1,1897-005,1897,5,https://ivseliv.github.io/senat/lex/#/d/1897-005
? ст. 1166,?,ст. 1166,2,1897-006,1897,6,https://ivseliv.github.io/senat/lex/#/d/1897-006
? ст. 1400,?,ст. 1400,2,1897-006,1897,6,https://ivseliv.github.io/senat/lex/#/d/1897-006
? ст. 174 п. 3,?,ст. 174 п. 3,1,1897-006,1897,6,https://ivseliv.github.io/senat/lex/#/d/1897-006
СЗГ ст. 1529,СЗГ,ст. 1529,1,1897-006,1897,6,https://ivseliv.github.io/senat/lex/#/d/1897-006
? ст. 1–71,?,ст. 1–71,1,1897-007,1897,7,https://ivseliv.github.io/senat/lex/#/d/1897-007
? ст. 281,?,ст. 281,1,1897-007,1897,7,https://ivseliv.github.io/senat/lex/#/d/1897-007
? ст. 72–99,?,ст. 72–99,1,1897-007,1897,7,https://ivseliv.github.io/senat/lex/#/d/1897-007
? ст. 980,?,ст. 980,3,1897-007,1897,7,https://ivseliv.github.io/senat/lex/#/d/1897-007
СЗГ ст. 1420,СЗГ,ст. 1420,2,1897-009,1897,9,https://ivseliv.github.io/senat/lex/#/d/1897-009
СЗГ ст. 1427,СЗГ,ст. 1427,2,1897-009,1897,9,https://ivseliv.github.io/senat/lex/#/d/1897-009
СЗГ ст. 574,СЗГ,ст. 574,1,1897-009,1897,9,https://ivseliv.github.io/senat/lex/#/d/1897-009
СЗГ ст. 684,СЗГ,ст. 684,4,1897-009,1897,9,https://ivseliv.github.io/senat/lex/#/d/1897-009
УГС ст. 300,УГС,ст. 300,1,1897-009,1897,9,https://ivseliv.github.io/senat/lex/#/d/1897-009
УГС ст. 793,УГС,ст. 793,1,1897-009,1897,9,https://ivseliv.github.io/senat/lex/#/d/1897-009
УГС ст. 801,УГС,ст. 801,1,1897-009,1897,9,https://ivseliv.github.io/senat/lex/#/d/1897-009
УГС ст. 824,УГС,ст. 824,1,1897-009,1897,9,https://ivseliv.github.io/senat/lex/#/d/1897-009
УГС ст. 828,УГС,ст. 828,1,1897-009,1897,9,https://ivseliv.github.io/senat/lex/#/d/1897-009
? ст. 2590,?,ст. 2590,1,1897-010,1897,10,https://ivseliv.github.io/senat/lex/#/d/1897-010
? ст. 2594,?,ст. 2594,1,1897-010,1897,10,https://ivseliv.github.io/senat/lex/#/d/1897-010
? ст. 2646,?,ст. 2646,1,1897-010,1897,10,https://ivseliv.github.io/senat/lex/#/d/1897-010
УГС ст. 1428,УГС,ст. 1428,1,1897-010,1897,10,https://ivseliv.github.io/senat/lex/#/d/1897-010
УГС ст. 1649,УГС,ст. 1649,1,1897-010,1897,10,https://ivseliv.github.io/senat/lex/#/d/1897-010
УГС ст. 2079,УГС,ст. 2079,1,1897-010,1897,10,https://ivseliv.github.io/senat/lex/#/d/1897-010
УГС ст. 2080,УГС,ст. 2080,2,1897-010,1897,10,https://ivseliv.github.io/senat/lex/#/d/1897-010
УГС ст. 2451,УГС,ст. 2451,1,1897-010,1897,10,https://ivseliv.github.io/senat/lex/#/d/1897-010
УГС ст. 2452,УГС,ст. 2452,1,1897-010,1897,10,https://ivseliv.github.io/senat/lex/#/d/1897-010
УГС ст. 2538,УГС,ст. 2538,1,1897-010,1897,10,https://ivseliv.github.io/senat/lex/#/d/1897-010
УГС ст. 2576,УГС,ст. 2576,1,1897-010,1897,10,https://ivseliv.github.io/senat/lex/#/d/1897-010
УГС ст. 2597,УГС,ст. 2597,1,1897-010,1897,10,https://ivseliv.github.io/senat/lex/#/d/1897-010
УГС ст. 2619,УГС,ст. 2619,1,1897-010,1897,10,https://ivseliv.github.io/senat/lex/#/d/1897-010
? ст. 614,?,ст. 614,1,1897-011,1897,11,https://ivseliv.github.io/senat/lex/#/d/1897-011
? ст. 614 п. 7,?,ст. 614 п. 7,1,1897-011,1897,11,https://ivseliv.github.io/senat/lex/#/d/1897-011
? ст. 669–672,?,ст. 669–672,1,1897-011,1897,11,https://ivseliv.github.io/senat/lex/#/d/1897-011
? ст. 672,?,ст. 672,1,1897-011,1897,11,https://ivseliv.github.io/senat/lex/#/d/1897-011
? ст. 700,?,ст. 700,1,1897-011,1897,11,https://ivseliv.github.io/senat/lex/#/d/1897-011
СЗГ ст. 1067,СЗГ,ст. 1067,3,1897-011,1897,11,https://ivseliv.github.io/senat/lex/#/d/1897-011
СЗГ ст. 420,СЗГ,ст. 420,1,1897-011,1897,11,https://ivseliv.github.io/senat/lex/#/d/1897-011
СЗГ ст. 432,СЗГ,ст. 432,1,1897-011,1897,11,https://ivseliv.github.io/senat/lex/#/d/1897-011
СЗГ ст. 513,СЗГ,ст. 513,1,1897-011,1897,11,https://ivseliv.github.io/senat/lex/#/d/1897-011
СЗГ ст. 541,СЗГ,ст. 541,1,1897-011,1897,11,https://ivseliv.github.io/senat/lex/#/d/1897-011
? ст. 115,?,ст. 115,1,1897-012,1897,12,https://ivseliv.github.io/senat/lex/#/d/1897-012
? ст. 413,?,ст. 413,1,1897-012,1897,12,https://ivseliv.github.io/senat/lex/#/d/1897-012
СЗГ ст. 1025,СЗГ,ст. 1025,1,1897-012,1897,12,https://ivseliv.github.io/senat/lex/#/d/1897-012
СЗГ ст. 1187,СЗГ,ст. 1187,3,1897-012,1897,12,https://ivseliv.github.io/senat/lex/#/d/1897-012
? ст. 1400,?,ст. 1400,2,1897-014,1897,14,https://ivseliv.github.io/senat/lex/#/d/1897-014
? ст. 22–25,?,ст. 22–25,1,1897-014,1897,14,https://ivseliv.github.io/senat/lex/#/d/1897-014
? ст. 480,?,ст. 480,1,1897-014,1897,14,https://ivseliv.github.io/senat/lex/#/d/1897-014
? ст. 480–482,?,ст. 480–482,1,1897-014,1897,14,https://ivseliv.github.io/senat/lex/#/d/1897-014
? ст. 497–500,?,ст. 497–500,1,1897-014,1897,14,https://ivseliv.github.io/senat/lex/#/d/1897-014
? ст. 531,?,ст. 531,1,1897-014,1897,14,https://ivseliv.github.io/senat/lex/#/d/1897-014
? ст. 538,?,ст. 538,1,1897-014,1897,14,https://ivseliv.github.io/senat/lex/#/d/1897-014
? ст. 539,?,ст. 539,2,1897-014,1897,14,https://ivseliv.github.io/senat/lex/#/d/1897-014
? ст. 604,?,ст. 604,1,1897-014,1897,14,https://ivseliv.github.io/senat/lex/#/d/1897-014
? ст. 606,?,ст. 606,1,1897-014,1897,14,https://ivseliv.github.io/senat/lex/#/d/1897-014
? ст. 609,?,ст. 609,1,1897-014,1897,14,https://ivseliv.github.io/senat/lex/#/d/1897-014
? ст. 620,?,ст. 620,1,1897-014,1897,14,https://ivseliv.github.io/senat/lex/#/d/1897-014
? ст. 625,?,ст. 625,1,1897-014,1897,14,https://ivseliv.github.io/senat/lex/#/d/1897-014
? ст. 642,?,ст. 642,1,1897-014,1897,14,https://ivseliv.github.io/senat/lex/#/d/1897-014
? ст. 643,?,ст. 643,1,1897-014,1897,14,https://ivseliv.github.io/senat/lex/#/d/1897-014
УГС ст. 793,УГС,ст. 793,1,1897-014,1897,14,https://ivseliv.github.io/senat/lex/#/d/1897-014
СЗГ ст. 1138,СЗГ,ст. 1138,2,1897-015,1897,15,https://ivseliv.github.io/senat/lex/#/d/1897-015
СЗГ ст. 538,СЗГ,ст. 538,1,1897-016,1897,16,https://ivseliv.github.io/senat/lex/#/d/1897-016
СЗГ ст. 539,СЗГ,ст. 539,1,1897-016,1897,16,https://ivseliv.github.io/senat/lex/#/d/1897-016
? ст. 1161,?,ст. 1161,1,1897-018,1897,18,https://ivseliv.github.io/senat/lex/#/d/1897-018
? ст. 1162,?,ст. 1162,1,1897-018,1897,18,https://ivseliv.github.io/senat/lex/#/d/1897-018
? ст. 1170,?,ст. 1170,1,1897-018,1897,18,https://ivseliv.github.io/senat/lex/#/d/1897-018
? ст. 1176,?,ст. 1176,1,1897-018,1897,18,https://ivseliv.github.io/senat/lex/#/d/1897-018
УГС ст. 1161,УГС,ст. 1161,1,1897-018,1897,18,https://ivseliv.github.io/senat/lex/#/d/1897-018
? ст. 153,?,ст. 153,1,1897-019,1897,19,https://ivseliv.github.io/senat/lex/#/d/1897-019
? ст. 98,?,ст. 98,1,1897-019,1897,19,https://ivseliv.github.io/senat/lex/#/d/1897-019
УГС ст. 793,УГС,ст. 793,1,1897-019,1897,19,https://ivseliv.github.io/senat/lex/#/d/1897-019
УЖД ст. 153,УЖД,ст. 153,3,1897-019,1897,19,https://ivseliv.github.io/senat/lex/#/d/1897-019
? ст. 1893,?,ст. 1893,1,1897-020,1897,20,https://ivseliv.github.io/senat/lex/#/d/1897-020
? ст. 423,?,ст. 423,1,1897-020,1897,20,https://ivseliv.github.io/senat/lex/#/d/1897-020
? ст. 516,?,ст. 516,1,1897-020,1897,20,https://ivseliv.github.io/senat/lex/#/d/1897-020
? ст. 75,?,ст. 75,1,1897-020,1897,20,https://ivseliv.github.io/senat/lex/#/d/1897-020
? ст. 113,?,ст. 113,1,1897-021,1897,21,https://ivseliv.github.io/senat/lex/#/d/1897-021
СЗГ ст. 555,СЗГ,ст. 555,1,1897-021,1897,21,https://ivseliv.github.io/senat/lex/#/d/1897-021
СЗГ ст. 560,СЗГ,ст. 560,1,1897-021,1897,21,https://ivseliv.github.io/senat/lex/#/d/1897-021
? ст. 201,?,ст. 201,2,1897-022,1897,22,https://ivseliv.github.io/senat/lex/#/d/1897-022
? ст. 210,?,ст. 210,1,1897-022,1897,22,https://ivseliv.github.io/senat/lex/#/d/1897-022
? ст. 213,?,ст. 213,2,1897-022,1897,22,https://ivseliv.github.io/senat/lex/#/d/1897-022
? ст. 221,?,ст. 221,1,1897-022,1897,22,https://ivseliv.github.io/senat/lex/#/d/1897-022
? ст. 265,?,ст. 265,2,1897-022,1897,22,https://ivseliv.github.io/senat/lex/#/d/1897-022
? ст. 793,?,ст. 793,1,1897-023,1897,23,https://ivseliv.github.io/senat/lex/#/d/1897-023
? ст. 43,?,ст. 43,1,1897-024,1897,24,https://ivseliv.github.io/senat/lex/#/d/1897-024
СЗГ ст. 1025,СЗГ,ст. 1025,1,1897-024,1897,24,https://ivseliv.github.io/senat/lex/#/d/1897-024
СЗГ ст. 1223,СЗГ,ст. 1223,4,1897-024,1897,24,https://ivseliv.github.io/senat/lex/#/d/1897-024
СЗГ ст. 419,СЗГ,ст. 419,1,1897-024,1897,24,https://ivseliv.github.io/senat/lex/#/d/1897-024
? ст. 202,?,ст. 202,1,1897-025,1897,25,https://ivseliv.github.io/senat/lex/#/d/1897-025
? ст. 2059–2062,?,ст. 2059–2062,1,1897-025,1897,25,https://ivseliv.github.io/senat/lex/#/d/1897-025
? ст. 2066,?,ст. 2066,1,1897-025,1897,25,https://ivseliv.github.io/senat/lex/#/d/1897-025
УГС ст. 1222¹–1222,УГС,ст. 1222¹–1222,1,1897-025,1897,25,https://ivseliv.github.io/senat/lex/#/d/1897-025
УГС ст. 1400,УГС,ст. 1400,1,1897-025,1897,25,https://ivseliv.github.io/senat/lex/#/d/1897-025
УГС ст. 1598,УГС,ст. 1598,1,1897-025,1897,25,https://ivseliv.github.io/senat/lex/#/d/1897-025
? ст. 959,?,ст. 959,2,1897-026,1897,26,https://ivseliv.github.io/senat/lex/#/d/1897-026
? ст. 182,?,ст. 182,1,1897-028,1897,28,https://ivseliv.github.io/senat/lex/#/d/1897-028
? ст. 681–685,?,ст. 681–685,2,1897-028,1897,28,https://ivseliv.github.io/senat/lex/#/d/1897-028
? ст. 693,?,ст. 693,1,1897-028,1897,28,https://ivseliv.github.io/senat/lex/#/d/1897-028
? ст. 694,?,ст. 694,1,1897-028,1897,28,https://ivseliv.github.io/senat/lex/#/d/1897-028
? ст. 784–788,?,ст. 784–788,1,1897-028,1897,28,https://ivseliv.github.io/senat/lex/#/d/1897-028
? ст. 787,?,ст. 787,1,1897-028,1897,28,https://ivseliv.github.io/senat/lex/#/d/1897-028
УГС ст. 1291,УГС,ст. 1291,1,1897-028,1897,28,https://ivseliv.github.io/senat/lex/#/d/1897-028
УГС ст. 610,УГС,ст. 610,1,1897-028,1897,28,https://ivseliv.github.io/senat/lex/#/d/1897-028
УГС ст. 611,УГС,ст. 611,1,1897-028,1897,28,https://ivseliv.github.io/senat/lex/#/d/1897-028
УГС ст. 784–788,УГС,ст. 784–788,1,1897-028,1897,28,https://ivseliv.github.io/senat/lex/#/d/1897-028
? ст. 698,?,ст. 698,1,1897-029,1897,29,https://ivseliv.github.io/senat/lex/#/d/1897-029
УН ст. 145–152,УН,ст. 145–152,1,1897-029,1897,29,https://ivseliv.github.io/senat/lex/#/d/1897-029
УН ст. 152,УН,ст. 152,1,1897-029,1897,29,https://ivseliv.github.io/senat/lex/#/d/1897-029
УН ст. 31,УН,ст. 31,1,1897-029,1897,29,https://ivseliv.github.io/senat/lex/#/d/1897-029
? ст. 108,?,ст. 108,2,1897-031,1897,31,https://ivseliv.github.io/senat/lex/#/d/1897-031
? ст. 180,?,ст. 180,1,1897-031,1897,31,https://ivseliv.github.io/senat/lex/#/d/1897-031
? ст. 239,?,ст. 239,2,1897-031,1897,31,https://ivseliv.github.io/senat/lex/#/d/1897-031
? ст. 243,?,ст. 243,2,1897-031,1897,31,https://ivseliv.github.io/senat/lex/#/d/1897-031
? ст. 244,?,ст. 244,3,1897-031,1897,31,https://ivseliv.github.io/senat/lex/#/d/1897-031
? ст. 279,?,ст. 279,3,1897-031,1897,31,https://ivseliv.github.io/senat/lex/#/d/1897-031
? ст. 299,?,ст. 299,2,1897-031,1897,31,https://ivseliv.github.io/senat/lex/#/d/1897-031
? ст. 306,?,ст. 306,5,1897-031,1897,31,https://ivseliv.github.io/senat/lex/#/d/1897-031
? ст. 310,?,ст. 310,3,1897-031,1897,31,https://ivseliv.github.io/senat/lex/#/d/1897-031
? ст. 315,?,ст. 315,1,1897-031,1897,31,https://ivseliv.github.io/senat/lex/#/d/1897-031
? ст. 320,?,ст. 320,1,1897-031,1897,31,https://ivseliv.github.io/senat/lex/#/d/1897-031
? ст. 322,?,ст. 322,1,1897-031,1897,31,https://ivseliv.github.io/senat/lex/#/d/1897-031
? ст. 325,?,ст. 325,2,1897-031,1897,31,https://ivseliv.github.io/senat/lex/#/d/1897-031
? ст. 36,?,ст. 36,3,1897-031,1897,31,https://ivseliv.github.io/senat/lex/#/d/1897-031
? ст. 36–83,?,ст. 36–83,1,1897-031,1897,31,https://ivseliv.github.io/senat/lex/#/d/1897-031
? ст. 563,?,ст. 563,1,1897-031,1897,31,https://ivseliv.github.io/senat/lex/#/d/1897-031
? ст. 59,?,ст. 59,2,1897-031,1897,31,https://ivseliv.github.io/senat/lex/#/d/1897-031
? ст. 60,?,ст. 60,2,1897-031,1897,31,https://ivseliv.github.io/senat/lex/#/d/1897-031
? ст. 67,?,ст. 67,1,1897-031,1897,31,https://ivseliv.github.io/senat/lex/#/d/1897-031
? ст. 77,?,ст. 77,2,1897-031,1897,31,https://ivseliv.github.io/senat/lex/#/d/1897-031
? ст. 78,?,ст. 78,1,1897-031,1897,31,https://ivseliv.github.io/senat/lex/#/d/1897-031
? ст. 79,?,ст. 79,3,1897-031,1897,31,https://ivseliv.github.io/senat/lex/#/d/1897-031
СЗГ ст. 563,СЗГ,ст. 563,1,1897-031,1897,31,https://ivseliv.github.io/senat/lex/#/d/1897-031
СЗГ ст. 567,СЗГ,ст. 567,1,1897-031,1897,31,https://ivseliv.github.io/senat/lex/#/d/1897-031
СЗГ ст. 691,СЗГ,ст. 691,1,1897-031,1897,31,https://ivseliv.github.io/senat/lex/#/d/1897-031
СЗГ ст. 694,СЗГ,ст. 694,2,1897-031,1897,31,https://ivseliv.github.io/senat/lex/#/d/1897-031
УГС ст. 1432,УГС,ст. 1432,1,1897-031,1897,31,https://ivseliv.github.io/senat/lex/#/d/1897-031
УГС ст. 589,УГС,ст. 589,1,1897-031,1897,31,https://ivseliv.github.io/senat/lex/#/d/1897-031
УГС ст. 795,УГС,ст. 795,1,1897-031,1897,31,https://ivseliv.github.io/senat/lex/#/d/1897-031
УГС ст. 895,УГС,ст. 895,1,1897-031,1897,31,https://ivseliv.github.io/senat/lex/#/d/1897-031
? ст. 1017,?,ст. 1017,1,1897-032,1897,32,https://ivseliv.github.io/senat/lex/#/d/1897-032
? ст. 188,?,ст. 188,1,1897-032,1897,32,https://ivseliv.github.io/senat/lex/#/d/1897-032
? ст. 197,?,ст. 197,1,1897-032,1897,32,https://ivseliv.github.io/senat/lex/#/d/1897-032
? ст. 200,?,ст. 200,1,1897-032,1897,32,https://ivseliv.github.io/senat/lex/#/d/1897-032
? ст. 338,?,ст. 338,1,1897-032,1897,32,https://ivseliv.github.io/senat/lex/#/d/1897-032
УГС ст. 793,УГС,ст. 793,1,1897-033,1897,33,https://ivseliv.github.io/senat/lex/#/d/1897-033
? ст. 365,?,ст. 365,1,1897-034,1897,34,https://ivseliv.github.io/senat/lex/#/d/1897-034
? ст. 366,?,ст. 366,1,1897-034,1897,34,https://ivseliv.github.io/senat/lex/#/d/1897-034
СЗГ ст. 1575,СЗГ,ст. 1575,1,1897-034,1897,34,https://ivseliv.github.io/senat/lex/#/d/1897-034
СЗГ ст. 2020,СЗГ,ст. 2020,2,1897-034,1897,34,https://ivseliv.github.io/senat/lex/#/d/1897-034
СЗГ ст. 2021,СЗГ,ст. 2021,1,1897-034,1897,34,https://ivseliv.github.io/senat/lex/#/d/1897-034
УГС ст. 711,УГС,ст. 711,1,1897-034,1897,34,https://ivseliv.github.io/senat/lex/#/d/1897-034
УГС ст. 793,УГС,ст. 793,1,1897-034,1897,34,https://ivseliv.github.io/senat/lex/#/d/1897-034
УСУ ст. 5,УСУ,ст. 5,1,1897-034,1897,34,https://ivseliv.github.io/senat/lex/#/d/1897-034
? ст. 1454,?,ст. 1454,6,1897-035,1897,35,https://ivseliv.github.io/senat/lex/#/d/1897-035
? ст. 366,?,ст. 366,1,1897-035,1897,35,https://ivseliv.github.io/senat/lex/#/d/1897-035
? ст. 965,?,ст. 965,1,1897-035,1897,35,https://ivseliv.github.io/senat/lex/#/d/1897-035
СЗГ ст. 1338,СЗГ,ст. 1338,5,1897-035,1897,35,https://ivseliv.github.io/senat/lex/#/d/1897-035
УГС ст. 366,УГС,ст. 366,1,1897-035,1897,35,https://ivseliv.github.io/senat/lex/#/d/1897-035
? ст. 563,?,ст. 563,1,1897-036,1897,36,https://ivseliv.github.io/senat/lex/#/d/1897-036
? ст. 564,?,ст. 564,1,1897-036,1897,36,https://ivseliv.github.io/senat/lex/#/d/1897-036
СЗГ ст. 533,СЗГ,ст. 533,2,1897-036,1897,36,https://ivseliv.github.io/senat/lex/#/d/1897-036
СЗГ ст. 557,СЗГ,ст. 557,1,1897-036,1897,36,https://ivseliv.github.io/senat/lex/#/d/1897-036
СЗГ ст. 560,СЗГ,ст. 560,1,1897-036,1897,36,https://ivseliv.github.io/senat/lex/#/d/1897-036
СЗГ ст. 565,СЗГ,ст. 565,1,1897-036,1897,36,https://ivseliv.github.io/senat/lex/#/d/1897-036
СЗГ ст. 567,СЗГ,ст. 567,1,1897-036,1897,36,https://ivseliv.github.io/senat/lex/#/d/1897-036
СЗГ ст. 694,СЗГ,ст. 694,1,1897-036,1897,36,https://ivseliv.github.io/senat/lex/#/d/1897-036
? ст. 821,?,ст. 821,1,1897-037,1897,37,https://ivseliv.github.io/senat/lex/#/d/1897-037
ГКП ст. 524,ГКП,ст. 524,1,1897-038,1897,38,https://ivseliv.github.io/senat/lex/#/d/1897-038
УГС ст. 1551,УГС,ст. 1551,1,1897-038,1897,38,https://ivseliv.github.io/senat/lex/#/d/1897-038
СЗГ ст. 1187,СЗГ,ст. 1187,1,1897-039,1897,39,https://ivseliv.github.io/senat/lex/#/d/1897-039
СЗГ ст. 1223,СЗГ,ст. 1223,1,1897-039,1897,39,https://ivseliv.github.io/senat/lex/#/d/1897-039
УГС ст. 793,УГС,ст. 793,1,1897-039,1897,39,https://ivseliv.github.io/senat/lex/#/d/1897-039
УГС ст. 265,УГС,ст. 265,1,1897-040,1897,40,https://ivseliv.github.io/senat/lex/#/d/1897-040
УГС ст. 269,УГС,ст. 269,1,1897-040,1897,40,https://ivseliv.github.io/senat/lex/#/d/1897-040
? ст. 244,?,ст. 244,1,1897-041,1897,41,https://ivseliv.github.io/senat/lex/#/d/1897-041
? ст. 89,?,ст. 89,1,1897-041,1897,41,https://ivseliv.github.io/senat/lex/#/d/1897-041
ГКП ст. 2021–2024,ГКП,ст. 2021–2024,1,1897-041,1897,41,https://ivseliv.github.io/senat/lex/#/d/1897-041
ГКП ст. 2038,ГКП,ст. 2038,1,1897-041,1897,41,https://ivseliv.github.io/senat/lex/#/d/1897-041
? ст. 1230,?,ст. 1230,1,1897-042,1897,42,https://ivseliv.github.io/senat/lex/#/d/1897-042
? ст. 127,?,ст. 127,1,1897-042,1897,42,https://ivseliv.github.io/senat/lex/#/d/1897-042
? ст. 128,?,ст. 128,1,1897-042,1897,42,https://ivseliv.github.io/senat/lex/#/d/1897-042
? ст. 145,?,ст. 145,2,1897-042,1897,42,https://ivseliv.github.io/senat/lex/#/d/1897-042
? ст. 145²,?,ст. 145²,2,1897-042,1897,42,https://ivseliv.github.io/senat/lex/#/d/1897-042
? ст. 145³,?,ст. 145³,1,1897-042,1897,42,https://ivseliv.github.io/senat/lex/#/d/1897-042
? ст. 1549,?,ст. 1549,1,1897-042,1897,42,https://ivseliv.github.io/senat/lex/#/d/1897-042
? ст. 2242–2250,?,ст. 2242–2250,1,1897-042,1897,42,https://ivseliv.github.io/senat/lex/#/d/1897-042
? ст. 2244,?,ст. 2244,1,1897-042,1897,42,https://ivseliv.github.io/senat/lex/#/d/1897-042
? ст. 2246,?,ст. 2246,1,1897-042,1897,42,https://ivseliv.github.io/senat/lex/#/d/1897-042
? ст. 30,?,ст. 30,1,1897-042,1897,42,https://ivseliv.github.io/senat/lex/#/d/1897-042
? ст. 3625,?,ст. 3625,1,1897-042,1897,42,https://ivseliv.github.io/senat/lex/#/d/1897-042
? ст. 3629–3634,?,ст. 3629–3634,1,1897-042,1897,42,https://ivseliv.github.io/senat/lex/#/d/1897-042
? ст. 39,?,ст. 39,1,1897-042,1897,42,https://ivseliv.github.io/senat/lex/#/d/1897-042
? ст. 43,?,ст. 43,1,1897-042,1897,42,https://ivseliv.github.io/senat/lex/#/d/1897-042
? ст. 45,?,ст. 45,1,1897-042,1897,42,https://ivseliv.github.io/senat/lex/#/d/1897-042
? ст. 49,?,ст. 49,1,1897-042,1897,42,https://ivseliv.github.io/senat/lex/#/d/1897-042
? ст. 62,?,ст. 62,1,1897-042,1897,42,https://ivseliv.github.io/senat/lex/#/d/1897-042
? ст. 63,?,ст. 63,1,1897-042,1897,42,https://ivseliv.github.io/senat/lex/#/d/1897-042
? ст. 68,?,ст. 68,2,1897-042,1897,42,https://ivseliv.github.io/senat/lex/#/d/1897-042
? ст. 681,?,ст. 681,1,1897-042,1897,42,https://ivseliv.github.io/senat/lex/#/d/1897-042
? ст. 687,?,ст. 687,1,1897-042,1897,42,https://ivseliv.github.io/senat/lex/#/d/1897-042
? ст. 689,?,ст. 689,1,1897-042,1897,42,https://ivseliv.github.io/senat/lex/#/d/1897-042
? ст. 690,?,ст. 690,1,1897-042,1897,42,https://ivseliv.github.io/senat/lex/#/d/1897-042
? ст. 692,?,ст. 692,3,1897-042,1897,42,https://ivseliv.github.io/senat/lex/#/d/1897-042
? ст. 694,?,ст. 694,2,1897-042,1897,42,https://ivseliv.github.io/senat/lex/#/d/1897-042
? ст. 6–9,?,ст. 6–9,1,1897-042,1897,42,https://ivseliv.github.io/senat/lex/#/d/1897-042
? ст. 718 п. 2,?,ст. 718 п. 2,2,1897-042,1897,42,https://ivseliv.github.io/senat/lex/#/d/1897-042
? ст. 718 п. 3,?,ст. 718 п. 3,1,1897-042,1897,42,https://ivseliv.github.io/senat/lex/#/d/1897-042
? ст. 719¹,?,ст. 719¹,2,1897-042,1897,42,https://ivseliv.github.io/senat/lex/#/d/1897-042
? ст. 72,?,ст. 72,1,1897-042,1897,42,https://ivseliv.github.io/senat/lex/#/d/1897-042
? ст. 735,?,ст. 735,1,1897-042,1897,42,https://ivseliv.github.io/senat/lex/#/d/1897-042
? ст. 793,?,ст. 793,1,1897-042,1897,42,https://ivseliv.github.io/senat/lex/#/d/1897-042
? ст. 95,?,ст. 95,2,1897-042,1897,42,https://ivseliv.github.io/senat/lex/#/d/1897-042
СЗГ ст. 694,СЗГ,ст. 694,1,1897-042,1897,42,https://ivseliv.github.io/senat/lex/#/d/1897-042
УЖД ст. 68,УЖД,ст. 68,1,1897-042,1897,42,https://ivseliv.github.io/senat/lex/#/d/1897-042
УЖД ст. 68¹,УЖД,ст. 68¹,1,1897-042,1897,42,https://ivseliv.github.io/senat/lex/#/d/1897-042
УГС ст. 184,УГС,ст. 184,1,1897-043,1897,43,https://ivseliv.github.io/senat/lex/#/d/1897-043
УГС ст. 221,УГС,ст. 221,1,1897-043,1897,43,https://ivseliv.github.io/senat/lex/#/d/1897-043
СЗГ ст. 548,СЗГ,ст. 548,1,1897-044,1897,44,https://ivseliv.github.io/senat/lex/#/d/1897-044
? ст. 552,?,ст. 552,1,1897-045,1897,45,https://ivseliv.github.io/senat/lex/#/d/1897-045
? ст. 237,?,ст. 237,2,1897-046,1897,46,https://ivseliv.github.io/senat/lex/#/d/1897-046
? ст. 360–363,?,ст. 360–363,1,1897-046,1897,46,https://ivseliv.github.io/senat/lex/#/d/1897-046
? ст. 442,?,ст. 442,1,1897-046,1897,46,https://ivseliv.github.io/senat/lex/#/d/1897-046
? ст. 207,?,ст. 207,1,1897-047,1897,47,https://ivseliv.github.io/senat/lex/#/d/1897-047
? ст. 279,?,ст. 279,1,1897-047,1897,47,https://ivseliv.github.io/senat/lex/#/d/1897-047
? ст. 285¹,?,ст. 285¹,2,1897-047,1897,47,https://ivseliv.github.io/senat/lex/#/d/1897-047
? ст. 352,?,ст. 352,1,1897-047,1897,47,https://ivseliv.github.io/senat/lex/#/d/1897-047
? ст. 950,?,ст. 950,1,1897-047,1897,47,https://ivseliv.github.io/senat/lex/#/d/1897-047
? ст. 1290,?,ст. 1290,1,1897-048,1897,48,https://ivseliv.github.io/senat/lex/#/d/1897-048
? ст. 1291,?,ст. 1291,1,1897-048,1897,48,https://ivseliv.github.io/senat/lex/#/d/1897-048
ГКП ст. 1290,ГКП,ст. 1290,2,1897-048,1897,48,https://ivseliv.github.io/senat/lex/#/d/1897-048
ГКП ст. 1291,ГКП,ст. 1291,2,1897-048,1897,48,https://ivseliv.github.io/senat/lex/#/d/1897-048
ГКП ст. 1295,ГКП,ст. 1295,3,1897-048,1897,48,https://ivseliv.github.io/senat/lex/#/d/1897-048
? ст. 151–174,?,ст. 151–174,1,1897-049,1897,49,https://ivseliv.github.io/senat/lex/#/d/1897-049
? ст. 167,?,ст. 167,1,1897-049,1897,49,https://ivseliv.github.io/senat/lex/#/d/1897-049
? ст. 168,?,ст. 168,1,1897-049,1897,49,https://ivseliv.github.io/senat/lex/#/d/1897-049
? ст. 120,?,ст. 120,1,1897-050,1897,50,https://ivseliv.github.io/senat/lex/#/d/1897-050
? ст. 121,?,ст. 121,1,1897-050,1897,50,https://ivseliv.github.io/senat/lex/#/d/1897-050
? ст. 123,?,ст. 123,1,1897-050,1897,50,https://ivseliv.github.io/senat/lex/#/d/1897-050
? ст. 531,?,ст. 531,1,1897-050,1897,50,https://ivseliv.github.io/senat/lex/#/d/1897-050
УТ ст. 123,УТ,ст. 123,1,1897-050,1897,50,https://ivseliv.github.io/senat/lex/#/d/1897-050
? ст. 1012,?,ст. 1012,1,1897-051,1897,51,https://ivseliv.github.io/senat/lex/#/d/1897-051
СЗГ ст. 1013,СЗГ,ст. 1013,1,1897-051,1897,51,https://ivseliv.github.io/senat/lex/#/d/1897-051
СЗГ ст. 1078,СЗГ,ст. 1078,1,1897-051,1897,51,https://ivseliv.github.io/senat/lex/#/d/1897-051
СЗГ ст. 4,СЗГ,ст. 4,1,1897-051,1897,51,https://ivseliv.github.io/senat/lex/#/d/1897-051
УГС ст. 793,УГС,ст. 793,1,1897-051,1897,51,https://ivseliv.github.io/senat/lex/#/d/1897-051
? ст. 1529,?,ст. 1529,1,1897-052,1897,52,https://ivseliv.github.io/senat/lex/#/d/1897-052
? ст. 339,?,ст. 339,1,1897-052,1897,52,https://ivseliv.github.io/senat/lex/#/d/1897-052
? ст. 409,?,ст. 409,1,1897-052,1897,52,https://ivseliv.github.io/senat/lex/#/d/1897-052
? ст. 515,?,ст. 515,1,1897-052,1897,52,https://ivseliv.github.io/senat/lex/#/d/1897-052
СЗГ ст. 1529,СЗГ,ст. 1529,1,1897-052,1897,52,https://ivseliv.github.io/senat/lex/#/d/1897-052
? ст. 204–206,?,ст. 204–206,1,1897-053,1897,53,https://ivseliv.github.io/senat/lex/#/d/1897-053
? ст. 309,?,ст. 309,1,1897-053,1897,53,https://ivseliv.github.io/senat/lex/#/d/1897-053
? ст. 716,?,ст. 716,1,1897-053,1897,53,https://ivseliv.github.io/senat/lex/#/d/1897-053
? ст. 725,?,ст. 725,1,1897-053,1897,53,https://ivseliv.github.io/senat/lex/#/d/1897-053
? ст. 726,?,ст. 726,2,1897-053,1897,53,https://ivseliv.github.io/senat/lex/#/d/1897-053
? ст. 728,?,ст. 728,2,1897-053,1897,53,https://ivseliv.github.io/senat/lex/#/d/1897-053
? ст. 734,?,ст. 734,2,1897-053,1897,53,https://ivseliv.github.io/senat/lex/#/d/1897-053
УГС ст. 726,УГС,ст. 726,3,1897-053,1897,53,https://ivseliv.github.io/senat/lex/#/d/1897-053
УГС ст. 728,УГС,ст. 728,1,1897-053,1897,53,https://ivseliv.github.io/senat/lex/#/d/1897-053
УГС ст. 734,УГС,ст. 734,2,1897-053,1897,53,https://ivseliv.github.io/senat/lex/#/d/1897-053
? ст. 793,?,ст. 793,1,1897-054,1897,54,https://ivseliv.github.io/senat/lex/#/d/1897-054
? ст. 853,?,ст. 853,1,1897-055,1897,55,https://ivseliv.github.io/senat/lex/#/d/1897-055
? ст. 886,?,ст. 886,1,1897-055,1897,55,https://ivseliv.github.io/senat/lex/#/d/1897-055
? ст. 896–898,?,ст. 896–898,1,1897-055,1897,55,https://ivseliv.github.io/senat/lex/#/d/1897-055
УГС ст. 270,УГС,ст. 270,1,1897-055,1897,55,https://ivseliv.github.io/senat/lex/#/d/1897-055
УГС ст. 566,УГС,ст. 566,1,1897-055,1897,55,https://ivseliv.github.io/senat/lex/#/d/1897-055
УГС ст. 848,УГС,ст. 848,1,1897-055,1897,55,https://ivseliv.github.io/senat/lex/#/d/1897-055
УГС ст. 853,УГС,ст. 853,3,1897-055,1897,55,https://ivseliv.github.io/senat/lex/#/d/1897-055
УГС ст. 886,УГС,ст. 886,2,1897-055,1897,55,https://ivseliv.github.io/senat/lex/#/d/1897-055
УГС ст. 896,УГС,ст. 896,1,1897-055,1897,55,https://ivseliv.github.io/senat/lex/#/d/1897-055
УГС ст. 896–923,УГС,ст. 896–923,1,1897-055,1897,55,https://ivseliv.github.io/senat/lex/#/d/1897-055
УГС ст. 897,УГС,ст. 897,1,1897-055,1897,55,https://ivseliv.github.io/senat/lex/#/d/1897-055
УГС ст. 898,УГС,ст. 898,1,1897-055,1897,55,https://ivseliv.github.io/senat/lex/#/d/1897-055
УГС ст. 902,УГС,ст. 902,1,1897-055,1897,55,https://ivseliv.github.io/senat/lex/#/d/1897-055
? ст. 136,?,ст. 136,1,1897-056,1897,56,https://ivseliv.github.io/senat/lex/#/d/1897-056
? ст. 176,?,ст. 176,1,1897-056,1897,56,https://ivseliv.github.io/senat/lex/#/d/1897-056
? ст. 178,?,ст. 178,1,1897-056,1897,56,https://ivseliv.github.io/senat/lex/#/d/1897-056
? ст. 179,?,ст. 179,1,1897-056,1897,56,https://ivseliv.github.io/senat/lex/#/d/1897-056
? ст. 4 п. 5,?,ст. 4 п. 5,1,1897-056,1897,56,https://ivseliv.github.io/senat/lex/#/d/1897-056
? ст. 64,?,ст. 64,1,1897-056,1897,56,https://ivseliv.github.io/senat/lex/#/d/1897-056
УГС ст. 793,УГС,ст. 793,1,1897-057,1897,57,https://ivseliv.github.io/senat/lex/#/d/1897-057
? ст. 1317,?,ст. 1317,1,1897-058,1897,58,https://ivseliv.github.io/senat/lex/#/d/1897-058
СЗГ ст. 1317,СЗГ,ст. 1317,2,1897-058,1897,58,https://ivseliv.github.io/senat/lex/#/d/1897-058
УГС ст. 389,УГС,ст. 389,1,1897-058,1897,58,https://ivseliv.github.io/senat/lex/#/d/1897-058
УГС ст. 504,УГС,ст. 504,1,1897-058,1897,58,https://ivseliv.github.io/senat/lex/#/d/1897-058
? ст. 365,?,ст. 365,1,1897-059,1897,59,https://ivseliv.github.io/senat/lex/#/d/1897-059
? ст. 366,?,ст. 366,1,1897-059,1897,59,https://ivseliv.github.io/senat/lex/#/d/1897-059
? ст. 49–54,?,ст. 49–54,1,1897-059,1897,59,https://ivseliv.github.io/senat/lex/#/d/1897-059
? ст. 581–587,?,ст. 581–587,1,1897-059,1897,59,https://ivseliv.github.io/senat/lex/#/d/1897-059
? ст. 589–598,?,ст. 589–598,1,1897-059,1897,59,https://ivseliv.github.io/senat/lex/#/d/1897-059
? ст. 58–66,?,ст. 58–66,1,1897-059,1897,59,https://ivseliv.github.io/senat/lex/#/d/1897-059
? ст. 602,?,ст. 602,1,1897-059,1897,59,https://ivseliv.github.io/senat/lex/#/d/1897-059
? ст. 604–606,?,ст. 604–606,1,1897-059,1897,59,https://ivseliv.github.io/senat/lex/#/d/1897-059
? ст. 605,?,ст. 605,1,1897-059,1897,59,https://ivseliv.github.io/senat/lex/#/d/1897-059
? ст. 606,?,ст. 606,1,1897-059,1897,59,https://ivseliv.github.io/senat/lex/#/d/1897-059
? ст. 607,?,ст. 607,2,1897-059,1897,59,https://ivseliv.github.io/senat/lex/#/d/1897-059
? ст. 608,?,ст. 608,3,1897-059,1897,59,https://ivseliv.github.io/senat/lex/#/d/1897-059
? ст. 610,?,ст. 610,2,1897-059,1897,59,https://ivseliv.github.io/senat/lex/#/d/1897-059
? ст. 611,?,ст. 611,1,1897-059,1897,59,https://ivseliv.github.io/senat/lex/#/d/1897-059
? ст. 613,?,ст. 613,2,1897-059,1897,59,https://ivseliv.github.io/senat/lex/#/d/1897-059
? ст. 653,?,ст. 653,1,1897-059,1897,59,https://ivseliv.github.io/senat/lex/#/d/1897-059
? ст. 653–655,?,ст. 653–655,2,1897-059,1897,59,https://ivseliv.github.io/senat/lex/#/d/1897-059
? ст. 654,?,ст. 654,2,1897-059,1897,59,https://ivseliv.github.io/senat/lex/#/d/1897-059
? ст. 70,?,ст. 70,1,1897-059,1897,59,https://ivseliv.github.io/senat/lex/#/d/1897-059
? ст. 72,?,ст. 72,1,1897-059,1897,59,https://ivseliv.github.io/senat/lex/#/d/1897-059
? ст. 73,?,ст. 73,1,1897-059,1897,59,https://ivseliv.github.io/senat/lex/#/d/1897-059
? ст. 76–78,?,ст. 76–78,1,1897-059,1897,59,https://ivseliv.github.io/senat/lex/#/d/1897-059
УГС ст. 185,УГС,ст. 185,2,1897-059,1897,59,https://ivseliv.github.io/senat/lex/#/d/1897-059
УГС ст. 186,УГС,ст. 186,1,1897-059,1897,59,https://ivseliv.github.io/senat/lex/#/d/1897-059
УГС ст. 188,УГС,ст. 188,1,1897-059,1897,59,https://ivseliv.github.io/senat/lex/#/d/1897-059
УГС ст. 608,УГС,ст. 608,1,1897-059,1897,59,https://ivseliv.github.io/senat/lex/#/d/1897-059
УГС ст. 82,УГС,ст. 82,1,1897-059,1897,59,https://ivseliv.github.io/senat/lex/#/d/1897-059
УТ ст. 105,УТ,ст. 105,1,1897-059,1897,59,https://ivseliv.github.io/senat/lex/#/d/1897-059
? ст. 352,?,ст. 352,1,1897-060,1897,60,https://ivseliv.github.io/senat/lex/#/d/1897-060
? ст. 938,?,ст. 938,1,1897-060,1897,60,https://ivseliv.github.io/senat/lex/#/d/1897-060
СЗГ ст. 1,СЗГ,ст. 1,3,1897-060,1897,60,https://ivseliv.github.io/senat/lex/#/d/1897-060
СЗГ ст. 1112,СЗГ,ст. 1112,1,1897-060,1897,60,https://ivseliv.github.io/senat/lex/#/d/1897-060
СЗГ ст. 1119,СЗГ,ст. 1119,5,1897-060,1897,60,https://ivseliv.github.io/senat/lex/#/d/1897-060
СЗГ ст. 145,СЗГ,ст. 145,1,1897-060,1897,60,https://ivseliv.github.io/senat/lex/#/d/1897-060
СЗГ ст. 147,СЗГ,ст. 147,2,1897-060,1897,60,https://ivseliv.github.io/senat/lex/#/d/1897-060
СЗГ ст. 154,СЗГ,ст. 154,1,1897-060,1897,60,https://ivseliv.github.io/senat/lex/#/d/1897-060
УГС ст. 793,УГС,ст. 793,1,1897-060,1897,60,https://ivseliv.github.io/senat/lex/#/d/1897-060
СЗГ ст. 1111,СЗГ,ст. 1111,1,1897-061,1897,61,https://ivseliv.github.io/senat/lex/#/d/1897-061
СЗГ ст. 1123,СЗГ,ст. 1123,2,1897-061,1897,61,https://ivseliv.github.io/senat/lex/#/d/1897-061
? ст. 247,?,ст. 247,1,1897-062,1897,62,https://ivseliv.github.io/senat/lex/#/d/1897-062
? ст. 400,?,ст. 400,1,1897-062,1897,62,https://ivseliv.github.io/senat/lex/#/d/1897-062
СЗГ ст. 1529,СЗГ,ст. 1529,2,1897-062,1897,62,https://ivseliv.github.io/senat/lex/#/d/1897-062
УГС ст. 366,УГС,ст. 366,1,1897-062,1897,62,https://ivseliv.github.io/senat/lex/#/d/1897-062
УГС ст. 409,УГС,ст. 409,1,1897-062,1897,62,https://ivseliv.github.io/senat/lex/#/d/1897-062
УГС ст. 410,УГС,ст. 410,2,1897-062,1897,62,https://ivseliv.github.io/senat/lex/#/d/1897-062
УГС ст. 793,УГС,ст. 793,1,1897-062,1897,62,https://ivseliv.github.io/senat/lex/#/d/1897-062
УСУ ст. 400,УСУ,ст. 400,4,1897-062,1897,62,https://ivseliv.github.io/senat/lex/#/d/1897-062
УСУ ст. 5,УСУ,ст. 5,1,1897-062,1897,62,https://ivseliv.github.io/senat/lex/#/d/1897-062
УТ ст. 257,УТ,ст. 257,1,1897-062,1897,62,https://ivseliv.github.io/senat/lex/#/d/1897-062
УТ ст. 258,УТ,ст. 258,1,1897-062,1897,62,https://ivseliv.github.io/senat/lex/#/d/1897-062
? ст. 256,?,ст. 256,1,1897-063,1897,63,https://ivseliv.github.io/senat/lex/#/d/1897-063
? ст. 257,?,ст. 257,1,1897-063,1897,63,https://ivseliv.github.io/senat/lex/#/d/1897-063
? ст. 257 п. 4,?,ст. 257 п. 4,1,1897-063,1897,63,https://ivseliv.github.io/senat/lex/#/d/1897-063
? ст. 276,?,ст. 276,1,1897-063,1897,63,https://ivseliv.github.io/senat/lex/#/d/1897-063
? ст. 277,?,ст. 277,1,1897-063,1897,63,https://ivseliv.github.io/senat/lex/#/d/1897-063
? ст. 278,?,ст. 278,1,1897-063,1897,63,https://ivseliv.github.io/senat/lex/#/d/1897-063
? ст. 312,?,ст. 312,1,1897-063,1897,63,https://ivseliv.github.io/senat/lex/#/d/1897-063
? ст. 317,?,ст. 317,1,1897-063,1897,63,https://ivseliv.github.io/senat/lex/#/d/1897-063
? ст. 319,?,ст. 319,1,1897-063,1897,63,https://ivseliv.github.io/senat/lex/#/d/1897-063
? ст. 362,?,ст. 362,1,1897-063,1897,63,https://ivseliv.github.io/senat/lex/#/d/1897-063
? ст. 584 п. 1,?,ст. 584 п. 1,1,1897-063,1897,63,https://ivseliv.github.io/senat/lex/#/d/1897-063
? ст. 65,?,ст. 65,1,1897-064,1897,64,https://ivseliv.github.io/senat/lex/#/d/1897-064
? ст. 1093,?,ст. 1093,3,1897-065,1897,65,https://ivseliv.github.io/senat/lex/#/d/1897-065
? ст. 1337,?,ст. 1337,1,1897-065,1897,65,https://ivseliv.github.io/senat/lex/#/d/1897-065
? ст. 1340–1353,?,ст. 1340–1353,1,1897-065,1897,65,https://ivseliv.github.io/senat/lex/#/d/1897-065
? ст. 1–4,?,ст. 1–4,1,1897-065,1897,65,https://ivseliv.github.io/senat/lex/#/d/1897-065
? ст. 78,?,ст. 78,1,1897-065,1897,65,https://ivseliv.github.io/senat/lex/#/d/1897-065
СЗГ ст. 1066¹²,СЗГ,ст. 1066¹²,1,1897-065,1897,65,https://ivseliv.github.io/senat/lex/#/d/1897-065
СЗГ ст. 1066¹⁰,СЗГ,ст. 1066¹⁰,1,1897-065,1897,65,https://ivseliv.github.io/senat/lex/#/d/1897-065
СЗГ ст. 1093,СЗГ,ст. 1093,1,1897-065,1897,65,https://ivseliv.github.io/senat/lex/#/d/1897-065
СЗГ ст. 11,СЗГ,ст. 11,1,1897-065,1897,65,https://ivseliv.github.io/senat/lex/#/d/1897-065
СЗГ ст. 1121,СЗГ,ст. 1121,1,1897-065,1897,65,https://ivseliv.github.io/senat/lex/#/d/1897-065
СЗГ ст. 1127,СЗГ,ст. 1127,1,1897-065,1897,65,https://ivseliv.github.io/senat/lex/#/d/1897-065
СЗГ ст. 1134,СЗГ,ст. 1134,1,1897-065,1897,65,https://ivseliv.github.io/senat/lex/#/d/1897-065
СЗГ ст. 1241,СЗГ,ст. 1241,1,1897-065,1897,65,https://ivseliv.github.io/senat/lex/#/d/1897-065
СЗГ ст. 16,СЗГ,ст. 16,1,1897-065,1897,65,https://ivseliv.github.io/senat/lex/#/d/1897-065
СЗГ ст. 17,СЗГ,ст. 17,1,1897-065,1897,65,https://ivseliv.github.io/senat/lex/#/d/1897-065
СЗГ ст. 209,СЗГ,ст. 209,1,1897-065,1897,65,https://ivseliv.github.io/senat/lex/#/d/1897-065
СЗГ ст. 23,СЗГ,ст. 23,1,1897-065,1897,65,https://ivseliv.github.io/senat/lex/#/d/1897-065
СЗГ ст. 25,СЗГ,ст. 25,1,1897-065,1897,65,https://ivseliv.github.io/senat/lex/#/d/1897-065
СЗГ ст. 31,СЗГ,ст. 31,1,1897-065,1897,65,https://ivseliv.github.io/senat/lex/#/d/1897-065
СЗГ ст. 35,СЗГ,ст. 35,2,1897-065,1897,65,https://ivseliv.github.io/senat/lex/#/d/1897-065
СЗГ ст. 78,СЗГ,ст. 78,1,1897-065,1897,65,https://ivseliv.github.io/senat/lex/#/d/1897-065
УГС ст. 1,УГС,ст. 1,1,1897-065,1897,65,https://ivseliv.github.io/senat/lex/#/d/1897-065
УГС ст. 1093,УГС,ст. 1093,1,1897-065,1897,65,https://ivseliv.github.io/senat/lex/#/d/1897-065
УГС ст. 1356¹–1356,УГС,ст. 1356¹–1356,1,1897-065,1897,65,https://ivseliv.github.io/senat/lex/#/d/1897-065
УГС ст. 1356⁵,УГС,ст. 1356⁵,3,1897-065,1897,65,https://ivseliv.github.io/senat/lex/#/d/1897-065
УГС ст. 589,УГС,ст. 589,1,1897-065,1897,65,https://ivseliv.github.io/senat/lex/#/d/1897-065
УГС ст. 895,УГС,ст. 895,1,1897-065,1897,65,https://ivseliv.github.io/senat/lex/#/d/1897-065
УН ст. 1356¹–1356,УН,ст. 1356¹–1356,1,1897-065,1897,65,https://ivseliv.github.io/senat/lex/#/d/1897-065
УН ст. 1585¹–1585,УН,ст. 1585¹–1585,1,1897-065,1897,65,https://ivseliv.github.io/senat/lex/#/d/1897-065
? ст. 1171,?,ст. 1171,1,1897-066,1897,66,https://ivseliv.github.io/senat/lex/#/d/1897-066
УГС ст. 1177,УГС,ст. 1177,1,1897-066,1897,66,https://ivseliv.github.io/senat/lex/#/d/1897-066
? ст. 29 п. 6,?,ст. 29 п. 6,1,1897-067,1897,67,https://ivseliv.github.io/senat/lex/#/d/1897-067
? ст. 369,?,ст. 369,1,1897-067,1897,67,https://ivseliv.github.io/senat/lex/#/d/1897-067
? ст. 617,?,ст. 617,1,1897-067,1897,67,https://ivseliv.github.io/senat/lex/#/d/1897-067
? ст. 618,?,ст. 618,1,1897-067,1897,67,https://ivseliv.github.io/senat/lex/#/d/1897-067
? ст. 821,?,ст. 821,1,1897-067,1897,67,https://ivseliv.github.io/senat/lex/#/d/1897-067
? ст. 821–8,?,ст. 821–8,1,1897-067,1897,67,https://ivseliv.github.io/senat/lex/#/d/1897-067
? ст. 822,?,ст. 822,1,1897-067,1897,67,https://ivseliv.github.io/senat/lex/#/d/1897-067
? ст. 82⁸,?,ст. 82⁸,1,1897-067,1897,67,https://ivseliv.github.io/senat/lex/#/d/1897-067
УГС ст. 705,УГС,ст. 705,1,1897-067,1897,67,https://ivseliv.github.io/senat/lex/#/d/1897-067
УГС ст. 821,УГС,ст. 821,1,1897-067,1897,67,https://ivseliv.github.io/senat/lex/#/d/1897-067
УГС ст. 82¹,УГС,ст. 82¹,3,1897-067,1897,67,https://ivseliv.github.io/senat/lex/#/d/1897-067
УТ ст. 617,УТ,ст. 617,1,1897-067,1897,67,https://ivseliv.github.io/senat/lex/#/d/1897-067
УТ ст. 618,УТ,ст. 618,1,1897-067,1897,67,https://ivseliv.github.io/senat/lex/#/d/1897-067
СЗГ ст. 1148,СЗГ,ст. 1148,1,1897-068,1897,68,https://ivseliv.github.io/senat/lex/#/d/1897-068
СЗГ ст. 1151,СЗГ,ст. 1151,3,1897-068,1897,68,https://ivseliv.github.io/senat/lex/#/d/1897-068
СЗГ ст. 1154,СЗГ,ст. 1154,2,1897-068,1897,68,https://ivseliv.github.io/senat/lex/#/d/1897-068
СЗГ ст. 397,СЗГ,ст. 397,1,1897-068,1897,68,https://ivseliv.github.io/senat/lex/#/d/1897-068
СЗГ ст. 399,СЗГ,ст. 399,1,1897-068,1897,68,https://ivseliv.github.io/senat/lex/#/d/1897-068
СЗГ ст. 967,СЗГ,ст. 967,1,1897-068,1897,68,https://ivseliv.github.io/senat/lex/#/d/1897-068
СЗГ ст. 994–1000,СЗГ,ст. 994–1000,1,1897-068,1897,68,https://ivseliv.github.io/senat/lex/#/d/1897-068
СЗГ ст. 1084,СЗГ,ст. 1084,1,1897-069,1897,69,https://ivseliv.github.io/senat/lex/#/d/1897-069
СЗГ ст. 1258,СЗГ,ст. 1258,1,1897-069,1897,69,https://ivseliv.github.io/senat/lex/#/d/1897-069
СЗГ ст. 1259,СЗГ,ст. 1259,2,1897-069,1897,69,https://ivseliv.github.io/senat/lex/#/d/1897-069
УГС ст. 64,УГС,ст. 64,1,1897-069,1897,69,https://ivseliv.github.io/senat/lex/#/d/1897-069
УГС ст. 65,УГС,ст. 65,1,1897-069,1897,69,https://ivseliv.github.io/senat/lex/#/d/1897-069
УГС ст. 1051,УГС,ст. 1051,1,1897-070,1897,70,https://ivseliv.github.io/senat/lex/#/d/1897-070
УГС ст. 1170,УГС,ст. 1170,1,1897-070,1897,70,https://ivseliv.github.io/senat/lex/#/d/1897-070
УГС ст. 339,УГС,ст. 339,1,1897-070,1897,70,https://ivseliv.github.io/senat/lex/#/d/1897-070
? ст. 1241,?,ст. 1241,1,1897-071,1897,71,https://ivseliv.github.io/senat/lex/#/d/1897-071
? ст. 1799,?,ст. 1799,1,1897-071,1897,71,https://ivseliv.github.io/senat/lex/#/d/1897-071
? ст. 555–565,?,ст. 555–565,1,1897-071,1897,71,https://ivseliv.github.io/senat/lex/#/d/1897-071
? ст. 590,?,ст. 590,1,1897-071,1897,71,https://ivseliv.github.io/senat/lex/#/d/1897-071
СЗГ ст. 1,СЗГ,ст. 1,1,1897-071,1897,71,https://ivseliv.github.io/senat/lex/#/d/1897-071
СЗГ ст. 1135,СЗГ,ст. 1135,1,1897-071,1897,71,https://ivseliv.github.io/senat/lex/#/d/1897-071
СЗГ ст. 1136,СЗГ,ст. 1136,1,1897-071,1897,71,https://ivseliv.github.io/senat/lex/#/d/1897-071
СЗГ ст. 1163,СЗГ,ст. 1163,1,1897-071,1897,71,https://ivseliv.github.io/senat/lex/#/d/1897-071
СЗГ ст. 1222,СЗГ,ст. 1222,1,1897-071,1897,71,https://ivseliv.github.io/senat/lex/#/d/1897-071
СЗГ ст. 1224–1226,СЗГ,ст. 1224–1226,1,1897-071,1897,71,https://ivseliv.github.io/senat/lex/#/d/1897-071
СЗГ ст. 1239,СЗГ,ст. 1239,2,1897-071,1897,71,https://ivseliv.github.io/senat/lex/#/d/1897-071
СЗГ ст. 1241,СЗГ,ст. 1241,7,1897-071,1897,71,https://ivseliv.github.io/senat/lex/#/d/1897-071
СЗГ ст. 1254,СЗГ,ст. 1254,2,1897-071,1897,71,https://ivseliv.github.io/senat/lex/#/d/1897-071
СЗГ ст. 1255,СЗГ,ст. 1255,1,1897-071,1897,71,https://ivseliv.github.io/senat/lex/#/d/1897-071
СЗГ ст. 1258,СЗГ,ст. 1258,1,1897-071,1897,71,https://ivseliv.github.io/senat/lex/#/d/1897-071
СЗГ ст. 1261,СЗГ,ст. 1261,1,1897-071,1897,71,https://ivseliv.github.io/senat/lex/#/d/1897-071
СЗГ ст. 1401–1408,СЗГ,ст. 1401–1408,1,1897-071,1897,71,https://ivseliv.github.io/senat/lex/#/d/1897-071
СЗГ ст. 1408,СЗГ,ст. 1408,1,1897-071,1897,71,https://ivseliv.github.io/senat/lex/#/d/1897-071
СЗГ ст. 2141,СЗГ,ст. 2141,1,1897-071,1897,71,https://ivseliv.github.io/senat/lex/#/d/1897-071
? ст. 793,?,ст. 793,1,1897-072,1897,72,https://ivseliv.github.io/senat/lex/#/d/1897-072
СЗГ ст. 154,СЗГ,ст. 154,1,1897-072,1897,72,https://ivseliv.github.io/senat/lex/#/d/1897-072
? ст. 30,?,ст. 30,1,1897-073,1897,73,https://ivseliv.github.io/senat/lex/#/d/1897-073
? ст. 586,?,ст. 586,1,1897-073,1897,73,https://ivseliv.github.io/senat/lex/#/d/1897-073
УГС ст. 187,УГС,ст. 187,1,1897-073,1897,73,https://ivseliv.github.io/senat/lex/#/d/1897-073
УГС ст. 794,УГС,ст. 794,1,1897-073,1897,73,https://ivseliv.github.io/senat/lex/#/d/1897-073
? ст. 524,?,ст. 524,1,1897-074,1897,74,https://ivseliv.github.io/senat/lex/#/d/1897-074
? ст. 827,?,ст. 827,1,1897-074,1897,74,https://ivseliv.github.io/senat/lex/#/d/1897-074
ГКП ст. 1356,ГКП,ст. 1356,1,1897-074,1897,74,https://ivseliv.github.io/senat/lex/#/d/1897-074
ГКП ст. 82,ГКП,ст. 82,1,1897-074,1897,74,https://ivseliv.github.io/senat/lex/#/d/1897-074
ГКП ст. 826,ГКП,ст. 826,1,1897-074,1897,74,https://ivseliv.github.io/senat/lex/#/d/1897-074
УГС ст. 1490,УГС,ст. 1490,1,1897-074,1897,74,https://ivseliv.github.io/senat/lex/#/d/1897-074
УГС ст. 1767,УГС,ст. 1767,1,1897-074,1897,74,https://ivseliv.github.io/senat/lex/#/d/1897-074
УГС ст. 186,УГС,ст. 186,1,1897-074,1897,74,https://ivseliv.github.io/senat/lex/#/d/1897-074
СЗГ ст. 106,СЗГ,ст. 106,1,1897-075,1897,75,https://ivseliv.github.io/senat/lex/#/d/1897-075
УГС ст. 793,УГС,ст. 793,1,1897-075,1897,75,https://ivseliv.github.io/senat/lex/#/d/1897-075
? ст. 102,?,ст. 102,4,1897-076,1897,76,https://ivseliv.github.io/senat/lex/#/d/1897-076
? ст. 26–33,?,ст. 26–33,1,1897-076,1897,76,https://ivseliv.github.io/senat/lex/#/d/1897-076
? ст. 2922,?,ст. 2922,2,1897-076,1897,76,https://ivseliv.github.io/senat/lex/#/d/1897-076
? ст. 2936,?,ст. 2936,2,1897-076,1897,76,https://ivseliv.github.io/senat/lex/#/d/1897-076
? ст. 2937,?,ст. 2937,1,1897-076,1897,76,https://ivseliv.github.io/senat/lex/#/d/1897-076
? ст. 2939,?,ст. 2939,1,1897-076,1897,76,https://ivseliv.github.io/senat/lex/#/d/1897-076
? ст. 2986,?,ст. 2986,1,1897-076,1897,76,https://ivseliv.github.io/senat/lex/#/d/1897-076
? ст. 3167,?,ст. 3167,1,1897-076,1897,76,https://ivseliv.github.io/senat/lex/#/d/1897-076
? ст. 3168,?,ст. 3168,1,1897-076,1897,76,https://ivseliv.github.io/senat/lex/#/d/1897-076
? ст. 3172,?,ст. 3172,1,1897-076,1897,76,https://ivseliv.github.io/senat/lex/#/d/1897-076
? ст. 3214,?,ст. 3214,1,1897-076,1897,76,https://ivseliv.github.io/senat/lex/#/d/1897-076
? ст. 4266,?,ст. 4266,2,1897-076,1897,76,https://ivseliv.github.io/senat/lex/#/d/1897-076
? ст. 4268,?,ст. 4268,1,1897-076,1897,76,https://ivseliv.github.io/senat/lex/#/d/1897-076
? ст. 4271,?,ст. 4271,1,1897-076,1897,76,https://ivseliv.github.io/senat/lex/#/d/1897-076
? ст. 4272,?,ст. 4272,2,1897-076,1897,76,https://ivseliv.github.io/senat/lex/#/d/1897-076
? ст. 4294,?,ст. 4294,1,1897-076,1897,76,https://ivseliv.github.io/senat/lex/#/d/1897-076
? ст. 50–60,?,ст. 50–60,1,1897-076,1897,76,https://ivseliv.github.io/senat/lex/#/d/1897-076
? ст. 60,?,ст. 60,1,1897-076,1897,76,https://ivseliv.github.io/senat/lex/#/d/1897-076
? ст. 639,?,ст. 639,1,1897-076,1897,76,https://ivseliv.github.io/senat/lex/#/d/1897-076
? ст. 7 п. 2,?,ст. 7 п. 2,1,1897-077,1897,77,https://ivseliv.github.io/senat/lex/#/d/1897-077
? ст. 70,?,ст. 70,3,1897-077,1897,77,https://ivseliv.github.io/senat/lex/#/d/1897-077
? ст. 9 п. 4,?,ст. 9 п. 4,1,1897-077,1897,77,https://ivseliv.github.io/senat/lex/#/d/1897-077
СЗГ ст. 698,СЗГ,ст. 698,2,1897-078,1897,78,https://ivseliv.github.io/senat/lex/#/d/1897-078
СЗГ ст. 525–592,СЗГ,ст. 525–592,1,1897-079,1897,79,https://ivseliv.github.io/senat/lex/#/d/1897-079
СЗГ ст. 531,СЗГ,ст. 531,1,1897-079,1897,79,https://ivseliv.github.io/senat/lex/#/d/1897-079
УГС ст. 29,УГС,ст. 29,1,1897-079,1897,79,https://ivseliv.github.io/senat/lex/#/d/1897-079
? ст. 572,?,ст. 572,1,1897-080,1897,80,https://ivseliv.github.io/senat/lex/#/d/1897-080
СЗГ ст. 1547,СЗГ,ст. 1547,1,1897-080,1897,80,https://ivseliv.github.io/senat/lex/#/d/1897-080
СЗГ ст. 1554,СЗГ,ст. 1554,1,1897-080,1897,80,https://ivseliv.github.io/senat/lex/#/d/1897-080
СЗГ ст. 1663,СЗГ,ст. 1663,1,1897-080,1897,80,https://ivseliv.github.io/senat/lex/#/d/1897-080
УГС ст. 793,УГС,ст. 793,1,1897-080,1897,80,https://ivseliv.github.io/senat/lex/#/d/1897-080
УСУ ст. 5,УСУ,ст. 5,1,1897-080,1897,80,https://ivseliv.github.io/senat/lex/#/d/1897-080
? ст. 164,?,ст. 164,1,1897-081,1897,81,https://ivseliv.github.io/senat/lex/#/d/1897-081
? ст. 172,?,ст. 172,1,1897-081,1897,81,https://ivseliv.github.io/senat/lex/#/d/1897-081
? ст. 173,?,ст. 173,1,1897-081,1897,81,https://ivseliv.github.io/senat/lex/#/d/1897-081
? ст. 178,?,ст. 178,1,1897-081,1897,81,https://ivseliv.github.io/senat/lex/#/d/1897-081
? ст. 179,?,ст. 179,1,1897-081,1897,81,https://ivseliv.github.io/senat/lex/#/d/1897-081
? ст. 774,?,ст. 774,1,1897-081,1897,81,https://ivseliv.github.io/senat/lex/#/d/1897-081
? ст. 868,?,ст. 868,1,1897-081,1897,81,https://ivseliv.github.io/senat/lex/#/d/1897-081
СЗГ ст. 164,СЗГ,ст. 164,1,1897-081,1897,81,https://ivseliv.github.io/senat/lex/#/d/1897-081
СЗГ ст. 172–174,СЗГ,ст. 172–174,1,1897-081,1897,81,https://ivseliv.github.io/senat/lex/#/d/1897-081
СЗГ ст. 173,СЗГ,ст. 173,1,1897-081,1897,81,https://ivseliv.github.io/senat/lex/#/d/1897-081
СЗГ ст. 177,СЗГ,ст. 177,1,1897-081,1897,81,https://ivseliv.github.io/senat/lex/#/d/1897-081
СЗГ ст. 177–181,СЗГ,ст. 177–181,1,1897-081,1897,81,https://ivseliv.github.io/senat/lex/#/d/1897-081
УН ст. 142,УН,ст. 142,1,1897-081,1897,81,https://ivseliv.github.io/senat/lex/#/d/1897-081
? ст. 141,?,ст. 141,2,1897-082,1897,82,https://ivseliv.github.io/senat/lex/#/d/1897-082
? ст. 2993,?,ст. 2993,1,1897-085,1897,85,https://ivseliv.github.io/senat/lex/#/d/1897-085
? ст. 2994,?,ст. 2994,1,1897-085,1897,85,https://ivseliv.github.io/senat/lex/#/d/1897-085
? ст. 32,?,ст. 32,1,1897-085,1897,85,https://ivseliv.github.io/senat/lex/#/d/1897-085
? ст. 4226,?,ст. 4226,1,1897-085,1897,85,https://ivseliv.github.io/senat/lex/#/d/1897-085
? ст. 621,?,ст. 621,1,1897-085,1897,85,https://ivseliv.github.io/senat/lex/#/d/1897-085
? ст. 816–831,?,ст. 816–831,2,1897-086,1897,86,https://ivseliv.github.io/senat/lex/#/d/1897-086
? ст. 194,?,ст. 194,1,1897-087,1897,87,https://ivseliv.github.io/senat/lex/#/d/1897-087
? ст. 232,?,ст. 232,1,1897-087,1897,87,https://ivseliv.github.io/senat/lex/#/d/1897-087
ГКП ст. 232,ГКП,ст. 232,1,1897-087,1897,87,https://ivseliv.github.io/senat/lex/#/d/1897-087
ГКП ст. 751,ГКП,ст. 751,3,1897-087,1897,87,https://ivseliv.github.io/senat/lex/#/d/1897-087
ГКП ст. 753,ГКП,ст. 753,4,1897-087,1897,87,https://ivseliv.github.io/senat/lex/#/d/1897-087
ГКП ст. 754,ГКП,ст. 754,4,1897-087,1897,87,https://ivseliv.github.io/senat/lex/#/d/1897-087
УГС ст. 142 п. 4,УГС,ст. 142 п. 4,1,1897-087,1897,87,https://ivseliv.github.io/senat/lex/#/d/1897-087
УГС ст. 194,УГС,ст. 194,1,1897-087,1897,87,https://ivseliv.github.io/senat/lex/#/d/1897-087
УГС ст. 207,УГС,ст. 207,1,1897-087,1897,87,https://ivseliv.github.io/senat/lex/#/d/1897-087
УГС ст. 209,УГС,ст. 209,1,1897-087,1897,87,https://ivseliv.github.io/senat/lex/#/d/1897-087
УГС ст. 232,УГС,ст. 232,1,1897-087,1897,87,https://ivseliv.github.io/senat/lex/#/d/1897-087
? ст. 65,?,ст. 65,1,1897-088,1897,88,https://ivseliv.github.io/senat/lex/#/d/1897-088
СЗГ ст. 684,СЗГ,ст. 684,3,1897-088,1897,88,https://ivseliv.github.io/senat/lex/#/d/1897-088
УГС ст. 793,УГС,ст. 793,1,1897-088,1897,88,https://ivseliv.github.io/senat/lex/#/d/1897-088
? ст. 1301,?,ст. 1301,1,1897-089,1897,89,https://ivseliv.github.io/senat/lex/#/d/1897-089
? ст. 1302,?,ст. 1302,1,1897-089,1897,89,https://ivseliv.github.io/senat/lex/#/d/1897-089
? ст. 1309,?,ст. 1309,1,1897-089,1897,89,https://ivseliv.github.io/senat/lex/#/d/1897-089
СЗГ ст. 413,СЗГ,ст. 413,1,1897-089,1897,89,https://ivseliv.github.io/senat/lex/#/d/1897-089
СЗГ ст. 548,СЗГ,ст. 548,1,1897-089,1897,89,https://ivseliv.github.io/senat/lex/#/d/1897-089
СЗГ ст. 698,СЗГ,ст. 698,1,1897-089,1897,89,https://ivseliv.github.io/senat/lex/#/d/1897-089
УГС ст. 186,УГС,ст. 186,1,1897-089,1897,89,https://ivseliv.github.io/senat/lex/#/d/1897-089
УТ ст. 1074,УТ,ст. 1074,1,1897-089,1897,89,https://ivseliv.github.io/senat/lex/#/d/1897-089
УТ ст. 1308,УТ,ст. 1308,1,1897-089,1897,89,https://ivseliv.github.io/senat/lex/#/d/1897-089
УТ ст. 1313,УТ,ст. 1313,1,1897-089,1897,89,https://ivseliv.github.io/senat/lex/#/d/1897-089
ГКП ст. 841,ГКП,ст. 841,2,1897-090,1897,90,https://ivseliv.github.io/senat/lex/#/d/1897-090
УГС ст. 142,УГС,ст. 142,1,1897-090,1897,90,https://ivseliv.github.io/senat/lex/#/d/1897-090
УСУ ст. 5,УСУ,ст. 5,1,1897-090,1897,90,https://ivseliv.github.io/senat/lex/#/d/1897-090
ГКП ст. 1010,ГКП,ст. 1010,1,1897-091,1897,91,https://ivseliv.github.io/senat/lex/#/d/1897-091
ГКП ст. 1659–1673,ГКП,ст. 1659–1673,1,1897-091,1897,91,https://ivseliv.github.io/senat/lex/#/d/1897-091
ГКП ст. 233,ГКП,ст. 233,1,1897-091,1897,91,https://ivseliv.github.io/senat/lex/#/d/1897-091
ГКП ст. 724,ГКП,ст. 724,1,1897-091,1897,91,https://ivseliv.github.io/senat/lex/#/d/1897-091
ГКП ст. 731,ГКП,ст. 731,1,1897-091,1897,91,https://ivseliv.github.io/senat/lex/#/d/1897-091
ГКП ст. 756,ГКП,ст. 756,1,1897-091,1897,91,https://ivseliv.github.io/senat/lex/#/d/1897-091
ГКП ст. 841,ГКП,ст. 841,2,1897-091,1897,91,https://ivseliv.github.io/senat/lex/#/d/1897-091
УГС ст. 4,УГС,ст. 4,1,1897-091,1897,91,https://ivseliv.github.io/senat/lex/#/d/1897-091
? ст. 79,?,ст. 79,1,1897-092,1897,92,https://ivseliv.github.io/senat/lex/#/d/1897-092
? ст. 60,?,ст. 60,1,1897-093,1897,93,https://ivseliv.github.io/senat/lex/#/d/1897-093
? ст. 61,?,ст. 61,1,1897-093,1897,93,https://ivseliv.github.io/senat/lex/#/d/1897-093
? ст. 65,?,ст. 65,1,1897-093,1897,93,https://ivseliv.github.io/senat/lex/#/d/1897-093
СЗГ ст. 1425,СЗГ,ст. 1425,1,1897-093,1897,93,https://ivseliv.github.io/senat/lex/#/d/1897-093
СЗГ ст. 1524,СЗГ,ст. 1524,1,1897-093,1897,93,https://ivseliv.github.io/senat/lex/#/d/1897-093
СЗГ ст. 1525,СЗГ,ст. 1525,2,1897-093,1897,93,https://ivseliv.github.io/senat/lex/#/d/1897-093
СЗГ ст. 1529,СЗГ,ст. 1529,1,1897-093,1897,93,https://ivseliv.github.io/senat/lex/#/d/1897-093
СЗГ ст. 420,СЗГ,ст. 420,1,1897-093,1897,93,https://ivseliv.github.io/senat/lex/#/d/1897-093
СЗГ ст. 698,СЗГ,ст. 698,5,1897-093,1897,93,https://ivseliv.github.io/senat/lex/#/d/1897-093
СЗГ ст. 707,СЗГ,ст. 707,1,1897-093,1897,93,https://ivseliv.github.io/senat/lex/#/d/1897-093
УГС ст. 1,УГС,ст. 1,1,1897-093,1897,93,https://ivseliv.github.io/senat/lex/#/d/1897-093
УГС ст. 339,УГС,ст. 339,1,1897-093,1897,93,https://ivseliv.github.io/senat/lex/#/d/1897-093
УГС ст. 711,УГС,ст. 711,1,1897-093,1897,93,https://ivseliv.github.io/senat/lex/#/d/1897-093
УГС ст. 793,УГС,ст. 793,1,1897-093,1897,93,https://ivseliv.github.io/senat/lex/#/d/1897-093
? ст. 169,?,ст. 169,1,1897-094,1897,94,https://ivseliv.github.io/senat/lex/#/d/1897-094
? ст. 187,?,ст. 187,1,1897-094,1897,94,https://ivseliv.github.io/senat/lex/#/d/1897-094
? ст. 188,?,ст. 188,1,1897-094,1897,94,https://ivseliv.github.io/senat/lex/#/d/1897-094
? ст. 557–567,?,ст. 557–567,1,1897-096,1897,96,https://ivseliv.github.io/senat/lex/#/d/1897-096
? ст. 690–694,?,ст. 690–694,1,1897-096,1897,96,https://ivseliv.github.io/senat/lex/#/d/1897-096
? ст. 698,?,ст. 698,1,1897-096,1897,96,https://ivseliv.github.io/senat/lex/#/d/1897-096
? ст. 959,?,ст. 959,1,1897-096,1897,96,https://ivseliv.github.io/senat/lex/#/d/1897-096
СЗГ ст. 1,СЗГ,ст. 1,1,1897-096,1897,96,https://ivseliv.github.io/senat/lex/#/d/1897-096
СЗГ ст. 1529,СЗГ,ст. 1529,1,1897-096,1897,96,https://ivseliv.github.io/senat/lex/#/d/1897-096
СЗГ ст. 694,СЗГ,ст. 694,5,1897-096,1897,96,https://ivseliv.github.io/senat/lex/#/d/1897-096
СЗГ ст. 698,СЗГ,ст. 698,2,1897-096,1897,96,https://ivseliv.github.io/senat/lex/#/d/1897-096
УГС ст. 1,УГС,ст. 1,1,1897-096,1897,96,https://ivseliv.github.io/senat/lex/#/d/1897-096
? ст. 1488–1500,?,ст. 1488–1500,1,1897-098,1897,98,https://ivseliv.github.io/senat/lex/#/d/1897-098
? ст. 1503,?,ст. 1503,1,1897-098,1897,98,https://ivseliv.github.io/senat/lex/#/d/1897-098
СЗГ ст. 1503,СЗГ,ст. 1503,1,1897-098,1897,98,https://ivseliv.github.io/senat/lex/#/d/1897-098
СЗГ ст. 1504,СЗГ,ст. 1504,2,1897-098,1897,98,https://ivseliv.github.io/senat/lex/#/d/1897-098
СЗГ ст. 1507,СЗГ,ст. 1507,6,1897-098,1897,98,https://ivseliv.github.io/senat/lex/#/d/1897-098
СЗГ ст. 1509,СЗГ,ст. 1509,1,1897-098,1897,98,https://ivseliv.github.io/senat/lex/#/d/1897-098
СЗГ ст. 700,СЗГ,ст. 700,1,1897-098,1897,98,https://ivseliv.github.io/senat/lex/#/d/1897-098
СЗГ ст. 707,СЗГ,ст. 707,1,1897-098,1897,98,https://ivseliv.github.io/senat/lex/#/d/1897-098
УГС ст. 1,УГС,ст. 1,1,1897-098,1897,98,https://ivseliv.github.io/senat/lex/#/d/1897-098
УГС ст. 793,УГС,ст. 793,1,1897-098,1897,98,https://ivseliv.github.io/senat/lex/#/d/1897-098
? ст. 115,?,ст. 115,1,1904-001,1904,1,https://ivseliv.github.io/senat/lex/#/d/1904-001
? ст. 29–46,?,ст. 29–46,1,1904-002,1904,2,https://ivseliv.github.io/senat/lex/#/d/1904-002
? ст. 39,?,ст. 39,1,1904-002,1904,2,https://ivseliv.github.io/senat/lex/#/d/1904-002
? ст. 481,?,ст. 481,2,1904-002,1904,2,https://ivseliv.github.io/senat/lex/#/d/1904-002
? ст. 533,?,ст. 533,1,1904-002,1904,2,https://ivseliv.github.io/senat/lex/#/d/1904-002
? ст. 605,?,ст. 605,1,1904-002,1904,2,https://ivseliv.github.io/senat/lex/#/d/1904-002
? ст. 607,?,ст. 607,1,1904-002,1904,2,https://ivseliv.github.io/senat/lex/#/d/1904-002
? ст. 608,?,ст. 608,1,1904-002,1904,2,https://ivseliv.github.io/senat/lex/#/d/1904-002
СЗГ ст. 2139–2198,СЗГ,ст. 2139–2198,1,1904-002,1904,2,https://ivseliv.github.io/senat/lex/#/d/1904-002
СЗГ ст. 2185,СЗГ,ст. 2185,1,1904-002,1904,2,https://ivseliv.github.io/senat/lex/#/d/1904-002
? ст. 3444,?,ст. 3444,1,1904-003,1904,3,https://ivseliv.github.io/senat/lex/#/d/1904-003
СЗГ ст. 683,СЗГ,ст. 683,3,1904-003,1904,3,https://ivseliv.github.io/senat/lex/#/d/1904-003
СЗГ ст. 684,СЗГ,ст. 684,1,1904-003,1904,3,https://ivseliv.github.io/senat/lex/#/d/1904-003
? ст. 1174,?,ст. 1174,1,1904-005,1904,5,https://ivseliv.github.io/senat/lex/#/d/1904-005
ГКП ст. 1174,ГКП,ст. 1174,2,1904-005,1904,5,https://ivseliv.github.io/senat/lex/#/d/1904-005
ГКП ст. 1709,ГКП,ст. 1709,2,1904-005,1904,5,https://ivseliv.github.io/senat/lex/#/d/1904-005
ГКП ст. 543,ГКП,ст. 543,1,1904-005,1904,5,https://ivseliv.github.io/senat/lex/#/d/1904-005
ГКП ст. 544,ГКП,ст. 544,1,1904-005,1904,5,https://ivseliv.github.io/senat/lex/#/d/1904-005
ГКП ст. 578,ГКП,ст. 578,1,1904-005,1904,5,https://ivseliv.github.io/senat/lex/#/d/1904-005
ГКП ст. 637,ГКП,ст. 637,1,1904-005,1904,5,https://ivseliv.github.io/senat/lex/#/d/1904-005
ГКП ст. 711,ГКП,ст. 711,1,1904-005,1904,5,https://ivseliv.github.io/senat/lex/#/d/1904-005
? ст. 139,?,ст. 139,1,1904-006,1904,6,https://ivseliv.github.io/senat/lex/#/d/1904-006
? ст. 141,?,ст. 141,1,1904-006,1904,6,https://ivseliv.github.io/senat/lex/#/d/1904-006
? ст. 52–55,?,ст. 52–55,1,1904-006,1904,6,https://ivseliv.github.io/senat/lex/#/d/1904-006
? ст. 54,?,ст. 54,1,1904-006,1904,6,https://ivseliv.github.io/senat/lex/#/d/1904-006
СЗГ ст. 552,СЗГ,ст. 552,1,1904-006,1904,6,https://ivseliv.github.io/senat/lex/#/d/1904-006
УГС ст. 1400,УГС,ст. 1400,1,1904-006,1904,6,https://ivseliv.github.io/senat/lex/#/d/1904-006
УГС ст. 2,УГС,ст. 2,1,1904-006,1904,6,https://ivseliv.github.io/senat/lex/#/d/1904-006
УГС ст. 4,УГС,ст. 4,1,1904-006,1904,6,https://ivseliv.github.io/senat/lex/#/d/1904-006
УГС ст. 6,УГС,ст. 6,1,1904-006,1904,6,https://ivseliv.github.io/senat/lex/#/d/1904-006
СЗГ ст. 976,СЗГ,ст. 976,1,1904-007,1904,7,https://ivseliv.github.io/senat/lex/#/d/1904-007
СЗГ ст. 986,СЗГ,ст. 986,1,1904-007,1904,7,https://ivseliv.github.io/senat/lex/#/d/1904-007
? ст. 206,?,ст. 206,1,1904-008,1904,8,https://ivseliv.github.io/senat/lex/#/d/1904-008
? ст. 221,?,ст. 221,1,1904-008,1904,8,https://ivseliv.github.io/senat/lex/#/d/1904-008
? ст. 226,?,ст. 226,1,1904-008,1904,8,https://ivseliv.github.io/senat/lex/#/d/1904-008
? ст. 236,?,ст. 236,1,1904-008,1904,8,https://ivseliv.github.io/senat/lex/#/d/1904-008
? ст. 237,?,ст. 237,1,1904-008,1904,8,https://ivseliv.github.io/senat/lex/#/d/1904-008
? ст. 255,?,ст. 255,2,1904-009,1904,9,https://ivseliv.github.io/senat/lex/#/d/1904-009
? ст. 270,?,ст. 270,1,1904-009,1904,9,https://ivseliv.github.io/senat/lex/#/d/1904-009
? ст. 415,?,ст. 415,1,1904-011,1904,11,https://ivseliv.github.io/senat/lex/#/d/1904-011
? ст. 428,?,ст. 428,1,1904-011,1904,11,https://ivseliv.github.io/senat/lex/#/d/1904-011
? ст. 529,?,ст. 529,1,1904-011,1904,11,https://ivseliv.github.io/senat/lex/#/d/1904-011
? ст. 530,?,ст. 530,1,1904-011,1904,11,https://ivseliv.github.io/senat/lex/#/d/1904-011
? ст. 622,?,ст. 622,1,1904-011,1904,11,https://ivseliv.github.io/senat/lex/#/d/1904-011
? ст. 623,?,ст. 623,1,1904-011,1904,11,https://ivseliv.github.io/senat/lex/#/d/1904-011
СЗГ ст. 1368,СЗГ,ст. 1368,1,1904-012,1904,12,https://ivseliv.github.io/senat/lex/#/d/1904-012
СЗГ ст. 1369,СЗГ,ст. 1369,1,1904-012,1904,12,https://ivseliv.github.io/senat/lex/#/d/1904-012
СЗГ ст. 1420,СЗГ,ст. 1420,1,1904-012,1904,12,https://ivseliv.github.io/senat/lex/#/d/1904-012
? ст. 589,?,ст. 589,1,1904-013,1904,13,https://ivseliv.github.io/senat/lex/#/d/1904-013
? ст. 839,?,ст. 839,1,1904-013,1904,13,https://ivseliv.github.io/senat/lex/#/d/1904-013
УГС ст. 1,УГС,ст. 1,1,1904-013,1904,13,https://ivseliv.github.io/senat/lex/#/d/1904-013
УГС ст. 129,УГС,ст. 129,2,1904-014,1904,14,https://ivseliv.github.io/senat/lex/#/d/1904-014
СЗГ ст. 1,СЗГ,ст. 1,3,1904-015,1904,15,https://ivseliv.github.io/senat/lex/#/d/1904-015
СЗГ ст. 1130,СЗГ,ст. 1130,9,1904-015,1904,15,https://ivseliv.github.io/senat/lex/#/d/1904-015
СЗГ ст. 1254,СЗГ,ст. 1254,1,1904-015,1904,15,https://ivseliv.github.io/senat/lex/#/d/1904-015
СЗГ ст. 1313,СЗГ,ст. 1313,1,1904-015,1904,15,https://ivseliv.github.io/senat/lex/#/d/1904-015
СЗГ ст. 1315,СЗГ,ст. 1315,1,1904-015,1904,15,https://ivseliv.github.io/senat/lex/#/d/1904-015
СЗГ ст. 1322,СЗГ,ст. 1322,1,1904-015,1904,15,https://ivseliv.github.io/senat/lex/#/d/1904-015
СЗГ ст. 2 п. 1313,СЗГ,ст. 2 п. 1313,1,1904-015,1904,15,https://ivseliv.github.io/senat/lex/#/d/1904-015
СЗГ ст. 4,СЗГ,ст. 4,1,1904-015,1904,15,https://ivseliv.github.io/senat/lex/#/d/1904-015
СЗГ ст. 4–13,СЗГ,ст. 4–13,1,1904-015,1904,15,https://ivseliv.github.io/senat/lex/#/d/1904-015
СЗГ ст. 5,СЗГ,ст. 5,2,1904-015,1904,15,https://ivseliv.github.io/senat/lex/#/d/1904-015
СЗГ ст. 550,СЗГ,ст. 550,2,1904-015,1904,15,https://ivseliv.github.io/senat/lex/#/d/1904-015
УГС ст. 10,УГС,ст. 10,1,1904-015,1904,15,https://ivseliv.github.io/senat/lex/#/d/1904-015
УГС ст. 1409,УГС,ст. 1409,1,1904-015,1904,15,https://ivseliv.github.io/senat/lex/#/d/1904-015
УГС ст. 1413,УГС,ст. 1413,1,1904-015,1904,15,https://ivseliv.github.io/senat/lex/#/d/1904-015
? ст. 684–689,?,ст. 684–689,1,1904-016,1904,16,https://ivseliv.github.io/senat/lex/#/d/1904-016
СЗГ ст. 684,СЗГ,ст. 684,1,1904-016,1904,16,https://ivseliv.github.io/senat/lex/#/d/1904-016
УГС ст. 14,УГС,ст. 14,1,1904-017,1904,17,https://ivseliv.github.io/senat/lex/#/d/1904-017
УГС ст. 1400,УГС,ст. 1400,1,1904-017,1904,17,https://ivseliv.github.io/senat/lex/#/d/1904-017
УГС ст. 15,УГС,ст. 15,1,1904-017,1904,17,https://ivseliv.github.io/senat/lex/#/d/1904-017
УГС ст. 1899,УГС,ст. 1899,1,1904-017,1904,17,https://ivseliv.github.io/senat/lex/#/d/1904-017
УГС ст. 22,УГС,ст. 22,1,1904-017,1904,17,https://ivseliv.github.io/senat/lex/#/d/1904-017
? ст. 260,?,ст. 260,1,1904-019,1904,19,https://ivseliv.github.io/senat/lex/#/d/1904-019
УГС ст. 47,УГС,ст. 47,1,1904-019,1904,19,https://ivseliv.github.io/senat/lex/#/d/1904-019
? ст. 49,?,ст. 49,1,1904-020,1904,20,https://ivseliv.github.io/senat/lex/#/d/1904-020
? ст. 50,?,ст. 50,1,1904-020,1904,20,https://ivseliv.github.io/senat/lex/#/d/1904-020
? ст. 51,?,ст. 51,1,1904-020,1904,20,https://ivseliv.github.io/senat/lex/#/d/1904-020
? ст. 73,?,ст. 73,1,1904-020,1904,20,https://ivseliv.github.io/senat/lex/#/d/1904-020
УЖД ст. 72,УЖД,ст. 72,2,1904-020,1904,20,https://ivseliv.github.io/senat/lex/#/d/1904-020
СЗГ ст. 1066¹²,СЗГ,ст. 1066¹²,1,1904-021,1904,21,https://ivseliv.github.io/senat/lex/#/d/1904-021
СЗГ ст. 224,СЗГ,ст. 224,1,1904-021,1904,21,https://ivseliv.github.io/senat/lex/#/d/1904-021
СЗГ ст. 694,СЗГ,ст. 694,2,1904-021,1904,21,https://ivseliv.github.io/senat/lex/#/d/1904-021
? ст. 1400,?,ст. 1400,2,1904-022,1904,22,https://ivseliv.github.io/senat/lex/#/d/1904-022
? ст. 387,?,ст. 387,1,1904-022,1904,22,https://ivseliv.github.io/senat/lex/#/d/1904-022
? ст. 388,?,ст. 388,2,1904-022,1904,22,https://ivseliv.github.io/senat/lex/#/d/1904-022
? ст. 389,?,ст. 389,1,1904-022,1904,22,https://ivseliv.github.io/senat/lex/#/d/1904-022
? ст. 443,?,ст. 443,1,1904-022,1904,22,https://ivseliv.github.io/senat/lex/#/d/1904-022
? ст. 511,?,ст. 511,1,1904-022,1904,22,https://ivseliv.github.io/senat/lex/#/d/1904-022
? ст. 518,?,ст. 518,1,1904-022,1904,22,https://ivseliv.github.io/senat/lex/#/d/1904-022
? ст. 527,?,ст. 527,1,1904-022,1904,22,https://ivseliv.github.io/senat/lex/#/d/1904-022
? ст. 528,?,ст. 528,1,1904-022,1904,22,https://ivseliv.github.io/senat/lex/#/d/1904-022
? ст. 529,?,ст. 529,1,1904-022,1904,22,https://ivseliv.github.io/senat/lex/#/d/1904-022
? ст. 530,?,ст. 530,1,1904-022,1904,22,https://ivseliv.github.io/senat/lex/#/d/1904-022
? ст. 532,?,ст. 532,1,1904-022,1904,22,https://ivseliv.github.io/senat/lex/#/d/1904-022
? ст. 1301,?,ст. 1301,2,1904-023,1904,23,https://ivseliv.github.io/senat/lex/#/d/1904-023
СЗГ ст. 1120,СЗГ,ст. 1120,1,1904-023,1904,23,https://ivseliv.github.io/senat/lex/#/d/1904-023
СЗГ ст. 1152,СЗГ,ст. 1152,1,1904-023,1904,23,https://ivseliv.github.io/senat/lex/#/d/1904-023
СЗГ ст. 1301,СЗГ,ст. 1301,1,1904-023,1904,23,https://ivseliv.github.io/senat/lex/#/d/1904-023
УГС ст. 9,УГС,ст. 9,1,1904-023,1904,23,https://ivseliv.github.io/senat/lex/#/d/1904-023
СЗГ ст. 545,СЗГ,ст. 545,1,1904-025,1904,25,https://ivseliv.github.io/senat/lex/#/d/1904-025
СЗГ ст. 708,СЗГ,ст. 708,1,1904-025,1904,25,https://ivseliv.github.io/senat/lex/#/d/1904-025
СЗГ ст. 74,СЗГ,ст. 74,1,1904-025,1904,25,https://ivseliv.github.io/senat/lex/#/d/1904-025
СЗГ ст. 75–80,СЗГ,ст. 75–80,1,1904-025,1904,25,https://ivseliv.github.io/senat/lex/#/d/1904-025
СЗГ ст. 77,СЗГ,ст. 77,1,1904-025,1904,25,https://ivseliv.github.io/senat/lex/#/d/1904-025
УГС ст. 339,УГС,ст. 339,1,1904-025,1904,25,https://ivseliv.github.io/senat/lex/#/d/1904-025
УГС ст. 456,УГС,ст. 456,1,1904-025,1904,25,https://ivseliv.github.io/senat/lex/#/d/1904-025
УГС ст. 711,УГС,ст. 711,1,1904-025,1904,25,https://ivseliv.github.io/senat/lex/#/d/1904-025
? ст. 366,?,ст. 366,1,1904-026,1904,26,https://ivseliv.github.io/senat/lex/#/d/1904-026
? ст. 515–589,?,ст. 515–589,1,1904-026,1904,26,https://ivseliv.github.io/senat/lex/#/d/1904-026
? ст. 527,?,ст. 527,1,1904-026,1904,26,https://ivseliv.github.io/senat/lex/#/d/1904-026
? ст. 575,?,ст. 575,1,1904-026,1904,26,https://ivseliv.github.io/senat/lex/#/d/1904-026
? ст. 577,?,ст. 577,1,1904-026,1904,26,https://ivseliv.github.io/senat/lex/#/d/1904-026
? ст. 583,?,ст. 583,3,1904-026,1904,26,https://ivseliv.github.io/senat/lex/#/d/1904-026
? ст. 584,?,ст. 584,1,1904-026,1904,26,https://ivseliv.github.io/senat/lex/#/d/1904-026
? ст. 81,?,ст. 81,1,1904-026,1904,26,https://ivseliv.github.io/senat/lex/#/d/1904-026
ГКП ст. 1149,ГКП,ст. 1149,2,1904-026,1904,26,https://ivseliv.github.io/senat/lex/#/d/1904-026
ГКП ст. 1152,ГКП,ст. 1152,1,1904-026,1904,26,https://ivseliv.github.io/senat/lex/#/d/1904-026
ГКП ст. 1229,ГКП,ст. 1229,1,1904-026,1904,26,https://ivseliv.github.io/senat/lex/#/d/1904-026
? ст. 174,?,ст. 174,1,1904-027,1904,27,https://ivseliv.github.io/senat/lex/#/d/1904-027
? ст. 185,?,ст. 185,1,1904-027,1904,27,https://ivseliv.github.io/senat/lex/#/d/1904-027
? ст. 197,?,ст. 197,1,1904-027,1904,27,https://ivseliv.github.io/senat/lex/#/d/1904-027
? ст. 197 п. 5,?,ст. 197 п. 5,1,1904-027,1904,27,https://ivseliv.github.io/senat/lex/#/d/1904-027
? ст. 1681,?,ст. 1681,1,1904-028,1904,28,https://ivseliv.github.io/senat/lex/#/d/1904-028
? ст. 1687,?,ст. 1687,2,1904-028,1904,28,https://ivseliv.github.io/senat/lex/#/d/1904-028
? ст. 1688,?,ст. 1688,1,1904-028,1904,28,https://ivseliv.github.io/senat/lex/#/d/1904-028
? ст. 1689,?,ст. 1689,1,1904-028,1904,28,https://ivseliv.github.io/senat/lex/#/d/1904-028
? ст. 570,?,ст. 570,1,1904-028,1904,28,https://ivseliv.github.io/senat/lex/#/d/1904-028
СЗГ ст. 1679,СЗГ,ст. 1679,1,1904-028,1904,28,https://ivseliv.github.io/senat/lex/#/d/1904-028
СЗГ ст. 1680,СЗГ,ст. 1680,1,1904-028,1904,28,https://ivseliv.github.io/senat/lex/#/d/1904-028
СЗГ ст. 1685,СЗГ,ст. 1685,2,1904-028,1904,28,https://ivseliv.github.io/senat/lex/#/d/1904-028
СЗГ ст. 1688,СЗГ,ст. 1688,2,1904-028,1904,28,https://ivseliv.github.io/senat/lex/#/d/1904-028
СЗГ ст. 1689,СЗГ,ст. 1689,1,1904-028,1904,28,https://ivseliv.github.io/senat/lex/#/d/1904-028
СЗГ ст. 684,СЗГ,ст. 684,1,1904-028,1904,28,https://ivseliv.github.io/senat/lex/#/d/1904-028
УГС ст. 11,УГС,ст. 11,1,1904-029,1904,29,https://ivseliv.github.io/senat/lex/#/d/1904-029
УСУ ст. 5,УСУ,ст. 5,1,1904-029,1904,29,https://ivseliv.github.io/senat/lex/#/d/1904-029
? ст. 110,?,ст. 110,1,1904-030,1904,30,https://ivseliv.github.io/senat/lex/#/d/1904-030
СЗГ ст. 1741,СЗГ,ст. 1741,1,1904-030,1904,30,https://ivseliv.github.io/senat/lex/#/d/1904-030
УЖД ст. 10,УЖД,ст. 10,1,1904-030,1904,30,https://ivseliv.github.io/senat/lex/#/d/1904-030
УЖД ст. 110,УЖД,ст. 110,2,1904-030,1904,30,https://ivseliv.github.io/senat/lex/#/d/1904-030
? ст. 344,?,ст. 344,1,1904-033,1904,33,https://ivseliv.github.io/senat/lex/#/d/1904-033
? ст. 359,?,ст. 359,1,1904-033,1904,33,https://ivseliv.github.io/senat/lex/#/d/1904-033
УГС ст. 1286,УГС,ст. 1286,1,1904-033,1904,33,https://ivseliv.github.io/senat/lex/#/d/1904-033
УГС ст. 247,УГС,ст. 247,1,1904-033,1904,33,https://ivseliv.github.io/senat/lex/#/d/1904-033
УГС ст. 248,УГС,ст. 248,1,1904-033,1904,33,https://ivseliv.github.io/senat/lex/#/d/1904-033
УГС ст. 46,УГС,ст. 46,1,1904-033,1904,33,https://ivseliv.github.io/senat/lex/#/d/1904-033
УГС ст. 47,УГС,ст. 47,1,1904-033,1904,33,https://ivseliv.github.io/senat/lex/#/d/1904-033
УГС ст. 1,УГС,ст. 1,1,1904-034,1904,34,https://ivseliv.github.io/senat/lex/#/d/1904-034
? ст. 263,?,ст. 263,2,1904-035,1904,35,https://ivseliv.github.io/senat/lex/#/d/1904-035
? ст. 266,?,ст. 266,2,1904-035,1904,35,https://ivseliv.github.io/senat/lex/#/d/1904-035
? ст. 467,?,ст. 467,1,1904-035,1904,35,https://ivseliv.github.io/senat/lex/#/d/1904-035
? ст. 483,?,ст. 483,1,1904-035,1904,35,https://ivseliv.github.io/senat/lex/#/d/1904-035
? ст. 484,?,ст. 484,1,1904-035,1904,35,https://ivseliv.github.io/senat/lex/#/d/1904-035
? ст. 488,?,ст. 488,1,1904-035,1904,35,https://ivseliv.github.io/senat/lex/#/d/1904-035
? ст. 488–490,?,ст. 488–490,2,1904-035,1904,35,https://ivseliv.github.io/senat/lex/#/d/1904-035
? ст. 489,?,ст. 489,1,1904-035,1904,35,https://ivseliv.github.io/senat/lex/#/d/1904-035
? ст. 965,?,ст. 965,1,1904-035,1904,35,https://ivseliv.github.io/senat/lex/#/d/1904-035
? ст. 39,?,ст. 39,3,1904-036,1904,36,https://ivseliv.github.io/senat/lex/#/d/1904-036
? ст. 182,?,ст. 182,1,1904-037,1904,37,https://ivseliv.github.io/senat/lex/#/d/1904-037
? ст. 183,?,ст. 183,1,1904-037,1904,37,https://ivseliv.github.io/senat/lex/#/d/1904-037
? ст. 203,?,ст. 203,2,1904-037,1904,37,https://ivseliv.github.io/senat/lex/#/d/1904-037
? ст. 214,?,ст. 214,3,1904-037,1904,37,https://ivseliv.github.io/senat/lex/#/d/1904-037
? ст. 246,?,ст. 246,2,1904-037,1904,37,https://ivseliv.github.io/senat/lex/#/d/1904-037
УГС ст. 202,УГС,ст. 202,1,1904-038,1904,38,https://ivseliv.github.io/senat/lex/#/d/1904-038
УГС ст. 272,УГС,ст. 272,1,1904-038,1904,38,https://ivseliv.github.io/senat/lex/#/d/1904-038
УГС ст. 273,УГС,ст. 273,1,1904-038,1904,38,https://ivseliv.github.io/senat/lex/#/d/1904-038
УГС ст. 29,УГС,ст. 29,1,1904-038,1904,38,https://ivseliv.github.io/senat/lex/#/d/1904-038
УГС ст. 55,УГС,ст. 55,1,1904-038,1904,38,https://ivseliv.github.io/senat/lex/#/d/1904-038
УГС ст. 584,УГС,ст. 584,1,1904-039,1904,39,https://ivseliv.github.io/senat/lex/#/d/1904-039
? ст. 1294,?,ст. 1294,1,1904-040,1904,40,https://ivseliv.github.io/senat/lex/#/d/1904-040
? ст. 137–139,?,ст. 137–139,1,1904-040,1904,40,https://ivseliv.github.io/senat/lex/#/d/1904-040
? ст. 733,?,ст. 733,2,1904-040,1904,40,https://ivseliv.github.io/senat/lex/#/d/1904-040
? ст. 8–10,?,ст. 8–10,1,1904-040,1904,40,https://ivseliv.github.io/senat/lex/#/d/1904-040
СЗГ ст. 1287,СЗГ,ст. 1287,3,1904-040,1904,40,https://ivseliv.github.io/senat/lex/#/d/1904-040
СЗГ ст. 1287–1294,СЗГ,ст. 1287–1294,1,1904-040,1904,40,https://ivseliv.github.io/senat/lex/#/d/1904-040
СЗГ ст. 2,СЗГ,ст. 2,1,1904-040,1904,40,https://ivseliv.github.io/senat/lex/#/d/1904-040
СЗГ ст. 26,СЗГ,ст. 26,1,1904-040,1904,40,https://ivseliv.github.io/senat/lex/#/d/1904-040
УСУ ст. 5,УСУ,ст. 5,1,1904-040,1904,40,https://ivseliv.github.io/senat/lex/#/d/1904-040
? ст. 1692,?,ст. 1692,1,1904-041,1904,41,https://ivseliv.github.io/senat/lex/#/d/1904-041
? ст. 1693,?,ст. 1693,1,1904-041,1904,41,https://ivseliv.github.io/senat/lex/#/d/1904-041
? ст. 1068,?,ст. 1068,1,1904-042,1904,42,https://ivseliv.github.io/senat/lex/#/d/1904-042
? ст. 1077,?,ст. 1077,1,1904-042,1904,42,https://ivseliv.github.io/senat/lex/#/d/1904-042
? ст. 194,?,ст. 194,1,1904-042,1904,42,https://ivseliv.github.io/senat/lex/#/d/1904-042
? ст. 822,?,ст. 822,1,1904-042,1904,42,https://ivseliv.github.io/senat/lex/#/d/1904-042
? ст. 834,?,ст. 834,1,1904-042,1904,42,https://ivseliv.github.io/senat/lex/#/d/1904-042
? ст. 993,?,ст. 993,1,1904-042,1904,42,https://ivseliv.github.io/senat/lex/#/d/1904-042
? ст. 998,?,ст. 998,1,1904-042,1904,42,https://ivseliv.github.io/senat/lex/#/d/1904-042
СЗГ ст. 1,СЗГ,ст. 1,1,1904-042,1904,42,https://ivseliv.github.io/senat/lex/#/d/1904-042
СЗГ ст. 1068,СЗГ,ст. 1068,6,1904-042,1904,42,https://ivseliv.github.io/senat/lex/#/d/1904-042
СЗГ ст. 1077,СЗГ,ст. 1077,4,1904-042,1904,42,https://ivseliv.github.io/senat/lex/#/d/1904-042
СЗГ ст. 1078,СЗГ,ст. 1078,5,1904-042,1904,42,https://ivseliv.github.io/senat/lex/#/d/1904-042
СЗГ ст. 1134,СЗГ,ст. 1134,1,1904-042,1904,42,https://ivseliv.github.io/senat/lex/#/d/1904-042
СЗГ ст. 12,СЗГ,ст. 12,1,1904-042,1904,42,https://ivseliv.github.io/senat/lex/#/d/1904-042
СЗГ ст. 1284,СЗГ,ст. 1284,1,1904-042,1904,42,https://ivseliv.github.io/senat/lex/#/d/1904-042
СЗГ ст. 915,СЗГ,ст. 915,2,1904-042,1904,42,https://ivseliv.github.io/senat/lex/#/d/1904-042
УГС ст. 273,УГС,ст. 273,1,1904-042,1904,42,https://ivseliv.github.io/senat/lex/#/d/1904-042
УГС ст. 274,УГС,ст. 274,1,1904-042,1904,42,https://ivseliv.github.io/senat/lex/#/d/1904-042
УГС ст. 339,УГС,ст. 339,1,1904-042,1904,42,https://ivseliv.github.io/senat/lex/#/d/1904-042
УГС ст. 464,УГС,ст. 464,1,1904-042,1904,42,https://ivseliv.github.io/senat/lex/#/d/1904-042
УГС ст. 465,УГС,ст. 465,2,1904-042,1904,42,https://ivseliv.github.io/senat/lex/#/d/1904-042
УГС ст. 707,УГС,ст. 707,1,1904-042,1904,42,https://ivseliv.github.io/senat/lex/#/d/1904-042
УГС ст. 711,УГС,ст. 711,1,1904-042,1904,42,https://ivseliv.github.io/senat/lex/#/d/1904-042
УГС ст. 849,УГС,ст. 849,2,1904-042,1904,42,https://ivseliv.github.io/senat/lex/#/d/1904-042
? ст. 870,?,ст. 870,1,1904-043,1904,43,https://ivseliv.github.io/senat/lex/#/d/1904-043
УГС ст. 870,УГС,ст. 870,2,1904-043,1904,43,https://ivseliv.github.io/senat/lex/#/d/1904-043
? ст. 29 п. 1,?,ст. 29 п. 1,1,1904-044,1904,44,https://ivseliv.github.io/senat/lex/#/d/1904-044
СЗГ ст. 2291,СЗГ,ст. 2291,1,1904-044,1904,44,https://ivseliv.github.io/senat/lex/#/d/1904-044
УГС ст. 1286,УГС,ст. 1286,1,1904-044,1904,44,https://ivseliv.github.io/senat/lex/#/d/1904-044
УГС ст. 57,УГС,ст. 57,1,1904-044,1904,44,https://ivseliv.github.io/senat/lex/#/d/1904-044
УГС ст. 7,УГС,ст. 7,1,1904-044,1904,44,https://ivseliv.github.io/senat/lex/#/d/1904-044
? ст. 24–26,?,ст. 24–26,1,1904-045,1904,45,https://ivseliv.github.io/senat/lex/#/d/1904-045
СЗГ ст. 1528,СЗГ,ст. 1528,1,1904-045,1904,45,https://ivseliv.github.io/senat/lex/#/d/1904-045
? ст. 152,?,ст. 152,2,1904-046,1904,46,https://ivseliv.github.io/senat/lex/#/d/1904-046
? ст. 153,?,ст. 153,6,1904-046,1904,46,https://ivseliv.github.io/senat/lex/#/d/1904-046
? ст. 201,?,ст. 201,2,1904-046,1904,46,https://ivseliv.github.io/senat/lex/#/d/1904-046
? ст. 202,?,ст. 202,3,1904-046,1904,46,https://ivseliv.github.io/senat/lex/#/d/1904-046
? ст. 113,?,ст. 113,1,1904-047,1904,47,https://ivseliv.github.io/senat/lex/#/d/1904-047
? ст. 129,?,ст. 129,1,1904-047,1904,47,https://ivseliv.github.io/senat/lex/#/d/1904-047
? ст. 129–132,?,ст. 129–132,1,1904-047,1904,47,https://ivseliv.github.io/senat/lex/#/d/1904-047
? ст. 137,?,ст. 137,1,1904-047,1904,47,https://ivseliv.github.io/senat/lex/#/d/1904-047
? ст. 138–151,?,ст. 138–151,1,1904-047,1904,47,https://ivseliv.github.io/senat/lex/#/d/1904-047
? ст. 171,?,ст. 171,1,1904-047,1904,47,https://ivseliv.github.io/senat/lex/#/d/1904-047
? ст. 83,?,ст. 83,1,1904-047,1904,47,https://ivseliv.github.io/senat/lex/#/d/1904-047
? ст. 1104,?,ст. 1104,1,1904-048,1904,48,https://ivseliv.github.io/senat/lex/#/d/1904-048
? ст. 1460²,?,ст. 1460²,1,1904-048,1904,48,https://ivseliv.github.io/senat/lex/#/d/1904-048
? ст. 1460¹,?,ст. 1460¹,1,1904-048,1904,48,https://ivseliv.github.io/senat/lex/#/d/1904-048
СЗГ ст. 1104,СЗГ,ст. 1104,1,1904-048,1904,48,https://ivseliv.github.io/senat/lex/#/d/1904-048
УГС ст. 1460¹,УГС,ст. 1460¹,1,1904-048,1904,48,https://ivseliv.github.io/senat/lex/#/d/1904-048
УГС ст. 1460¹–1460,УГС,ст. 1460¹–1460,1,1904-048,1904,48,https://ivseliv.github.io/senat/lex/#/d/1904-048
УГС ст. 368,УГС,ст. 368,1,1904-048,1904,48,https://ivseliv.github.io/senat/lex/#/d/1904-048
ГКП ст. 1135,ГКП,ст. 1135,1,1904-049,1904,49,https://ivseliv.github.io/senat/lex/#/d/1904-049
ГКП ст. 1589,ГКП,ст. 1589,1,1904-049,1904,49,https://ivseliv.github.io/senat/lex/#/d/1904-049
ГКП ст. 1590,ГКП,ст. 1590,1,1904-049,1904,49,https://ivseliv.github.io/senat/lex/#/d/1904-049
ГКП ст. 1737,ГКП,ст. 1737,1,1904-049,1904,49,https://ivseliv.github.io/senat/lex/#/d/1904-049
УСУ ст. 5,УСУ,ст. 5,1,1904-049,1904,49,https://ivseliv.github.io/senat/lex/#/d/1904-049
? ст. 1625,?,ст. 1625,1,1904-050,1904,50,https://ivseliv.github.io/senat/lex/#/d/1904-050
? ст. 298,?,ст. 298,1,1904-050,1904,50,https://ivseliv.github.io/senat/lex/#/d/1904-050
? ст. 298–307,?,ст. 298–307,1,1904-050,1904,50,https://ivseliv.github.io/senat/lex/#/d/1904-050
? ст. 303,?,ст. 303,1,1904-050,1904,50,https://ivseliv.github.io/senat/lex/#/d/1904-050
? ст. 305,?,ст. 305,1,1904-050,1904,50,https://ivseliv.github.io/senat/lex/#/d/1904-050
? ст. 306,?,ст. 306,1,1904-050,1904,50,https://ivseliv.github.io/senat/lex/#/d/1904-050
ГКП ст. 303,ГКП,ст. 303,1,1904-050,1904,50,https://ivseliv.github.io/senat/lex/#/d/1904-050
ГКП ст. 757,ГКП,ст. 757,1,1904-050,1904,50,https://ivseliv.github.io/senat/lex/#/d/1904-050
ГКП ст. 758,ГКП,ст. 758,1,1904-050,1904,50,https://ivseliv.github.io/senat/lex/#/d/1904-050
СЗГ ст. 707,СЗГ,ст. 707,1,1904-051,1904,51,https://ivseliv.github.io/senat/lex/#/d/1904-051
УГС ст. 1357,УГС,ст. 1357,1,1904-051,1904,51,https://ivseliv.github.io/senat/lex/#/d/1904-051
? ст. 107,?,ст. 107,1,1904-052,1904,52,https://ivseliv.github.io/senat/lex/#/d/1904-052
? ст. 108,?,ст. 108,1,1904-052,1904,52,https://ivseliv.github.io/senat/lex/#/d/1904-052
? ст. 110,?,ст. 110,1,1904-052,1904,52,https://ivseliv.github.io/senat/lex/#/d/1904-052
? ст. 111,?,ст. 111,1,1904-052,1904,52,https://ivseliv.github.io/senat/lex/#/d/1904-052
? ст. 112,?,ст. 112,1,1904-052,1904,52,https://ivseliv.github.io/senat/lex/#/d/1904-052
? ст. 113,?,ст. 113,1,1904-052,1904,52,https://ivseliv.github.io/senat/lex/#/d/1904-052
? ст. 220,?,ст. 220,1,1904-052,1904,52,https://ivseliv.github.io/senat/lex/#/d/1904-052
? ст. 277,?,ст. 277,1,1904-052,1904,52,https://ivseliv.github.io/senat/lex/#/d/1904-052
? ст. 283,?,ст. 283,2,1904-052,1904,52,https://ivseliv.github.io/senat/lex/#/d/1904-052
? ст. 284,?,ст. 284,2,1904-052,1904,52,https://ivseliv.github.io/senat/lex/#/d/1904-052
? ст. 291,?,ст. 291,3,1904-052,1904,52,https://ivseliv.github.io/senat/lex/#/d/1904-052
? ст. 325,?,ст. 325,1,1904-052,1904,52,https://ivseliv.github.io/senat/lex/#/d/1904-052
? ст. 331,?,ст. 331,2,1904-052,1904,52,https://ivseliv.github.io/senat/lex/#/d/1904-052
? ст. 332,?,ст. 332,1,1904-052,1904,52,https://ivseliv.github.io/senat/lex/#/d/1904-052
? ст. 339,?,ст. 339,1,1904-052,1904,52,https://ivseliv.github.io/senat/lex/#/d/1904-052
? ст. 442–448,?,ст. 442–448,1,1904-054,1904,54,https://ivseliv.github.io/senat/lex/#/d/1904-054
СЗГ ст. 447,СЗГ,ст. 447,4,1904-054,1904,54,https://ivseliv.github.io/senat/lex/#/d/1904-054
УГС ст. 456,УГС,ст. 456,1,1904-054,1904,54,https://ivseliv.github.io/senat/lex/#/d/1904-054
? ст. 202,?,ст. 202,1,1904-055,1904,55,https://ivseliv.github.io/senat/lex/#/d/1904-055
? ст. 1133,?,ст. 1133,1,1904-056,1904,56,https://ivseliv.github.io/senat/lex/#/d/1904-056
? ст. 1134,?,ст. 1134,1,1904-056,1904,56,https://ivseliv.github.io/senat/lex/#/d/1904-056
? ст. 1566,?,ст. 1566,2,1904-056,1904,56,https://ivseliv.github.io/senat/lex/#/d/1904-056
? ст. 1567,?,ст. 1567,2,1904-056,1904,56,https://ivseliv.github.io/senat/lex/#/d/1904-056
УГС ст. 1127,УГС,ст. 1127,1,1904-056,1904,56,https://ivseliv.github.io/senat/lex/#/d/1904-056
УГС ст. 1134,УГС,ст. 1134,1,1904-056,1904,56,https://ivseliv.github.io/senat/lex/#/d/1904-056
УГС ст. 1135,УГС,ст. 1135,1,1904-056,1904,56,https://ivseliv.github.io/senat/lex/#/d/1904-056
УГС ст. 1139,УГС,ст. 1139,2,1904-056,1904,56,https://ivseliv.github.io/senat/lex/#/d/1904-056
УГС ст. 1170,УГС,ст. 1170,1,1904-056,1904,56,https://ivseliv.github.io/senat/lex/#/d/1904-056
УГС ст. 1180,УГС,ст. 1180,1,1904-056,1904,56,https://ivseliv.github.io/senat/lex/#/d/1904-056
УГС ст. 1204,УГС,ст. 1204,1,1904-056,1904,56,https://ivseliv.github.io/senat/lex/#/d/1904-056
УГС ст. 1566,УГС,ст. 1566,2,1904-056,1904,56,https://ivseliv.github.io/senat/lex/#/d/1904-056
УГС ст. 1567,УГС,ст. 1567,2,1904-056,1904,56,https://ivseliv.github.io/senat/lex/#/d/1904-056
УГС ст. 584,УГС,ст. 584,1,1904-056,1904,56,https://ivseliv.github.io/senat/lex/#/d/1904-056
? ст. 1303,?,ст. 1303,1,1904-057,1904,57,https://ivseliv.github.io/senat/lex/#/d/1904-057
УГС ст. 457,УГС,ст. 457,1,1904-057,1904,57,https://ivseliv.github.io/senat/lex/#/d/1904-057
УГС ст. 458,УГС,ст. 458,1,1904-057,1904,57,https://ivseliv.github.io/senat/lex/#/d/1904-057
? ст. 70,?,ст. 70,1,1904-058,1904,58,https://ivseliv.github.io/senat/lex/#/d/1904-058
УГС ст. 155,УГС,ст. 155,1,1904-059,1904,59,https://ivseliv.github.io/senat/lex/#/d/1904-059
УГС ст. 734,УГС,ст. 734,1,1904-059,1904,59,https://ivseliv.github.io/senat/lex/#/d/1904-059
? ст. 165,?,ст. 165,1,1904-060,1904,60,https://ivseliv.github.io/senat/lex/#/d/1904-060
? ст. 209,?,ст. 209,1,1904-060,1904,60,https://ivseliv.github.io/senat/lex/#/d/1904-060
? ст. 223,?,ст. 223,1,1904-060,1904,60,https://ivseliv.github.io/senat/lex/#/d/1904-060
? ст. 263,?,ст. 263,1,1904-060,1904,60,https://ivseliv.github.io/senat/lex/#/d/1904-060
? ст. 48,?,ст. 48,1,1904-060,1904,60,https://ivseliv.github.io/senat/lex/#/d/1904-060
? ст. 512,?,ст. 512,1,1904-060,1904,60,https://ivseliv.github.io/senat/lex/#/d/1904-060
? ст. 57,?,ст. 57,2,1904-060,1904,60,https://ivseliv.github.io/senat/lex/#/d/1904-060
? ст. 732,?,ст. 732,1,1904-060,1904,60,https://ivseliv.github.io/senat/lex/#/d/1904-060
? ст. 755,?,ст. 755,1,1904-060,1904,60,https://ivseliv.github.io/senat/lex/#/d/1904-060
? ст. 801,?,ст. 801,1,1904-060,1904,60,https://ivseliv.github.io/senat/lex/#/d/1904-060
УГС ст. 9,УГС,ст. 9,1,1904-060,1904,60,https://ivseliv.github.io/senat/lex/#/d/1904-060
УЖД ст. 1,УЖД,ст. 1,1,1904-060,1904,60,https://ivseliv.github.io/senat/lex/#/d/1904-060
УЖД ст. 18,УЖД,ст. 18,1,1904-060,1904,60,https://ivseliv.github.io/senat/lex/#/d/1904-060
УЖД ст. 68,УЖД,ст. 68,2,1904-060,1904,60,https://ivseliv.github.io/senat/lex/#/d/1904-060
СЗГ ст. 634,СЗГ,ст. 634,2,1904-062,1904,62,https://ivseliv.github.io/senat/lex/#/d/1904-062
? ст. 539,?,ст. 539,2,1904-064,1904,64,https://ivseliv.github.io/senat/lex/#/d/1904-064
СЗГ ст. 1688,СЗГ,ст. 1688,1,1904-064,1904,64,https://ivseliv.github.io/senat/lex/#/d/1904-064
СЗГ ст. 1745,СЗГ,ст. 1745,1,1904-064,1904,64,https://ivseliv.github.io/senat/lex/#/d/1904-064
СЗГ ст. 2021,СЗГ,ст. 2021,1,1904-064,1904,64,https://ivseliv.github.io/senat/lex/#/d/1904-064
СЗГ ст. 2022,СЗГ,ст. 2022,2,1904-064,1904,64,https://ivseliv.github.io/senat/lex/#/d/1904-064
СЗГ ст. 2036,СЗГ,ст. 2036,1,1904-064,1904,64,https://ivseliv.github.io/senat/lex/#/d/1904-064
СЗГ ст. 2039,СЗГ,ст. 2039,1,1904-064,1904,64,https://ivseliv.github.io/senat/lex/#/d/1904-064
СЗГ ст. 641,СЗГ,ст. 641,1,1904-064,1904,64,https://ivseliv.github.io/senat/lex/#/d/1904-064
СЗГ ст. 684,СЗГ,ст. 684,1,1904-064,1904,64,https://ivseliv.github.io/senat/lex/#/d/1904-064
ГКП ст. 1006,ГКП,ст. 1006,1,1904-065,1904,65,https://ivseliv.github.io/senat/lex/#/d/1904-065
ГКП ст. 1007,ГКП,ст. 1007,1,1904-065,1904,65,https://ivseliv.github.io/senat/lex/#/d/1904-065
ГКП ст. 1011,ГКП,ст. 1011,2,1904-065,1904,65,https://ivseliv.github.io/senat/lex/#/d/1904-065
ГКП ст. 1014,ГКП,ст. 1014,2,1904-065,1904,65,https://ivseliv.github.io/senat/lex/#/d/1904-065
ГКП ст. 1024,ГКП,ст. 1024,1,1904-065,1904,65,https://ivseliv.github.io/senat/lex/#/d/1904-065
ГКП ст. 1939,ГКП,ст. 1939,6,1904-065,1904,65,https://ivseliv.github.io/senat/lex/#/d/1904-065
ГКП ст. 724,ГКП,ст. 724,1,1904-065,1904,65,https://ivseliv.github.io/senat/lex/#/d/1904-065
? ст. 152,?,ст. 152,1,1904-066,1904,66,https://ivseliv.github.io/senat/lex/#/d/1904-066
? ст. 158,?,ст. 158,1,1904-066,1904,66,https://ivseliv.github.io/senat/lex/#/d/1904-066
? ст. 161,?,ст. 161,1,1904-066,1904,66,https://ivseliv.github.io/senat/lex/#/d/1904-066
? ст. 357,?,ст. 357,3,1904-066,1904,66,https://ivseliv.github.io/senat/lex/#/d/1904-066
? ст. 362,?,ст. 362,2,1904-066,1904,66,https://ivseliv.github.io/senat/lex/#/d/1904-066
? ст. 374,?,ст. 374,1,1904-066,1904,66,https://ivseliv.github.io/senat/lex/#/d/1904-066
? ст. 380,?,ст. 380,3,1904-066,1904,66,https://ivseliv.github.io/senat/lex/#/d/1904-066
? ст. 39,?,ст. 39,1,1904-066,1904,66,https://ivseliv.github.io/senat/lex/#/d/1904-066
? ст. 44,?,ст. 44,1,1904-066,1904,66,https://ivseliv.github.io/senat/lex/#/d/1904-066
? ст. 473,?,ст. 473,5,1904-066,1904,66,https://ivseliv.github.io/senat/lex/#/d/1904-066
? ст. 474,?,ст. 474,1,1904-066,1904,66,https://ivseliv.github.io/senat/lex/#/d/1904-066
? ст. 52,?,ст. 52,1,1904-066,1904,66,https://ivseliv.github.io/senat/lex/#/d/1904-066
? ст. 53,?,ст. 53,1,1904-066,1904,66,https://ivseliv.github.io/senat/lex/#/d/1904-066
? ст. 54,?,ст. 54,1,1904-066,1904,66,https://ivseliv.github.io/senat/lex/#/d/1904-066
? ст. 59,?,ст. 59,1,1904-066,1904,66,https://ivseliv.github.io/senat/lex/#/d/1904-066
? ст. 70,?,ст. 70,1,1904-066,1904,66,https://ivseliv.github.io/senat/lex/#/d/1904-066
? ст. 72,?,ст. 72,1,1904-066,1904,66,https://ivseliv.github.io/senat/lex/#/d/1904-066
? ст. 79,?,ст. 79,1,1904-066,1904,66,https://ivseliv.github.io/senat/lex/#/d/1904-066
? ст. 871,?,ст. 871,1,1904-066,1904,66,https://ivseliv.github.io/senat/lex/#/d/1904-066
? ст. 876,?,ст. 876,1,1904-066,1904,66,https://ivseliv.github.io/senat/lex/#/d/1904-066
? ст. 877,?,ст. 877,1,1904-066,1904,66,https://ivseliv.github.io/senat/lex/#/d/1904-066
ГКП ст. 1384,ГКП,ст. 1384,1,1904-066,1904,66,https://ivseliv.github.io/senat/lex/#/d/1904-066
ГКП ст. 1782,ГКП,ст. 1782,1,1904-066,1904,66,https://ivseliv.github.io/senat/lex/#/d/1904-066
ГКП ст. 1784,ГКП,ст. 1784,1,1904-066,1904,66,https://ivseliv.github.io/senat/lex/#/d/1904-066
ГКП ст. 1786,ГКП,ст. 1786,2,1904-066,1904,66,https://ivseliv.github.io/senat/lex/#/d/1904-066
ГКП ст. 1952,ГКП,ст. 1952,1,1904-066,1904,66,https://ivseliv.github.io/senat/lex/#/d/1904-066
ГКП ст. 1953,ГКП,ст. 1953,1,1904-066,1904,66,https://ivseliv.github.io/senat/lex/#/d/1904-066
ГКП ст. 357,ГКП,ст. 357,2,1904-066,1904,66,https://ivseliv.github.io/senat/lex/#/d/1904-066
ГКП ст. 362,ГКП,ст. 362,2,1904-066,1904,66,https://ivseliv.github.io/senat/lex/#/d/1904-066
ГКП ст. 380,ГКП,ст. 380,2,1904-066,1904,66,https://ivseliv.github.io/senat/lex/#/d/1904-066
ГКП ст. 473,ГКП,ст. 473,1,1904-066,1904,66,https://ivseliv.github.io/senat/lex/#/d/1904-066
ГКП ст. 60,ГКП,ст. 60,1,1904-066,1904,66,https://ivseliv.github.io/senat/lex/#/d/1904-066
СЗГ ст. 550,СЗГ,ст. 550,3,1904-067,1904,67,https://ivseliv.github.io/senat/lex/#/d/1904-067
СЗГ ст. 556,СЗГ,ст. 556,1,1904-067,1904,67,https://ivseliv.github.io/senat/lex/#/d/1904-067
УСУ ст. 5,УСУ,ст. 5,1,1904-067,1904,67,https://ivseliv.github.io/senat/lex/#/d/1904-067
? ст. 1062–1070,?,ст. 1062–1070,1,1904-068,1904,68,https://ivseliv.github.io/senat/lex/#/d/1904-068
? ст. 1065,?,ст. 1065,1,1904-068,1904,68,https://ivseliv.github.io/senat/lex/#/d/1904-068
? ст. 1170–1176,?,ст. 1170–1176,1,1904-068,1904,68,https://ivseliv.github.io/senat/lex/#/d/1904-068
УГС ст. 1065,УГС,ст. 1065,2,1904-068,1904,68,https://ivseliv.github.io/senat/lex/#/d/1904-068
УГС ст. 1170–1176,УГС,ст. 1170–1176,1,1904-068,1904,68,https://ivseliv.github.io/senat/lex/#/d/1904-068
СЗГ ст. 539,СЗГ,ст. 539,2,1904-069,1904,69,https://ivseliv.github.io/senat/lex/#/d/1904-069
СЗГ ст. 684,СЗГ,ст. 684,1,1904-069,1904,69,https://ivseliv.github.io/senat/lex/#/d/1904-069
СЗГ ст. 688,СЗГ,ст. 688,1,1904-069,1904,69,https://ivseliv.github.io/senat/lex/#/d/1904-069
? ст. 994,?,ст. 994,1,1904-070,1904,70,https://ivseliv.github.io/senat/lex/#/d/1904-070
СЗГ ст. 1259,СЗГ,ст. 1259,1,1904-070,1904,70,https://ivseliv.github.io/senat/lex/#/d/1904-070
СЗГ ст. 644,СЗГ,ст. 644,1,1904-070,1904,70,https://ivseliv.github.io/senat/lex/#/d/1904-070
СЗГ ст. 644–674,СЗГ,ст. 644–674,2,1904-070,1904,70,https://ivseliv.github.io/senat/lex/#/d/1904-070
СЗГ ст. 674,СЗГ,ст. 674,1,1904-070,1904,70,https://ivseliv.github.io/senat/lex/#/d/1904-070
СЗГ ст. 675,СЗГ,ст. 675,1,1904-070,1904,70,https://ivseliv.github.io/senat/lex/#/d/1904-070
УН ст. 59,УН,ст. 59,1,1904-070,1904,70,https://ivseliv.github.io/senat/lex/#/d/1904-070
УН ст. 61,УН,ст. 61,1,1904-070,1904,70,https://ivseliv.github.io/senat/lex/#/d/1904-070
? ст. 363,?,ст. 363,1,1904-071,1904,71,https://ivseliv.github.io/senat/lex/#/d/1904-071
? ст. 857,?,ст. 857,1,1904-071,1904,71,https://ivseliv.github.io/senat/lex/#/d/1904-071
СЗГ ст. 384,СЗГ,ст. 384,1,1904-071,1904,71,https://ivseliv.github.io/senat/lex/#/d/1904-071
СЗГ ст. 386,СЗГ,ст. 386,1,1904-071,1904,71,https://ivseliv.github.io/senat/lex/#/d/1904-071
СЗГ ст. 387,СЗГ,ст. 387,1,1904-071,1904,71,https://ivseliv.github.io/senat/lex/#/d/1904-071
? ст. 3482,?,ст. 3482,1,1904-072,1904,72,https://ivseliv.github.io/senat/lex/#/d/1904-072
? ст. 477,?,ст. 477,1,1904-072,1904,72,https://ivseliv.github.io/senat/lex/#/d/1904-072
? ст. 531,?,ст. 531,1,1904-072,1904,72,https://ivseliv.github.io/senat/lex/#/d/1904-072
? ст. 538,?,ст. 538,1,1904-072,1904,72,https://ivseliv.github.io/senat/lex/#/d/1904-072
? ст. 542,?,ст. 542,1,1904-072,1904,72,https://ivseliv.github.io/senat/lex/#/d/1904-072
? ст. 544,?,ст. 544,1,1904-072,1904,72,https://ivseliv.github.io/senat/lex/#/d/1904-072
? ст. 545,?,ст. 545,1,1904-072,1904,72,https://ivseliv.github.io/senat/lex/#/d/1904-072
УГС ст. 1400,УГС,ст. 1400,2,1904-072,1904,72,https://ivseliv.github.io/senat/lex/#/d/1904-072
УГС ст. 3,УГС,ст. 3,1,1904-072,1904,72,https://ivseliv.github.io/senat/lex/#/d/1904-072
УСУ ст. 5,УСУ,ст. 5,1,1904-072,1904,72,https://ivseliv.github.io/senat/lex/#/d/1904-072
УТ ст. 525,УТ,ст. 525,1,1904-072,1904,72,https://ivseliv.github.io/senat/lex/#/d/1904-072
УТ ст. 526,УТ,ст. 526,1,1904-072,1904,72,https://ivseliv.github.io/senat/lex/#/d/1904-072
? ст. 1292,?,ст. 1292,1,1904-074,1904,74,https://ivseliv.github.io/senat/lex/#/d/1904-074
? ст. 1293,?,ст. 1293,2,1904-074,1904,74,https://ivseliv.github.io/senat/lex/#/d/1904-074
? ст. 161,?,ст. 161,2,1904-074,1904,74,https://ivseliv.github.io/senat/lex/#/d/1904-074
? ст. 212,?,ст. 212,1,1904-074,1904,74,https://ivseliv.github.io/senat/lex/#/d/1904-074
УГС ст. 1293,УГС,ст. 1293,2,1904-074,1904,74,https://ivseliv.github.io/senat/lex/#/d/1904-074
УГС ст. 749,УГС,ст. 749,1,1904-074,1904,74,https://ivseliv.github.io/senat/lex/#/d/1904-074
УГС ст. 785,УГС,ст. 785,1,1904-074,1904,74,https://ivseliv.github.io/senat/lex/#/d/1904-074
? ст. 129–132,?,ст. 129–132,1,1904-075,1904,75,https://ivseliv.github.io/senat/lex/#/d/1904-075
? ст. 147,?,ст. 147,1,1904-075,1904,75,https://ivseliv.github.io/senat/lex/#/d/1904-075
? ст. 36,?,ст. 36,1,1904-075,1904,75,https://ivseliv.github.io/senat/lex/#/d/1904-075
УГС ст. 1,УГС,ст. 1,1,1904-075,1904,75,https://ivseliv.github.io/senat/lex/#/d/1904-075
УГС ст. 12,УГС,ст. 12,1,1904-075,1904,75,https://ivseliv.github.io/senat/lex/#/d/1904-075
УГС ст. 134,УГС,ст. 134,1,1904-075,1904,75,https://ivseliv.github.io/senat/lex/#/d/1904-075
УГС ст. 138–141,УГС,ст. 138–141,1,1904-075,1904,75,https://ivseliv.github.io/senat/lex/#/d/1904-075
УГС ст. 141,УГС,ст. 141,2,1904-075,1904,75,https://ivseliv.github.io/senat/lex/#/d/1904-075
УГС ст. 186,УГС,ст. 186,1,1904-075,1904,75,https://ivseliv.github.io/senat/lex/#/d/1904-075
УГС ст. 189,УГС,ст. 189,1,1904-075,1904,75,https://ivseliv.github.io/senat/lex/#/d/1904-075
УГС ст. 4,УГС,ст. 4,1,1904-075,1904,75,https://ivseliv.github.io/senat/lex/#/d/1904-075
УСУ ст. 32,УСУ,ст. 32,1,1904-075,1904,75,https://ivseliv.github.io/senat/lex/#/d/1904-075
УСУ ст. 36,УСУ,ст. 36,1,1904-075,1904,75,https://ivseliv.github.io/senat/lex/#/d/1904-075
УСУ ст. 5,УСУ,ст. 5,1,1904-075,1904,75,https://ivseliv.github.io/senat/lex/#/d/1904-075
? ст. 1005,?,ст. 1005,1,1904-076,1904,76,https://ivseliv.github.io/senat/lex/#/d/1904-076
СЗГ ст. 1001,СЗГ,ст. 1001,1,1904-076,1904,76,https://ivseliv.github.io/senat/lex/#/d/1904-076
СЗГ ст. 1005,СЗГ,ст. 1005,3,1904-076,1904,76,https://ivseliv.github.io/senat/lex/#/d/1904-076
СЗГ ст. 1007,СЗГ,ст. 1007,1,1904-076,1904,76,https://ivseliv.github.io/senat/lex/#/d/1904-076
СЗГ ст. 295,СЗГ,ст. 295,1,1904-076,1904,76,https://ivseliv.github.io/senat/lex/#/d/1904-076
СЗГ ст. 694,СЗГ,ст. 694,1,1904-076,1904,76,https://ivseliv.github.io/senat/lex/#/d/1904-076
? ст. 39,?,ст. 39,1,1904-078,1904,78,https://ivseliv.github.io/senat/lex/#/d/1904-078
СЗГ ст. 2139–2198,СЗГ,ст. 2139–2198,1,1904-078,1904,78,https://ivseliv.github.io/senat/lex/#/d/1904-078
СЗГ ст. 2141,СЗГ,ст. 2141,1,1904-078,1904,78,https://ivseliv.github.io/senat/lex/#/d/1904-078
СЗГ ст. 2153,СЗГ,ст. 2153,2,1904-078,1904,78,https://ivseliv.github.io/senat/lex/#/d/1904-078
СЗГ ст. 2158,СЗГ,ст. 2158,1,1904-078,1904,78,https://ivseliv.github.io/senat/lex/#/d/1904-078
СЗГ ст. 2178,СЗГ,ст. 2178,1,1904-078,1904,78,https://ivseliv.github.io/senat/lex/#/d/1904-078
СЗГ ст. 2181,СЗГ,ст. 2181,1,1904-078,1904,78,https://ivseliv.github.io/senat/lex/#/d/1904-078
СЗГ ст. 2184,СЗГ,ст. 2184,1,1904-078,1904,78,https://ivseliv.github.io/senat/lex/#/d/1904-078
УГС ст. 366,УГС,ст. 366,1,1904-078,1904,78,https://ivseliv.github.io/senat/lex/#/d/1904-078
УГС ст. 409,УГС,ст. 409,1,1904-078,1904,78,https://ivseliv.github.io/senat/lex/#/d/1904-078
УГС ст. 711,УГС,ст. 711,2,1904-078,1904,78,https://ivseliv.github.io/senat/lex/#/d/1904-078
? ст. 1161,?,ст. 1161,1,1904-079,1904,79,https://ivseliv.github.io/senat/lex/#/d/1904-079
? ст. 1162,?,ст. 1162,1,1904-079,1904,79,https://ivseliv.github.io/senat/lex/#/d/1904-079
? ст. 477,?,ст. 477,1,1904-079,1904,79,https://ivseliv.github.io/senat/lex/#/d/1904-079
СЗГ ст. 1509,СЗГ,ст. 1509,1,1904-079,1904,79,https://ivseliv.github.io/senat/lex/#/d/1904-079
СЗГ ст. 698,СЗГ,ст. 698,1,1904-079,1904,79,https://ivseliv.github.io/senat/lex/#/d/1904-079
УГС ст. 1164,УГС,ст. 1164,1,1904-079,1904,79,https://ivseliv.github.io/senat/lex/#/d/1904-079
УГС ст. 256,УГС,ст. 256,1,1904-079,1904,79,https://ivseliv.github.io/senat/lex/#/d/1904-079
УГС ст. 756,УГС,ст. 756,1,1904-079,1904,79,https://ivseliv.github.io/senat/lex/#/d/1904-079
? ст. 277 п. 1,?,ст. 277 п. 1,1,1904-080,1904,80,https://ivseliv.github.io/senat/lex/#/d/1904-080
СЗГ ст. 1336,СЗГ,ст. 1336,1,1904-080,1904,80,https://ivseliv.github.io/senat/lex/#/d/1904-080
СЗГ ст. 277,СЗГ,ст. 277,1,1904-080,1904,80,https://ivseliv.github.io/senat/lex/#/d/1904-080
? ст. 36,?,ст. 36,1,1904-081,1904,81,https://ivseliv.github.io/senat/lex/#/d/1904-081
? ст. 56,?,ст. 56,1,1904-081,1904,81,https://ivseliv.github.io/senat/lex/#/d/1904-081
? ст. 57,?,ст. 57,1,1904-081,1904,81,https://ivseliv.github.io/senat/lex/#/d/1904-081
УГС ст. 881,УГС,ст. 881,1,1904-082,1904,82,https://ivseliv.github.io/senat/lex/#/d/1904-082
? ст. 734,?,ст. 734,1,1904-083,1904,83,https://ivseliv.github.io/senat/lex/#/d/1904-083
УГС ст. 728,УГС,ст. 728,1,1904-083,1904,83,https://ivseliv.github.io/senat/lex/#/d/1904-083
УГС ст. 734,УГС,ст. 734,1,1904-083,1904,83,https://ivseliv.github.io/senat/lex/#/d/1904-083
? ст. 1010,?,ст. 1010,1,1904-085,1904,85,https://ivseliv.github.io/senat/lex/#/d/1904-085
? ст. 1030,?,ст. 1030,1,1904-085,1904,85,https://ivseliv.github.io/senat/lex/#/d/1904-085
? ст. 213,?,ст. 213,1,1904-085,1904,85,https://ivseliv.github.io/senat/lex/#/d/1904-085
? ст. 339,?,ст. 339,1,1904-086,1904,86,https://ivseliv.github.io/senat/lex/#/d/1904-086
? ст. 711,?,ст. 711,1,1904-086,1904,86,https://ivseliv.github.io/senat/lex/#/d/1904-086
СЗГ ст. 1 п. 1744,СЗГ,ст. 1 п. 1744,1,1904-086,1904,86,https://ivseliv.github.io/senat/lex/#/d/1904-086
СЗГ ст. 570,СЗГ,ст. 570,1,1904-086,1904,86,https://ivseliv.github.io/senat/lex/#/d/1904-086
СЗГ ст. 687,СЗГ,ст. 687,1,1904-086,1904,86,https://ivseliv.github.io/senat/lex/#/d/1904-086
СЗГ ст. 7 п. 1988,СЗГ,ст. 7 п. 1988,1,1904-086,1904,86,https://ivseliv.github.io/senat/lex/#/d/1904-086
? ст. 68,?,ст. 68,1,1904-087,1904,87,https://ivseliv.github.io/senat/lex/#/d/1904-087
СЗГ ст. 1538,СЗГ,ст. 1538,1,1904-087,1904,87,https://ivseliv.github.io/senat/lex/#/d/1904-087
СЗГ ст. 2134,СЗГ,ст. 2134,1,1904-087,1904,87,https://ivseliv.github.io/senat/lex/#/d/1904-087
СЗГ ст. 2326,СЗГ,ст. 2326,1,1904-087,1904,87,https://ivseliv.github.io/senat/lex/#/d/1904-087
УГС ст. 250,УГС,ст. 250,1,1904-087,1904,87,https://ivseliv.github.io/senat/lex/#/d/1904-087
УГС ст. 27,УГС,ст. 27,1,1904-087,1904,87,https://ivseliv.github.io/senat/lex/#/d/1904-087
УТ ст. 67,УТ,ст. 67,1,1904-087,1904,87,https://ivseliv.github.io/senat/lex/#/d/1904-087
? ст. 1314,?,ст. 1314,1,1904-088,1904,88,https://ivseliv.github.io/senat/lex/#/d/1904-088
? ст. 1438–1450,?,ст. 1438–1450,1,1904-088,1904,88,https://ivseliv.github.io/senat/lex/#/d/1904-088
СЗГ ст. 1314,СЗГ,ст. 1314,2,1904-088,1904,88,https://ivseliv.github.io/senat/lex/#/d/1904-088
СЗГ ст. 1350,СЗГ,ст. 1350,3,1904-088,1904,88,https://ivseliv.github.io/senat/lex/#/d/1904-088
УГС ст. 1439,УГС,ст. 1439,1,1904-088,1904,88,https://ivseliv.github.io/senat/lex/#/d/1904-088
УГС ст. 1448,УГС,ст. 1448,1,1904-088,1904,88,https://ivseliv.github.io/senat/lex/#/d/1904-088
УГС ст. 1048,УГС,ст. 1048,1,1904-089,1904,89,https://ivseliv.github.io/senat/lex/#/d/1904-089
УГС ст. 1170,УГС,ст. 1170,1,1904-089,1904,89,https://ivseliv.github.io/senat/lex/#/d/1904-089
? ст. 1124,?,ст. 1124,1,1904-090,1904,90,https://ivseliv.github.io/senat/lex/#/d/1904-090
? ст. 1125,?,ст. 1125,1,1904-090,1904,90,https://ivseliv.github.io/senat/lex/#/d/1904-090
? ст. 1137,?,ст. 1137,1,1904-090,1904,90,https://ivseliv.github.io/senat/lex/#/d/1904-090
? ст. 1137–1139,?,ст. 1137–1139,1,1904-090,1904,90,https://ivseliv.github.io/senat/lex/#/d/1904-090
? ст. 1149,?,ст. 1149,2,1904-090,1904,90,https://ivseliv.github.io/senat/lex/#/d/1904-090
? ст. 1162,?,ст. 1162,2,1904-090,1904,90,https://ivseliv.github.io/senat/lex/#/d/1904-090
? ст. 1163,?,ст. 1163,3,1904-090,1904,90,https://ivseliv.github.io/senat/lex/#/d/1904-090
? ст. 1165,?,ст. 1165,1,1904-090,1904,90,https://ivseliv.github.io/senat/lex/#/d/1904-090
? ст. 1203,?,ст. 1203,1,1904-090,1904,90,https://ivseliv.github.io/senat/lex/#/d/1904-090
? ст. 1391,?,ст. 1391,1,1904-090,1904,90,https://ivseliv.github.io/senat/lex/#/d/1904-090
? ст. 1747,?,ст. 1747,1,1904-090,1904,90,https://ivseliv.github.io/senat/lex/#/d/1904-090
? ст. 1804,?,ст. 1804,1,1904-090,1904,90,https://ivseliv.github.io/senat/lex/#/d/1904-090
? ст. 2396,?,ст. 2396,1,1904-090,1904,90,https://ivseliv.github.io/senat/lex/#/d/1904-090
? ст. 277,?,ст. 277,1,1904-090,1904,90,https://ivseliv.github.io/senat/lex/#/d/1904-090
? ст. 371,?,ст. 371,1,1904-090,1904,90,https://ivseliv.github.io/senat/lex/#/d/1904-090
? ст. 641,?,ст. 641,1,1904-090,1904,90,https://ivseliv.github.io/senat/lex/#/d/1904-090
? ст. 776,?,ст. 776,1,1904-090,1904,90,https://ivseliv.github.io/senat/lex/#/d/1904-090
? ст. 777,?,ст. 777,1,1904-090,1904,90,https://ivseliv.github.io/senat/lex/#/d/1904-090
СЗГ ст. 1747,СЗГ,ст. 1747,1,1904-090,1904,90,https://ivseliv.github.io/senat/lex/#/d/1904-090
СЗГ ст. 371–376,СЗГ,ст. 371–376,1,1904-090,1904,90,https://ivseliv.github.io/senat/lex/#/d/1904-090
СЗГ ст. 574,СЗГ,ст. 574,1,1904-090,1904,90,https://ivseliv.github.io/senat/lex/#/d/1904-090
СЗГ ст. 641,СЗГ,ст. 641,2,1904-090,1904,90,https://ivseliv.github.io/senat/lex/#/d/1904-090
СЗГ ст. 684,СЗГ,ст. 684,2,1904-090,1904,90,https://ivseliv.github.io/senat/lex/#/d/1904-090
УГС ст. 601,УГС,ст. 601,2,1904-090,1904,90,https://ivseliv.github.io/senat/lex/#/d/1904-090
УГС ст. 684,УГС,ст. 684,1,1904-090,1904,90,https://ivseliv.github.io/senat/lex/#/d/1904-090
УГС ст. 783,УГС,ст. 783,1,1904-090,1904,90,https://ivseliv.github.io/senat/lex/#/d/1904-090
УГС ст. 784,УГС,ст. 784,1,1904-090,1904,90,https://ivseliv.github.io/senat/lex/#/d/1904-090
УУС ст. 783,УУС,ст. 783,1,1904-090,1904,90,https://ivseliv.github.io/senat/lex/#/d/1904-090
УУС ст. 784,УУС,ст. 784,1,1904-090,1904,90,https://ivseliv.github.io/senat/lex/#/d/1904-090
УГС ст. 409,УГС,ст. 409,2,1904-091,1904,91,https://ivseliv.github.io/senat/lex/#/d/1904-091
УЖД ст. 409,УЖД,ст. 409,1,1904-091,1904,91,https://ivseliv.github.io/senat/lex/#/d/1904-091
УЖД ст. 80,УЖД,ст. 80,2,1904-091,1904,91,https://ivseliv.github.io/senat/lex/#/d/1904-091
УЖД ст. 103,УЖД,ст. 103,1,1904-092,1904,92,https://ivseliv.github.io/senat/lex/#/d/1904-092
УГС ст. 81,УГС,ст. 81,1,1904-093,1904,93,https://ivseliv.github.io/senat/lex/#/d/1904-093
УЖД ст. 68,УЖД,ст. 68,1,1904-093,1904,93,https://ivseliv.github.io/senat/lex/#/d/1904-093
? ст. 623,?,ст. 623,1,1904-094,1904,94,https://ivseliv.github.io/senat/lex/#/d/1904-094
СЗГ ст. 132,СЗГ,ст. 132,1,1904-094,1904,94,https://ivseliv.github.io/senat/lex/#/d/1904-094
СЗГ ст. 132³,СЗГ,ст. 132³,1,1904-094,1904,94,https://ivseliv.github.io/senat/lex/#/d/1904-094
СЗГ ст. 132¹–132,СЗГ,ст. 132¹–132,1,1904-094,1904,94,https://ivseliv.github.io/senat/lex/#/d/1904-094
СЗГ ст. 144¹,СЗГ,ст. 144¹,2,1904-094,1904,94,https://ivseliv.github.io/senat/lex/#/d/1904-094
? ст. 298,?,ст. 298,1,1904-096,1904,96,https://ivseliv.github.io/senat/lex/#/d/1904-096
? ст. 299,?,ст. 299,1,1904-096,1904,96,https://ivseliv.github.io/senat/lex/#/d/1904-096
? ст. 301,?,ст. 301,1,1904-096,1904,96,https://ivseliv.github.io/senat/lex/#/d/1904-096
? ст. 394,?,ст. 394,1,1904-096,1904,96,https://ivseliv.github.io/senat/lex/#/d/1904-096
? ст. 395,?,ст. 395,1,1904-096,1904,96,https://ivseliv.github.io/senat/lex/#/d/1904-096
? ст. 574,?,ст. 574,1,1904-096,1904,96,https://ivseliv.github.io/senat/lex/#/d/1904-096
? ст. 684,?,ст. 684,1,1904-096,1904,96,https://ivseliv.github.io/senat/lex/#/d/1904-096
? ст. 776,?,ст. 776,1,1904-096,1904,96,https://ivseliv.github.io/senat/lex/#/d/1904-096
? ст. 781,?,ст. 781,1,1904-096,1904,96,https://ivseliv.github.io/senat/lex/#/d/1904-096
? ст. 782,?,ст. 782,1,1904-096,1904,96,https://ivseliv.github.io/senat/lex/#/d/1904-096
? ст. 785,?,ст. 785,1,1904-096,1904,96,https://ivseliv.github.io/senat/lex/#/d/1904-096
УН ст. 6,УН,ст. 6,1,1904-096,1904,96,https://ivseliv.github.io/senat/lex/#/d/1904-096
УН ст. 7,УН,ст. 7,1,1904-096,1904,96,https://ivseliv.github.io/senat/lex/#/d/1904-096
УН ст. 940,УН,ст. 940,1,1904-096,1904,96,https://ivseliv.github.io/senat/lex/#/d/1904-096
СЗГ ст. 1068,СЗГ,ст. 1068,1,1904-097,1904,97,https://ivseliv.github.io/senat/lex/#/d/1904-097
СЗГ ст. 1265,СЗГ,ст. 1265,1,1904-097,1904,97,https://ivseliv.github.io/senat/lex/#/d/1904-097
? ст. 195,?,ст. 195,1,1904-098,1904,98,https://ivseliv.github.io/senat/lex/#/d/1904-098
? ст. 197,?,ст. 197,1,1904-098,1904,98,https://ivseliv.github.io/senat/lex/#/d/1904-098
? ст. 198,?,ст. 198,1,1904-098,1904,98,https://ivseliv.github.io/senat/lex/#/d/1904-098
? ст. 60,?,ст. 60,1,1904-098,1904,98,https://ivseliv.github.io/senat/lex/#/d/1904-098
? ст. 72,?,ст. 72,1,1904-098,1904,98,https://ivseliv.github.io/senat/lex/#/d/1904-098
? ст. 77,?,ст. 77,1,1904-098,1904,98,https://ivseliv.github.io/senat/lex/#/d/1904-098
УГС ст. 1282,УГС,ст. 1282,2,1904-098,1904,98,https://ivseliv.github.io/senat/lex/#/d/1904-098
УГС ст. 879,УГС,ст. 879,1,1904-098,1904,98,https://ivseliv.github.io/senat/lex/#/d/1904-098
СЗГ ст. 1086,СЗГ,ст. 1086,2,1904-099,1904,99,https://ivseliv.github.io/senat/lex/#/d/1904-099
СЗГ ст. 416,СЗГ,ст. 416,1,1904-099,1904,99,https://ivseliv.github.io/senat/lex/#/d/1904-099
УГС ст. 416,УГС,ст. 416,1,1904-099,1904,99,https://ivseliv.github.io/senat/lex/#/d/1904-099
УГС ст. 509,УГС,ст. 509,1,1904-099,1904,99,https://ivseliv.github.io/senat/lex/#/d/1904-099
УГС ст. 924,УГС,ст. 924,2,1904-099,1904,99,https://ivseliv.github.io/senat/lex/#/d/1904-099
УГС ст. 966,УГС,ст. 966,1,1904-099,1904,99,https://ivseliv.github.io/senat/lex/#/d/1904-099
? ст. 138,?,ст. 138,1,1904-100,1904,100,https://ivseliv.github.io/senat/lex/#/d/1904-100
? ст. 407,?,ст. 407,1,1904-100,1904,100,https://ivseliv.github.io/senat/lex/#/d/1904-100
? ст. 523,?,ст. 523,1,1904-100,1904,100,https://ivseliv.github.io/senat/lex/#/d/1904-100
СЗГ ст. 394 п. 7,СЗГ,ст. 394 п. 7,1,1904-100,1904,100,https://ivseliv.github.io/senat/lex/#/d/1904-100
СЗГ ст. 533,СЗГ,ст. 533,1,1904-100,1904,100,https://ivseliv.github.io/senat/lex/#/d/1904-100
? ст. 132,?,ст. 132,1,1904-101,1904,101,https://ivseliv.github.io/senat/lex/#/d/1904-101
? ст. 213,?,ст. 213,1,1904-101,1904,101,https://ivseliv.github.io/senat/lex/#/d/1904-101
? ст. 589,?,ст. 589,1,1904-101,1904,101,https://ivseliv.github.io/senat/lex/#/d/1904-101
? ст. 706,?,ст. 706,1,1904-101,1904,101,https://ivseliv.github.io/senat/lex/#/d/1904-101
УЖД ст. 135,УЖД,ст. 135,1,1904-101,1904,101,https://ivseliv.github.io/senat/lex/#/d/1904-101
УЖД ст. 3 п. 136,УЖД,ст. 3 п. 136,1,1904-101,1904,101,https://ivseliv.github.io/senat/lex/#/d/1904-101
УЖД ст. 73,УЖД,ст. 73,1,1904-102,1904,102,https://ivseliv.github.io/senat/lex/#/d/1904-102
? ст. 4075,?,ст. 4075,1,1904-103,1904,103,https://ivseliv.github.io/senat/lex/#/d/1904-103
? ст. 4124,?,ст. 4124,2,1904-103,1904,103,https://ivseliv.github.io/senat/lex/#/d/1904-103
СЗГ ст. 698,СЗГ,ст. 698,1,1904-104,1904,104,https://ivseliv.github.io/senat/lex/#/d/1904-104
УГС ст. 10,УГС,ст. 10,1,1904-105,1904,105,https://ivseliv.github.io/senat/lex/#/d/1904-105
УГС ст. 154,УГС,ст. 154,1,1904-105,1904,105,https://ivseliv.github.io/senat/lex/#/d/1904-105
УГС ст. 3,УГС,ст. 3,1,1904-105,1904,105,https://ivseliv.github.io/senat/lex/#/d/1904-105
УГС ст. 618,УГС,ст. 618,1,1904-105,1904,105,https://ivseliv.github.io/senat/lex/#/d/1904-105
УГС ст. 9,УГС,ст. 9,1,1904-105,1904,105,https://ivseliv.github.io/senat/lex/#/d/1904-105
? ст. 1373,?,ст. 1373,1,1904-106,1904,106,https://ivseliv.github.io/senat/lex/#/d/1904-106
? ст. 269,?,ст. 269,1,1904-106,1904,106,https://ivseliv.github.io/senat/lex/#/d/1904-106
? ст. 366,?,ст. 366,1,1904-106,1904,106,https://ivseliv.github.io/senat/lex/#/d/1904-106
? ст. 51,?,ст. 51,2,1904-106,1904,106,https://ivseliv.github.io/senat/lex/#/d/1904-106
? ст. 52,?,ст. 52,1,1904-106,1904,106,https://ivseliv.github.io/senat/lex/#/d/1904-106
? ст. 81,?,ст. 81,2,1904-106,1904,106,https://ivseliv.github.io/senat/lex/#/d/1904-106
УЖД ст. 101,УЖД,ст. 101,4,1904-106,1904,106,https://ivseliv.github.io/senat/lex/#/d/1904-106
УЖД ст. 49,УЖД,ст. 49,3,1904-106,1904,106,https://ivseliv.github.io/senat/lex/#/d/1904-106
УЖД ст. 51,УЖД,ст. 51,2,1904-106,1904,106,https://ivseliv.github.io/senat/lex/#/d/1904-106
УЖД ст. 81,УЖД,ст. 81,1,1904-106,1904,106,https://ivseliv.github.io/senat/lex/#/d/1904-106
? ст. 2667,?,ст. 2667,1,1904-107,1904,107,https://ivseliv.github.io/senat/lex/#/d/1904-107
? ст. 3833,?,ст. 3833,2,1904-107,1904,107,https://ivseliv.github.io/senat/lex/#/d/1904-107
? ст. 3954,?,ст. 3954,1,1904-107,1904,107,https://ivseliv.github.io/senat/lex/#/d/1904-107
? ст. 759,?,ст. 759,1,1904-107,1904,107,https://ivseliv.github.io/senat/lex/#/d/1904-107
? ст. 799,?,ст. 799,1,1904-107,1904,107,https://ivseliv.github.io/senat/lex/#/d/1904-107
? ст. 809,?,ст. 809,1,1904-107,1904,107,https://ivseliv.github.io/senat/lex/#/d/1904-107
? ст. 855,?,ст. 855,1,1904-107,1904,107,https://ivseliv.github.io/senat/lex/#/d/1904-107
? ст. 869,?,ст. 869,1,1904-107,1904,107,https://ivseliv.github.io/senat/lex/#/d/1904-107
? ст. 1337,?,ст. 1337,1,1904-108,1904,108,https://ivseliv.github.io/senat/lex/#/d/1904-108
? ст. 1455,?,ст. 1455,1,1904-108,1904,108,https://ivseliv.github.io/senat/lex/#/d/1904-108
? ст. 1456,?,ст. 1456,2,1904-108,1904,108,https://ivseliv.github.io/senat/lex/#/d/1904-108
? ст. 1491,?,ст. 1491,1,1904-108,1904,108,https://ivseliv.github.io/senat/lex/#/d/1904-108
? ст. 162,?,ст. 162,1,1904-108,1904,108,https://ivseliv.github.io/senat/lex/#/d/1904-108
? ст. 35,?,ст. 35,3,1904-108,1904,108,https://ivseliv.github.io/senat/lex/#/d/1904-108
? ст. 509,?,ст. 509,1,1904-108,1904,108,https://ivseliv.github.io/senat/lex/#/d/1904-108
? ст. 524,?,ст. 524,1,1904-108,1904,108,https://ivseliv.github.io/senat/lex/#/d/1904-108
? ст. 552,?,ст. 552,1,1904-108,1904,108,https://ivseliv.github.io/senat/lex/#/d/1904-108
УГС ст. 1899,УГС,ст. 1899,4,1904-108,1904,108,https://ivseliv.github.io/senat/lex/#/d/1904-108
УГС ст. 34,УГС,ст. 34,1,1904-108,1904,108,https://ivseliv.github.io/senat/lex/#/d/1904-108
УГС ст. 5,УГС,ст. 5,3,1904-108,1904,108,https://ivseliv.github.io/senat/lex/#/d/1904-108
? ст. 195,?,ст. 195,1,1904-109,1904,109,https://ivseliv.github.io/senat/lex/#/d/1904-109
? ст. 738,?,ст. 738,1,1904-109,1904,109,https://ivseliv.github.io/senat/lex/#/d/1904-109
? ст. 100–107,?,ст. 100–107,1,1904-110,1904,110,https://ivseliv.github.io/senat/lex/#/d/1904-110
? ст. 1103,?,ст. 1103,2,1904-110,1904,110,https://ivseliv.github.io/senat/lex/#/d/1904-110
? ст. 304,?,ст. 304,1,1904-110,1904,110,https://ivseliv.github.io/senat/lex/#/d/1904-110
? ст. 320,?,ст. 320,1,1904-110,1904,110,https://ivseliv.github.io/senat/lex/#/d/1904-110
СЗГ ст. 2199,СЗГ,ст. 2199,1,1904-111,1904,111,https://ivseliv.github.io/senat/lex/#/d/1904-111
? ст. 129,?,ст. 129,1,1904-112,1904,112,https://ivseliv.github.io/senat/lex/#/d/1904-112
? ст. 142,?,ст. 142,1,1904-112,1904,112,https://ivseliv.github.io/senat/lex/#/d/1904-112
СЗГ ст. 172,СЗГ,ст. 172,1,1904-112,1904,112,https://ivseliv.github.io/senat/lex/#/d/1904-112
? ст. 358–368,?,ст. 358–368,1,1904-113,1904,113,https://ivseliv.github.io/senat/lex/#/d/1904-113
? ст. 361,?,ст. 361,1,1904-113,1904,113,https://ivseliv.github.io/senat/lex/#/d/1904-113
? ст. 363,?,ст. 363,1,1904-113,1904,113,https://ivseliv.github.io/senat/lex/#/d/1904-113
? ст. 371,?,ст. 371,2,1904-113,1904,113,https://ivseliv.github.io/senat/lex/#/d/1904-113
? ст. 375,?,ст. 375,1,1904-113,1904,113,https://ivseliv.github.io/senat/lex/#/d/1904-113
УГС ст. 202,УГС,ст. 202,1,1904-114,1904,114,https://ivseliv.github.io/senat/lex/#/d/1904-114
УГС ст. 29,УГС,ст. 29,1,1904-114,1904,114,https://ivseliv.github.io/senat/lex/#/d/1904-114
УГС ст. 851,УГС,ст. 851,1,1904-114,1904,114,https://ivseliv.github.io/senat/lex/#/d/1904-114
СЗГ ст. 1185,СЗГ,ст. 1185,1,1904-115,1904,115,https://ivseliv.github.io/senat/lex/#/d/1904-115
СЗГ ст. 420,СЗГ,ст. 420,3,1904-115,1904,115,https://ivseliv.github.io/senat/lex/#/d/1904-115
УН ст. 994,УН,ст. 994,1,1904-116,1904,116,https://ivseliv.github.io/senat/lex/#/d/1904-116
? ст. 3131,?,ст. 3131,1,1904-117,1904,117,https://ivseliv.github.io/senat/lex/#/d/1904-117
? ст. 3209,?,ст. 3209,1,1904-117,1904,117,https://ivseliv.github.io/senat/lex/#/d/1904-117
? ст. 3211,?,ст. 3211,1,1904-117,1904,117,https://ivseliv.github.io/senat/lex/#/d/1904-117
? ст. 621,?,ст. 621,1,1904-117,1904,117,https://ivseliv.github.io/senat/lex/#/d/1904-117
СЗГ ст. 1545,СЗГ,ст. 1545,1,1904-117,1904,117,https://ivseliv.github.io/senat/lex/#/d/1904-117
СЗГ ст. 1547,СЗГ,ст. 1547,1,1904-117,1904,117,https://ivseliv.github.io/senat/lex/#/d/1904-117
СЗГ ст. 1705,СЗГ,ст. 1705,1,1904-117,1904,117,https://ivseliv.github.io/senat/lex/#/d/1904-117
СЗГ ст. 570,СЗГ,ст. 570,1,1904-117,1904,117,https://ivseliv.github.io/senat/lex/#/d/1904-117
УГС ст. 1,УГС,ст. 1,1,1904-117,1904,117,https://ivseliv.github.io/senat/lex/#/d/1904-117
? ст. 70,?,ст. 70,1,1904-118,1904,118,https://ivseliv.github.io/senat/lex/#/d/1904-118
УТ ст. 34,УТ,ст. 34,1,1904-118,1904,118,https://ivseliv.github.io/senat/lex/#/d/1904-118
УТ ст. 45,УТ,ст. 45,1,1904-118,1904,118,https://ivseliv.github.io/senat/lex/#/d/1904-118
УТ ст. 56,УТ,ст. 56,1,1904-118,1904,118,https://ivseliv.github.io/senat/lex/#/d/1904-118
УТ ст. 63,УТ,ст. 63,1,1904-118,1904,118,https://ivseliv.github.io/senat/lex/#/d/1904-118
УТ ст. 669,УТ,ст. 669,1,1904-118,1904,118,https://ivseliv.github.io/senat/lex/#/d/1904-118
УТ ст. 67,УТ,ст. 67,1,1904-118,1904,118,https://ivseliv.github.io/senat/lex/#/d/1904-118
УТ ст. 670,УТ,ст. 670,1,1904-118,1904,118,https://ivseliv.github.io/senat/lex/#/d/1904-118
УТ ст. 670 п. 3,УТ,ст. 670 п. 3,1,1904-118,1904,118,https://ivseliv.github.io/senat/lex/#/d/1904-118
УТ ст. 670–672,УТ,ст. 670–672,1,1904-118,1904,118,https://ivseliv.github.io/senat/lex/#/d/1904-118
УТ ст. 678,УТ,ст. 678,3,1904-118,1904,118,https://ivseliv.github.io/senat/lex/#/d/1904-118
УТ ст. 680,УТ,ст. 680,2,1904-118,1904,118,https://ivseliv.github.io/senat/lex/#/d/1904-118
УТ ст. 685,УТ,ст. 685,2,1904-118,1904,118,https://ivseliv.github.io/senat/lex/#/d/1904-118
УТ ст. 70,УТ,ст. 70,3,1904-118,1904,118,https://ivseliv.github.io/senat/lex/#/d/1904-118
? ст. 128–132,?,ст. 128–132,1,1904-119,1904,119,https://ivseliv.github.io/senat/lex/#/d/1904-119
? ст. 164,?,ст. 164,1,1904-119,1904,119,https://ivseliv.github.io/senat/lex/#/d/1904-119
? ст. 167,?,ст. 167,1,1904-119,1904,119,https://ivseliv.github.io/senat/lex/#/d/1904-119
? ст. 169–171,?,ст. 169–171,1,1904-119,1904,119,https://ivseliv.github.io/senat/lex/#/d/1904-119
? ст. 173–175,?,ст. 173–175,1,1904-119,1904,119,https://ivseliv.github.io/senat/lex/#/d/1904-119
СЗГ ст. 1 п. 683,СЗГ,ст. 1 п. 683,1,1904-120,1904,120,https://ivseliv.github.io/senat/lex/#/d/1904-120
СЗГ ст. 574,СЗГ,ст. 574,1,1904-120,1904,120,https://ivseliv.github.io/senat/lex/#/d/1904-120
СЗГ ст. 660,СЗГ,ст. 660,1,1904-120,1904,120,https://ivseliv.github.io/senat/lex/#/d/1904-120
СЗГ ст. 661,СЗГ,ст. 661,4,1904-120,1904,120,https://ivseliv.github.io/senat/lex/#/d/1904-120
СЗГ ст. 683,СЗГ,ст. 683,5,1904-120,1904,120,https://ivseliv.github.io/senat/lex/#/d/1904-120
? ст. 27–34,?,ст. 27–34,1,1905-001,1905,1,https://ivseliv.github.io/senat/lex/#/d/1905-001
? ст. 489–521,?,ст. 489–521,1,1905-001,1905,1,https://ivseliv.github.io/senat/lex/#/d/1905-001
СЗГ ст. 368–372,СЗГ,ст. 368–372,1,1905-001,1905,1,https://ivseliv.github.io/senat/lex/#/d/1905-001
СЗГ ст. 370,СЗГ,ст. 370,1,1905-001,1905,1,https://ivseliv.github.io/senat/lex/#/d/1905-001
УГС ст. 1673,УГС,ст. 1673,3,1905-001,1905,1,https://ivseliv.github.io/senat/lex/#/d/1905-001
УГС ст. 1673–1680,УГС,ст. 1673–1680,2,1905-001,1905,1,https://ivseliv.github.io/senat/lex/#/d/1905-001
УГС ст. 1677,УГС,ст. 1677,1,1905-001,1905,1,https://ivseliv.github.io/senat/lex/#/d/1905-001
УГС ст. 204,УГС,ст. 204,1,1905-001,1905,1,https://ivseliv.github.io/senat/lex/#/d/1905-001
УГС ст. 27,УГС,ст. 27,1,1905-001,1905,1,https://ivseliv.github.io/senat/lex/#/d/1905-001
УГС ст. 490,УГС,ст. 490,1,1905-001,1905,1,https://ivseliv.github.io/senat/lex/#/d/1905-001
? ст. 843,?,ст. 843,2,1905-002,1905,2,https://ivseliv.github.io/senat/lex/#/d/1905-002
УГС ст. 1,УГС,ст. 1,1,1905-002,1905,2,https://ivseliv.github.io/senat/lex/#/d/1905-002
УГС ст. 706,УГС,ст. 706,1,1905-002,1905,2,https://ivseliv.github.io/senat/lex/#/d/1905-002
УГС ст. 711,УГС,ст. 711,1,1905-002,1905,2,https://ivseliv.github.io/senat/lex/#/d/1905-002
? ст. 169,?,ст. 169,2,1905-003,1905,3,https://ivseliv.github.io/senat/lex/#/d/1905-003
? ст. 170,?,ст. 170,1,1905-003,1905,3,https://ivseliv.github.io/senat/lex/#/d/1905-003
? ст. 21 п. 1,?,ст. 21 п. 1,1,1905-003,1905,3,https://ivseliv.github.io/senat/lex/#/d/1905-003
? ст. 76,?,ст. 76,1,1905-003,1905,3,https://ivseliv.github.io/senat/lex/#/d/1905-003
? ст. 1060,?,ст. 1060,1,1905-004,1905,4,https://ivseliv.github.io/senat/lex/#/d/1905-004
? ст. 161,?,ст. 161,2,1905-004,1905,4,https://ivseliv.github.io/senat/lex/#/d/1905-004
? ст. 212,?,ст. 212,1,1905-004,1905,4,https://ivseliv.github.io/senat/lex/#/d/1905-004
СЗГ ст. 1261,СЗГ,ст. 1261,1,1905-004,1905,4,https://ivseliv.github.io/senat/lex/#/d/1905-004
УГС ст. 1408,УГС,ст. 1408,1,1905-004,1905,4,https://ivseliv.github.io/senat/lex/#/d/1905-004
? ст. 111,?,ст. 111,1,1905-005,1905,5,https://ivseliv.github.io/senat/lex/#/d/1905-005
? ст. 112–118,?,ст. 112–118,1,1905-005,1905,5,https://ivseliv.github.io/senat/lex/#/d/1905-005
? ст. 50,?,ст. 50,1,1905-005,1905,5,https://ivseliv.github.io/senat/lex/#/d/1905-005
? ст. 706,?,ст. 706,1,1905-005,1905,5,https://ivseliv.github.io/senat/lex/#/d/1905-005
? ст. 789,?,ст. 789,1,1905-006,1905,6,https://ivseliv.github.io/senat/lex/#/d/1905-006
СЗГ ст. 1315,СЗГ,ст. 1315,1,1905-007,1905,7,https://ivseliv.github.io/senat/lex/#/d/1905-007
СЗГ ст. 1337,СЗГ,ст. 1337,1,1905-007,1905,7,https://ivseliv.github.io/senat/lex/#/d/1905-007
СЗГ ст. 1545,СЗГ,ст. 1545,3,1905-007,1905,7,https://ivseliv.github.io/senat/lex/#/d/1905-007
УГС ст. 1408,УГС,ст. 1408,3,1905-007,1905,7,https://ivseliv.github.io/senat/lex/#/d/1905-007
УГС ст. 339,УГС,ст. 339,2,1905-007,1905,7,https://ivseliv.github.io/senat/lex/#/d/1905-007
УГС ст. 711,УГС,ст. 711,2,1905-007,1905,7,https://ivseliv.github.io/senat/lex/#/d/1905-007
УГС ст. 1285,УГС,ст. 1285,1,1905-008,1905,8,https://ivseliv.github.io/senat/lex/#/d/1905-008
УГС ст. 1286,УГС,ст. 1286,1,1905-008,1905,8,https://ivseliv.github.io/senat/lex/#/d/1905-008
УГС ст. 250,УГС,ст. 250,1,1905-008,1905,8,https://ivseliv.github.io/senat/lex/#/d/1905-008
? ст. 706,?,ст. 706,1,1905-009,1905,9,https://ivseliv.github.io/senat/lex/#/d/1905-009
? ст. 1066¹²,?,ст. 1066¹²,1,1905-010,1905,10,https://ivseliv.github.io/senat/lex/#/d/1905-010
? ст. 1355,?,ст. 1355,1,1905-010,1905,10,https://ivseliv.github.io/senat/lex/#/d/1905-010
? ст. 1524,?,ст. 1524,1,1905-010,1905,10,https://ivseliv.github.io/senat/lex/#/d/1905-010
? ст. 1560,?,ст. 1560,1,1905-010,1905,10,https://ivseliv.github.io/senat/lex/#/d/1905-010
? ст. 1687,?,ст. 1687,1,1905-010,1905,10,https://ivseliv.github.io/senat/lex/#/d/1905-010
? ст. 180,?,ст. 180,1,1905-010,1905,10,https://ivseliv.github.io/senat/lex/#/d/1905-010
? ст. 431,?,ст. 431,1,1905-010,1905,10,https://ivseliv.github.io/senat/lex/#/d/1905-010
? ст. 47,?,ст. 47,1,1905-010,1905,10,https://ivseliv.github.io/senat/lex/#/d/1905-010
? ст. 50,?,ст. 50,1,1905-010,1905,10,https://ivseliv.github.io/senat/lex/#/d/1905-010
? ст. 55,?,ст. 55,1,1905-010,1905,10,https://ivseliv.github.io/senat/lex/#/d/1905-010
? ст. 600,?,ст. 600,1,1905-010,1905,10,https://ivseliv.github.io/senat/lex/#/d/1905-010
? ст. 692,?,ст. 692,1,1905-010,1905,10,https://ivseliv.github.io/senat/lex/#/d/1905-010
? ст. 694,?,ст. 694,1,1905-010,1905,10,https://ivseliv.github.io/senat/lex/#/d/1905-010
? ст. 72,?,ст. 72,1,1905-010,1905,10,https://ivseliv.github.io/senat/lex/#/d/1905-010
? ст. 732,?,ст. 732,1,1905-010,1905,10,https://ivseliv.github.io/senat/lex/#/d/1905-010
? ст. 816–838,?,ст. 816–838,1,1905-010,1905,10,https://ivseliv.github.io/senat/lex/#/d/1905-010
СЗГ ст. 10,СЗГ,ст. 10,1,1905-010,1905,10,https://ivseliv.github.io/senat/lex/#/d/1905-010
СЗГ ст. 156,СЗГ,ст. 156,1,1905-010,1905,10,https://ivseliv.github.io/senat/lex/#/d/1905-010
СЗГ ст. 1560,СЗГ,ст. 1560,4,1905-010,1905,10,https://ivseliv.github.io/senat/lex/#/d/1905-010
СЗГ ст. 47,СЗГ,ст. 47,1,1905-010,1905,10,https://ivseliv.github.io/senat/lex/#/d/1905-010
СЗГ ст. 72,СЗГ,ст. 72,1,1905-010,1905,10,https://ivseliv.github.io/senat/lex/#/d/1905-010
? ст. 608,?,ст. 608,1,1905-011,1905,11,https://ivseliv.github.io/senat/lex/#/d/1905-011
? ст. 717,?,ст. 717,2,1905-011,1905,11,https://ivseliv.github.io/senat/lex/#/d/1905-011
УТ ст. 608,УТ,ст. 608,1,1905-011,1905,11,https://ivseliv.github.io/senat/lex/#/d/1905-011
УТ ст. 717,УТ,ст. 717,3,1905-011,1905,11,https://ivseliv.github.io/senat/lex/#/d/1905-011
? ст. 760,?,ст. 760,1,1905-012,1905,12,https://ivseliv.github.io/senat/lex/#/d/1905-012
УГС ст. 339,УГС,ст. 339,1,1905-012,1905,12,https://ivseliv.github.io/senat/lex/#/d/1905-012
УГС ст. 730,УГС,ст. 730,1,1905-012,1905,12,https://ivseliv.github.io/senat/lex/#/d/1905-012
УГС ст. 760,УГС,ст. 760,1,1905-012,1905,12,https://ivseliv.github.io/senat/lex/#/d/1905-012
УГС ст. 764,УГС,ст. 764,1,1905-012,1905,12,https://ivseliv.github.io/senat/lex/#/d/1905-012
? ст. 2753,?,ст. 2753,1,1905-013,1905,13,https://ivseliv.github.io/senat/lex/#/d/1905-013
? ст. 717,?,ст. 717,1,1905-013,1905,13,https://ivseliv.github.io/senat/lex/#/d/1905-013
? ст. 38,?,ст. 38,1,1905-014,1905,14,https://ivseliv.github.io/senat/lex/#/d/1905-014
? ст. 1478,?,ст. 1478,2,1905-015,1905,15,https://ivseliv.github.io/senat/lex/#/d/1905-015
? ст. 1479,?,ст. 1479,2,1905-015,1905,15,https://ivseliv.github.io/senat/lex/#/d/1905-015
? ст. 1480,?,ст. 1480,3,1905-015,1905,15,https://ivseliv.github.io/senat/lex/#/d/1905-015
УГС ст. 129,УГС,ст. 129,2,1905-015,1905,15,https://ivseliv.github.io/senat/lex/#/d/1905-015
УГС ст. 130,УГС,ст. 130,2,1905-015,1905,15,https://ivseliv.github.io/senat/lex/#/d/1905-015
УГС ст. 452,УГС,ст. 452,1,1905-015,1905,15,https://ivseliv.github.io/senat/lex/#/d/1905-015
УГС ст. 896,УГС,ст. 896,1,1905-015,1905,15,https://ivseliv.github.io/senat/lex/#/d/1905-015
? ст. 258,?,ст. 258,1,1905-016,1905,16,https://ivseliv.github.io/senat/lex/#/d/1905-016
? ст. 259,?,ст. 259,1,1905-016,1905,16,https://ivseliv.github.io/senat/lex/#/d/1905-016
УГС ст. 234,УГС,ст. 234,1,1905-016,1905,16,https://ivseliv.github.io/senat/lex/#/d/1905-016
УГС ст. 235,УГС,ст. 235,1,1905-016,1905,16,https://ivseliv.github.io/senat/lex/#/d/1905-016
УГС ст. 449,УГС,ст. 449,1,1905-016,1905,16,https://ivseliv.github.io/senat/lex/#/d/1905-016
СЗГ ст. 2108,СЗГ,ст. 2108,1,1905-017,1905,17,https://ivseliv.github.io/senat/lex/#/d/1905-017
СЗГ ст. 2112,СЗГ,ст. 2112,1,1905-017,1905,17,https://ivseliv.github.io/senat/lex/#/d/1905-017
СЗГ ст. 570,СЗГ,ст. 570,1,1905-017,1905,17,https://ivseliv.github.io/senat/lex/#/d/1905-017
СЗГ ст. 683,СЗГ,ст. 683,4,1905-017,1905,17,https://ivseliv.github.io/senat/lex/#/d/1905-017
? ст. 304,?,ст. 304,1,1905-018,1905,18,https://ivseliv.github.io/senat/lex/#/d/1905-018
СЗГ ст. 1528,СЗГ,ст. 1528,1,1905-019,1905,19,https://ivseliv.github.io/senat/lex/#/d/1905-019
СЗГ ст. 2293,СЗГ,ст. 2293,1,1905-019,1905,19,https://ivseliv.github.io/senat/lex/#/d/1905-019
СЗГ ст. 2294,СЗГ,ст. 2294,1,1905-019,1905,19,https://ivseliv.github.io/senat/lex/#/d/1905-019
СЗГ ст. 2326,СЗГ,ст. 2326,1,1905-019,1905,19,https://ivseliv.github.io/senat/lex/#/d/1905-019
УГС ст. 19,УГС,ст. 19,1,1905-019,1905,19,https://ivseliv.github.io/senat/lex/#/d/1905-019
УГС ст. 20,УГС,ст. 20,1,1905-019,1905,19,https://ivseliv.github.io/senat/lex/#/d/1905-019
УГС ст. 21,УГС,ст. 21,1,1905-019,1905,19,https://ivseliv.github.io/senat/lex/#/d/1905-019
УСУ ст. 390,УСУ,ст. 390,1,1905-019,1905,19,https://ivseliv.github.io/senat/lex/#/d/1905-019
? ст. 115–120,?,ст. 115–120,1,1905-020,1905,20,https://ivseliv.github.io/senat/lex/#/d/1905-020
? ст. 2220,?,ст. 2220,1,1905-020,1905,20,https://ivseliv.github.io/senat/lex/#/d/1905-020
УГС ст. 9,УГС,ст. 9,1,1905-020,1905,20,https://ivseliv.github.io/senat/lex/#/d/1905-020
УЖД ст. 114,УЖД,ст. 114,2,1905-020,1905,20,https://ivseliv.github.io/senat/lex/#/d/1905-020
УЖД ст. 135,УЖД,ст. 135,2,1905-020,1905,20,https://ivseliv.github.io/senat/lex/#/d/1905-020
УЖД ст. 1167,УЖД,ст. 1167,1,1905-021,1905,21,https://ivseliv.github.io/senat/lex/#/d/1905-021
УЖД ст. 18,УЖД,ст. 18,1,1905-021,1905,21,https://ivseliv.github.io/senat/lex/#/d/1905-021
? ст. 1504,?,ст. 1504,1,1905-022,1905,22,https://ivseliv.github.io/senat/lex/#/d/1905-022
? ст. 1901,?,ст. 1901,1,1905-022,1905,22,https://ivseliv.github.io/senat/lex/#/d/1905-022
? ст. 467,?,ст. 467,1,1905-022,1905,22,https://ivseliv.github.io/senat/lex/#/d/1905-022
? ст. 51,?,ст. 51,1,1905-022,1905,22,https://ivseliv.github.io/senat/lex/#/d/1905-022
? ст. 53,?,ст. 53,1,1905-022,1905,22,https://ivseliv.github.io/senat/lex/#/d/1905-022
? ст. 672,?,ст. 672,1,1905-022,1905,22,https://ivseliv.github.io/senat/lex/#/d/1905-022
? ст. 701,?,ст. 701,1,1905-022,1905,22,https://ivseliv.github.io/senat/lex/#/d/1905-022
УГС ст. 142,УГС,ст. 142,1,1905-022,1905,22,https://ivseliv.github.io/senat/lex/#/d/1905-022
УЖД ст. 110,УЖД,ст. 110,1,1905-022,1905,22,https://ivseliv.github.io/senat/lex/#/d/1905-022
УЖД ст. 111,УЖД,ст. 111,2,1905-022,1905,22,https://ivseliv.github.io/senat/lex/#/d/1905-022
УЖД ст. 121,УЖД,ст. 121,2,1905-022,1905,22,https://ivseliv.github.io/senat/lex/#/d/1905-022
УЖД ст. 42–91,УЖД,ст. 42–91,1,1905-022,1905,22,https://ivseliv.github.io/senat/lex/#/d/1905-022
УЖД ст. 68,УЖД,ст. 68,1,1905-022,1905,22,https://ivseliv.github.io/senat/lex/#/d/1905-022
? ст. 132¹²,?,ст. 132¹²,3,1905-024,1905,24,https://ivseliv.github.io/senat/lex/#/d/1905-024
? ст. 132¹⁴,?,ст. 132¹⁴,1,1905-024,1905,24,https://ivseliv.github.io/senat/lex/#/d/1905-024
? ст. 156¹,?,ст. 156¹,1,1905-024,1905,24,https://ivseliv.github.io/senat/lex/#/d/1905-024
? ст. 28–33,?,ст. 28–33,1,1905-024,1905,24,https://ivseliv.github.io/senat/lex/#/d/1905-024
СЗГ ст. 1135,СЗГ,ст. 1135,1,1905-024,1905,24,https://ivseliv.github.io/senat/lex/#/d/1905-024
СЗГ ст. 132¹²,СЗГ,ст. 132¹²,1,1905-024,1905,24,https://ivseliv.github.io/senat/lex/#/d/1905-024
СЗГ ст. 132¹⁴,СЗГ,ст. 132¹⁴,1,1905-024,1905,24,https://ivseliv.github.io/senat/lex/#/d/1905-024
? ст. 43,?,ст. 43,1,1905-025,1905,25,https://ivseliv.github.io/senat/lex/#/d/1905-025
? ст. 51,?,ст. 51,1,1905-025,1905,25,https://ivseliv.github.io/senat/lex/#/d/1905-025
? ст. 57,?,ст. 57,1,1905-025,1905,25,https://ivseliv.github.io/senat/lex/#/d/1905-025
УГС ст. 339,УГС,ст. 339,1,1905-026,1905,26,https://ivseliv.github.io/senat/lex/#/d/1905-026
УГС ст. 366,УГС,ст. 366,1,1905-026,1905,26,https://ivseliv.github.io/senat/lex/#/d/1905-026
СЗГ ст. 683,СЗГ,ст. 683,6,1905-028,1905,28,https://ivseliv.github.io/senat/lex/#/d/1905-028
УГС ст. 81,УГС,ст. 81,1,1905-028,1905,28,https://ivseliv.github.io/senat/lex/#/d/1905-028
УЖД ст. 92,УЖД,ст. 92,2,1905-028,1905,28,https://ivseliv.github.io/senat/lex/#/d/1905-028
СЗГ ст. 425,СЗГ,ст. 425,1,1905-029,1905,29,https://ivseliv.github.io/senat/lex/#/d/1905-029
? ст. 43,?,ст. 43,1,1905-030,1905,30,https://ivseliv.github.io/senat/lex/#/d/1905-030
ГКП ст. 1743,ГКП,ст. 1743,1,1905-030,1905,30,https://ivseliv.github.io/senat/lex/#/d/1905-030
ГКП ст. 2268,ГКП,ст. 2268,1,1905-030,1905,30,https://ivseliv.github.io/senat/lex/#/d/1905-030
ГКП ст. 544,ГКП,ст. 544,1,1905-030,1905,30,https://ivseliv.github.io/senat/lex/#/d/1905-030
ГКП ст. 552,ГКП,ст. 552,1,1905-030,1905,30,https://ivseliv.github.io/senat/lex/#/d/1905-030
СЗГ ст. 683,СЗГ,ст. 683,6,1905-031,1905,31,https://ivseliv.github.io/senat/lex/#/d/1905-031
УН ст. 1085,УН,ст. 1085,1,1905-031,1905,31,https://ivseliv.github.io/senat/lex/#/d/1905-031
УСУ ст. 5,УСУ,ст. 5,1,1905-031,1905,31,https://ivseliv.github.io/senat/lex/#/d/1905-031
? ст. 1108,?,ст. 1108,1,1905-032,1905,32,https://ivseliv.github.io/senat/lex/#/d/1905-032
? ст. 1124,?,ст. 1124,1,1905-032,1905,32,https://ivseliv.github.io/senat/lex/#/d/1905-032
? ст. 1125,?,ст. 1125,1,1905-032,1905,32,https://ivseliv.github.io/senat/lex/#/d/1905-032
? ст. 184,?,ст. 184,1,1905-032,1905,32,https://ivseliv.github.io/senat/lex/#/d/1905-032
? ст. 188,?,ст. 188,1,1905-032,1905,32,https://ivseliv.github.io/senat/lex/#/d/1905-032
? ст. 191–193,?,ст. 191–193,1,1905-032,1905,32,https://ivseliv.github.io/senat/lex/#/d/1905-032
? ст. 213,?,ст. 213,1,1905-032,1905,32,https://ivseliv.github.io/senat/lex/#/d/1905-032
ГКП ст. 1108,ГКП,ст. 1108,1,1905-032,1905,32,https://ivseliv.github.io/senat/lex/#/d/1905-032
ГКП ст. 1115,ГКП,ст. 1115,1,1905-032,1905,32,https://ivseliv.github.io/senat/lex/#/d/1905-032
ГКП ст. 184,ГКП,ст. 184,1,1905-032,1905,32,https://ivseliv.github.io/senat/lex/#/d/1905-032
ГКП ст. 188,ГКП,ст. 188,2,1905-032,1905,32,https://ivseliv.github.io/senat/lex/#/d/1905-032
ГКП ст. 192,ГКП,ст. 192,1,1905-032,1905,32,https://ivseliv.github.io/senat/lex/#/d/1905-032
? ст. 1966,?,ст. 1966,1,1905-033,1905,33,https://ivseliv.github.io/senat/lex/#/d/1905-033
ГКП ст. 1965,ГКП,ст. 1965,1,1905-033,1905,33,https://ivseliv.github.io/senat/lex/#/d/1905-033
ГКП ст. 1966,ГКП,ст. 1966,2,1905-033,1905,33,https://ivseliv.github.io/senat/lex/#/d/1905-033
СЗГ ст. 20,СЗГ,ст. 20,1,1905-034,1905,34,https://ivseliv.github.io/senat/lex/#/d/1905-034
СЗГ ст. 570,СЗГ,ст. 570,1,1905-034,1905,34,https://ivseliv.github.io/senat/lex/#/d/1905-034
СЗГ ст. 644–689,СЗГ,ст. 644–689,1,1905-034,1905,34,https://ivseliv.github.io/senat/lex/#/d/1905-034
УГС ст. 20,УГС,ст. 20,2,1905-034,1905,34,https://ivseliv.github.io/senat/lex/#/d/1905-034
УГС ст. 29,УГС,ст. 29,3,1905-034,1905,34,https://ivseliv.github.io/senat/lex/#/d/1905-034
УГС ст. 584,УГС,ст. 584,1,1905-034,1905,34,https://ivseliv.github.io/senat/lex/#/d/1905-034
УГС ст. 69,УГС,ст. 69,1,1905-034,1905,34,https://ivseliv.github.io/senat/lex/#/d/1905-034
? ст. 1045–1049,?,ст. 1045–1049,1,1905-035,1905,35,https://ivseliv.github.io/senat/lex/#/d/1905-035
? ст. 1051,?,ст. 1051,1,1905-035,1905,35,https://ivseliv.github.io/senat/lex/#/d/1905-035
? ст. 1053–1056,?,ст. 1053–1056,1,1905-035,1905,35,https://ivseliv.github.io/senat/lex/#/d/1905-035
? ст. 1066²,?,ст. 1066²,2,1905-035,1905,35,https://ivseliv.github.io/senat/lex/#/d/1905-035
? ст. 480,?,ст. 480,1,1905-035,1905,35,https://ivseliv.github.io/senat/lex/#/d/1905-035
СЗГ ст. 1012,СЗГ,ст. 1012,1,1905-035,1905,35,https://ivseliv.github.io/senat/lex/#/d/1905-035
СЗГ ст. 1023,СЗГ,ст. 1023,1,1905-035,1905,35,https://ivseliv.github.io/senat/lex/#/d/1905-035
СЗГ ст. 1046,СЗГ,ст. 1046,1,1905-035,1905,35,https://ivseliv.github.io/senat/lex/#/d/1905-035
СЗГ ст. 1048,СЗГ,ст. 1048,1,1905-035,1905,35,https://ivseliv.github.io/senat/lex/#/d/1905-035
СЗГ ст. 1066¹,СЗГ,ст. 1066¹,1,1905-035,1905,35,https://ivseliv.github.io/senat/lex/#/d/1905-035
? ст. 1005–1022,?,ст. 1005–1022,1,1905-036,1905,36,https://ivseliv.github.io/senat/lex/#/d/1905-036
? ст. 1013,?,ст. 1013,3,1905-036,1905,36,https://ivseliv.github.io/senat/lex/#/d/1905-036
? ст. 2036,?,ст. 2036,1,1905-036,1905,36,https://ivseliv.github.io/senat/lex/#/d/1905-036
? ст. 2038,?,ст. 2038,1,1905-036,1905,36,https://ivseliv.github.io/senat/lex/#/d/1905-036
? ст. 2060,?,ст. 2060,1,1905-036,1905,36,https://ivseliv.github.io/senat/lex/#/d/1905-036
? ст. 2062,?,ст. 2062,1,1905-036,1905,36,https://ivseliv.github.io/senat/lex/#/d/1905-036
? ст. 2070–2073,?,ст. 2070–2073,1,1905-036,1905,36,https://ivseliv.github.io/senat/lex/#/d/1905-036
? ст. 2090–2092,?,ст. 2090–2092,1,1905-036,1905,36,https://ivseliv.github.io/senat/lex/#/d/1905-036
? ст. 236–237,?,ст. 236–237,1,1905-036,1905,36,https://ivseliv.github.io/senat/lex/#/d/1905-036
? ст. 2443,?,ст. 2443,1,1905-036,1905,36,https://ivseliv.github.io/senat/lex/#/d/1905-036
? ст. 938,?,ст. 938,1,1905-036,1905,36,https://ivseliv.github.io/senat/lex/#/d/1905-036
? ст. 983–1022,?,ст. 983–1022,1,1905-036,1905,36,https://ivseliv.github.io/senat/lex/#/d/1905-036
? ст. 301,?,ст. 301,1,1905-037,1905,37,https://ivseliv.github.io/senat/lex/#/d/1905-037
? ст. 302,?,ст. 302,1,1905-037,1905,37,https://ivseliv.github.io/senat/lex/#/d/1905-037
? ст. 311,?,ст. 311,1,1905-037,1905,37,https://ivseliv.github.io/senat/lex/#/d/1905-037
? ст. 315,?,ст. 315,1,1905-037,1905,37,https://ivseliv.github.io/senat/lex/#/d/1905-037
? ст. 330,?,ст. 330,1,1905-037,1905,37,https://ivseliv.github.io/senat/lex/#/d/1905-037
УГС ст. 1282,УГС,ст. 1282,1,1905-037,1905,37,https://ivseliv.github.io/senat/lex/#/d/1905-037
? ст. 55,?,ст. 55,1,1905-039,1905,39,https://ivseliv.github.io/senat/lex/#/d/1905-039
? ст. 63,?,ст. 63,1,1905-039,1905,39,https://ivseliv.github.io/senat/lex/#/d/1905-039
СЗГ ст. 515,СЗГ,ст. 515,1,1905-039,1905,39,https://ivseliv.github.io/senat/lex/#/d/1905-039
? ст. 202 п. 1,?,ст. 202 п. 1,1,1905-040,1905,40,https://ivseliv.github.io/senat/lex/#/d/1905-040
? ст. 206,?,ст. 206,1,1905-040,1905,40,https://ivseliv.github.io/senat/lex/#/d/1905-040
? ст. 208,?,ст. 208,1,1905-040,1905,40,https://ivseliv.github.io/senat/lex/#/d/1905-040
? ст. 1324–1334,?,ст. 1324–1334,1,1905-041,1905,41,https://ivseliv.github.io/senat/lex/#/d/1905-041
? ст. 942–952,?,ст. 942–952,1,1905-041,1905,41,https://ivseliv.github.io/senat/lex/#/d/1905-041
УГС ст. 352,УГС,ст. 352,1,1905-041,1905,41,https://ivseliv.github.io/senat/lex/#/d/1905-041
? ст. 150,?,ст. 150,6,1905-042,1905,42,https://ivseliv.github.io/senat/lex/#/d/1905-042
? ст. 152,?,ст. 152,2,1905-042,1905,42,https://ivseliv.github.io/senat/lex/#/d/1905-042
? ст. 237,?,ст. 237,1,1905-042,1905,42,https://ivseliv.github.io/senat/lex/#/d/1905-042
? ст. 374¹,?,ст. 374¹,1,1905-042,1905,42,https://ivseliv.github.io/senat/lex/#/d/1905-042
? ст. 692,?,ст. 692,1,1905-042,1905,42,https://ivseliv.github.io/senat/lex/#/d/1905-042
ГКП ст. 1026,ГКП,ст. 1026,7,1905-043,1905,43,https://ivseliv.github.io/senat/lex/#/d/1905-043
ГКП ст. 1031,ГКП,ст. 1031,1,1905-043,1905,43,https://ivseliv.github.io/senat/lex/#/d/1905-043
ГКП ст. 900,ГКП,ст. 900,1,1905-043,1905,43,https://ivseliv.github.io/senat/lex/#/d/1905-043
УГС ст. 339,УГС,ст. 339,2,1905-043,1905,43,https://ivseliv.github.io/senat/lex/#/d/1905-043
УГС ст. 711,УГС,ст. 711,3,1905-043,1905,43,https://ivseliv.github.io/senat/lex/#/d/1905-043
УСУ ст. 5,УСУ,ст. 5,1,1905-043,1905,43,https://ivseliv.github.io/senat/lex/#/d/1905-043
? ст. 397,?,ст. 397,2,1905-044,1905,44,https://ivseliv.github.io/senat/lex/#/d/1905-044
? ст. 402,?,ст. 402,1,1905-044,1905,44,https://ivseliv.github.io/senat/lex/#/d/1905-044
? ст. 68,?,ст. 68,1,1905-044,1905,44,https://ivseliv.github.io/senat/lex/#/d/1905-044
СЗГ ст. 402,СЗГ,ст. 402,1,1905-044,1905,44,https://ivseliv.github.io/senat/lex/#/d/1905-044
УГС ст. 22,УГС,ст. 22,1,1905-044,1905,44,https://ivseliv.github.io/senat/lex/#/d/1905-044
УГС ст. 339,УГС,ст. 339,2,1905-044,1905,44,https://ivseliv.github.io/senat/lex/#/d/1905-044
УТ ст. 60,УТ,ст. 60,2,1905-044,1905,44,https://ivseliv.github.io/senat/lex/#/d/1905-044
УТ ст. 68,УТ,ст. 68,3,1905-044,1905,44,https://ivseliv.github.io/senat/lex/#/d/1905-044
УТ ст. 77,УТ,ст. 77,2,1905-044,1905,44,https://ivseliv.github.io/senat/lex/#/d/1905-044
? ст. 395,?,ст. 395,1,1905-045,1905,45,https://ivseliv.github.io/senat/lex/#/d/1905-045
? ст. 395–403,?,ст. 395–403,1,1905-045,1905,45,https://ivseliv.github.io/senat/lex/#/d/1905-045
? ст. 396,?,ст. 396,1,1905-045,1905,45,https://ivseliv.github.io/senat/lex/#/d/1905-045
? ст. 397,?,ст. 397,4,1905-045,1905,45,https://ivseliv.github.io/senat/lex/#/d/1905-045
? ст. 398,?,ст. 398,2,1905-045,1905,45,https://ivseliv.github.io/senat/lex/#/d/1905-045
? ст. 399,?,ст. 399,1,1905-045,1905,45,https://ivseliv.github.io/senat/lex/#/d/1905-045
УТ ст. 678,УТ,ст. 678,2,1905-045,1905,45,https://ivseliv.github.io/senat/lex/#/d/1905-045
? ст. 395,?,ст. 395,1,1905-046,1905,46,https://ivseliv.github.io/senat/lex/#/d/1905-046
? ст. 397,?,ст. 397,2,1905-046,1905,46,https://ivseliv.github.io/senat/lex/#/d/1905-046
? ст. 398,?,ст. 398,1,1905-046,1905,46,https://ivseliv.github.io/senat/lex/#/d/1905-046
? ст. 399,?,ст. 399,1,1905-046,1905,46,https://ivseliv.github.io/senat/lex/#/d/1905-046
? ст. 402,?,ст. 402,2,1905-046,1905,46,https://ivseliv.github.io/senat/lex/#/d/1905-046
? ст. 413,?,ст. 413,1,1905-046,1905,46,https://ivseliv.github.io/senat/lex/#/d/1905-046
? ст. 515,?,ст. 515,1,1905-046,1905,46,https://ivseliv.github.io/senat/lex/#/d/1905-046
СЗГ ст. 555,СЗГ,ст. 555,1,1905-047,1905,47,https://ivseliv.github.io/senat/lex/#/d/1905-047
СЗГ ст. 2199,СЗГ,ст. 2199,1,1905-048,1905,48,https://ivseliv.github.io/senat/lex/#/d/1905-048
? ст. 363,?,ст. 363,1,1905-049,1905,49,https://ivseliv.github.io/senat/lex/#/d/1905-049
СЗГ ст. 2155,СЗГ,ст. 2155,1,1905-049,1905,49,https://ivseliv.github.io/senat/lex/#/d/1905-049
СЗГ ст. 2200,СЗГ,ст. 2200,2,1905-049,1905,49,https://ivseliv.github.io/senat/lex/#/d/1905-049
СЗГ ст. 1700,СЗГ,ст. 1700,1,1905-050,1905,50,https://ivseliv.github.io/senat/lex/#/d/1905-050
СЗГ ст. 635,СЗГ,ст. 635,2,1905-050,1905,50,https://ivseliv.github.io/senat/lex/#/d/1905-050
СЗГ ст. 691,СЗГ,ст. 691,1,1905-050,1905,50,https://ivseliv.github.io/senat/lex/#/d/1905-050
? ст. 1333,?,ст. 1333,1,1905-051,1905,51,https://ivseliv.github.io/senat/lex/#/d/1905-051
? ст. 215,?,ст. 215,1,1905-051,1905,51,https://ivseliv.github.io/senat/lex/#/d/1905-051
? ст. 74,?,ст. 74,1,1905-051,1905,51,https://ivseliv.github.io/senat/lex/#/d/1905-051
СЗГ ст. 1585,СЗГ,ст. 1585,1,1905-052,1905,52,https://ivseliv.github.io/senat/lex/#/d/1905-052
СЗГ ст. 570,СЗГ,ст. 570,1,1905-052,1905,52,https://ivseliv.github.io/senat/lex/#/d/1905-052
? ст. 161,?,ст. 161,1,1905-054,1905,54,https://ivseliv.github.io/senat/lex/#/d/1905-054
СЗГ ст. 1697,СЗГ,ст. 1697,1,1905-054,1905,54,https://ivseliv.github.io/senat/lex/#/d/1905-054
СЗГ ст. 384,СЗГ,ст. 384,1,1905-054,1905,54,https://ivseliv.github.io/senat/lex/#/d/1905-054
? ст. 363,?,ст. 363,1,1905-055,1905,55,https://ivseliv.github.io/senat/lex/#/d/1905-055
СЗГ ст. 2126,СЗГ,ст. 2126,1,1905-055,1905,55,https://ivseliv.github.io/senat/lex/#/d/1905-055
СЗГ ст. 2131,СЗГ,ст. 2131,1,1905-055,1905,55,https://ivseliv.github.io/senat/lex/#/d/1905-055
СЗГ ст. 2132,СЗГ,ст. 2132,1,1905-055,1905,55,https://ivseliv.github.io/senat/lex/#/d/1905-055
СЗГ ст. 2189–2198,СЗГ,ст. 2189–2198,1,1905-055,1905,55,https://ivseliv.github.io/senat/lex/#/d/1905-055
СЗГ ст. 2200,СЗГ,ст. 2200,2,1905-055,1905,55,https://ivseliv.github.io/senat/lex/#/d/1905-055
СЗГ ст. 363,СЗГ,ст. 363,1,1905-055,1905,55,https://ivseliv.github.io/senat/lex/#/d/1905-055
УГС ст. 1,УГС,ст. 1,1,1905-055,1905,55,https://ivseliv.github.io/senat/lex/#/d/1905-055
УГС ст. 663,УГС,ст. 663,1,1905-055,1905,55,https://ivseliv.github.io/senat/lex/#/d/1905-055
УГС ст. 664,УГС,ст. 664,1,1905-055,1905,55,https://ivseliv.github.io/senat/lex/#/d/1905-055
УГС ст. 940,УГС,ст. 940,1,1905-056,1905,56,https://ivseliv.github.io/senat/lex/#/d/1905-056
ГКП ст. 2265,ГКП,ст. 2265,1,1905-057,1905,57,https://ivseliv.github.io/senat/lex/#/d/1905-057
ГКП ст. 913,ГКП,ст. 913,1,1905-057,1905,57,https://ivseliv.github.io/senat/lex/#/d/1905-057
УГС ст. 11,УГС,ст. 11,1,1905-057,1905,57,https://ivseliv.github.io/senat/lex/#/d/1905-057
УГС ст. 12,УГС,ст. 12,1,1905-057,1905,57,https://ivseliv.github.io/senat/lex/#/d/1905-057
УСУ ст. 5,УСУ,ст. 5,1,1905-057,1905,57,https://ivseliv.github.io/senat/lex/#/d/1905-057
СЗГ ст. 1135,СЗГ,ст. 1135,1,1905-058,1905,58,https://ivseliv.github.io/senat/lex/#/d/1905-058
СЗГ ст. 1243,СЗГ,ст. 1243,2,1905-058,1905,58,https://ivseliv.github.io/senat/lex/#/d/1905-058
СЗГ ст. 1246,СЗГ,ст. 1246,1,1905-058,1905,58,https://ivseliv.github.io/senat/lex/#/d/1905-058
СЗГ ст. 1255,СЗГ,ст. 1255,1,1905-058,1905,58,https://ivseliv.github.io/senat/lex/#/d/1905-058
УГС ст. 1,УГС,ст. 1,2,1905-058,1905,58,https://ivseliv.github.io/senat/lex/#/d/1905-058
УГС ст. 1451,УГС,ст. 1451,1,1905-058,1905,58,https://ivseliv.github.io/senat/lex/#/d/1905-058
УГС ст. 1453,УГС,ст. 1453,2,1905-058,1905,58,https://ivseliv.github.io/senat/lex/#/d/1905-058
СЗГ ст. 131¹,СЗГ,ст. 131¹,1,1905-059,1905,59,https://ivseliv.github.io/senat/lex/#/d/1905-059
СЗГ ст. 132,СЗГ,ст. 132,1,1905-059,1905,59,https://ivseliv.github.io/senat/lex/#/d/1905-059
СЗГ ст. 144¹,СЗГ,ст. 144¹,1,1905-059,1905,59,https://ivseliv.github.io/senat/lex/#/d/1905-059
? ст. 55,?,ст. 55,1,1905-060,1905,60,https://ivseliv.github.io/senat/lex/#/d/1905-060
? ст. 78,?,ст. 78,1,1905-060,1905,60,https://ivseliv.github.io/senat/lex/#/d/1905-060
? ст. 92,?,ст. 92,1,1905-060,1905,60,https://ivseliv.github.io/senat/lex/#/d/1905-060
? ст. 109,?,ст. 109,1,1905-061,1905,61,https://ivseliv.github.io/senat/lex/#/d/1905-061
? ст. 441,?,ст. 441,1,1905-061,1905,61,https://ivseliv.github.io/senat/lex/#/d/1905-061
? ст. 452,?,ст. 452,1,1905-061,1905,61,https://ivseliv.github.io/senat/lex/#/d/1905-061
? ст. 455,?,ст. 455,2,1905-061,1905,61,https://ivseliv.github.io/senat/lex/#/d/1905-061
? ст. 457,?,ст. 457,1,1905-061,1905,61,https://ivseliv.github.io/senat/lex/#/d/1905-061
? ст. 459,?,ст. 459,1,1905-061,1905,61,https://ivseliv.github.io/senat/lex/#/d/1905-061
? ст. 462,?,ст. 462,1,1905-061,1905,61,https://ivseliv.github.io/senat/lex/#/d/1905-061
? ст. 92,?,ст. 92,2,1905-061,1905,61,https://ivseliv.github.io/senat/lex/#/d/1905-061
? ст. 93,?,ст. 93,3,1905-061,1905,61,https://ivseliv.github.io/senat/lex/#/d/1905-061
УГС ст. 1400,УГС,ст. 1400,1,1905-061,1905,61,https://ivseliv.github.io/senat/lex/#/d/1905-061
УГС ст. 441,УГС,ст. 441,1,1905-061,1905,61,https://ivseliv.github.io/senat/lex/#/d/1905-061
? ст. 1374,?,ст. 1374,1,1905-062,1905,62,https://ivseliv.github.io/senat/lex/#/d/1905-062
? ст. 1895,?,ст. 1895,1,1905-062,1905,62,https://ivseliv.github.io/senat/lex/#/d/1905-062
? ст. 255,?,ст. 255,1,1905-062,1905,62,https://ivseliv.github.io/senat/lex/#/d/1905-062
? ст. 585,?,ст. 585,1,1905-062,1905,62,https://ivseliv.github.io/senat/lex/#/d/1905-062
? ст. 671,?,ст. 671,1,1905-062,1905,62,https://ivseliv.github.io/senat/lex/#/d/1905-062
? ст. 672,?,ст. 672,1,1905-062,1905,62,https://ivseliv.github.io/senat/lex/#/d/1905-062
? ст. 989,?,ст. 989,1,1905-062,1905,62,https://ivseliv.github.io/senat/lex/#/d/1905-062
УЖД ст. 18,УЖД,ст. 18,1,1905-062,1905,62,https://ivseliv.github.io/senat/lex/#/d/1905-062
УЖД ст. 68,УЖД,ст. 68,1,1905-062,1905,62,https://ivseliv.github.io/senat/lex/#/d/1905-062
? ст. 54–60,?,ст. 54–60,1,1905-063,1905,63,https://ivseliv.github.io/senat/lex/#/d/1905-063
СЗГ ст. 1536,СЗГ,ст. 1536,1,1905-063,1905,63,https://ivseliv.github.io/senat/lex/#/d/1905-063
СЗГ ст. 1538,СЗГ,ст. 1538,1,1905-063,1905,63,https://ivseliv.github.io/senat/lex/#/d/1905-063
СЗГ ст. 1545,СЗГ,ст. 1545,1,1905-063,1905,63,https://ivseliv.github.io/senat/lex/#/d/1905-063
СЗГ ст. 1547,СЗГ,ст. 1547,1,1905-063,1905,63,https://ivseliv.github.io/senat/lex/#/d/1905-063
СЗГ ст. 569,СЗГ,ст. 569,1,1905-063,1905,63,https://ivseliv.github.io/senat/lex/#/d/1905-063
СЗГ ст. 570,СЗГ,ст. 570,1,1905-063,1905,63,https://ivseliv.github.io/senat/lex/#/d/1905-063
УТ ст. 150–152,УТ,ст. 150–152,1,1905-063,1905,63,https://ivseliv.github.io/senat/lex/#/d/1905-063
? ст. 49,?,ст. 49,1,1905-064,1905,64,https://ivseliv.github.io/senat/lex/#/d/1905-064
? ст. 672,?,ст. 672,1,1905-064,1905,64,https://ivseliv.github.io/senat/lex/#/d/1905-064
СЗГ ст. 1686,СЗГ,ст. 1686,3,1905-065,1905,65,https://ivseliv.github.io/senat/lex/#/d/1905-065
СЗГ ст. 1688,СЗГ,ст. 1688,1,1905-065,1905,65,https://ivseliv.github.io/senat/lex/#/d/1905-065
? ст. 672,?,ст. 672,2,1905-068,1905,68,https://ivseliv.github.io/senat/lex/#/d/1905-068
? ст. 68,?,ст. 68,1,1905-068,1905,68,https://ivseliv.github.io/senat/lex/#/d/1905-068
УЖД ст. 69,УЖД,ст. 69,1,1905-068,1905,68,https://ivseliv.github.io/senat/lex/#/d/1905-068
? ст. 194,?,ст. 194,1,1905-069,1905,69,https://ivseliv.github.io/senat/lex/#/d/1905-069
? ст. 657,?,ст. 657,1,1905-069,1905,69,https://ivseliv.github.io/senat/lex/#/d/1905-069
? ст. 683,?,ст. 683,2,1905-069,1905,69,https://ivseliv.github.io/senat/lex/#/d/1905-069
СЗГ ст. 194,СЗГ,ст. 194,5,1905-069,1905,69,https://ivseliv.github.io/senat/lex/#/d/1905-069
СЗГ ст. 683,СЗГ,ст. 683,3,1905-069,1905,69,https://ivseliv.github.io/senat/lex/#/d/1905-069
СЗГ ст. 684,СЗГ,ст. 684,1,1905-069,1905,69,https://ivseliv.github.io/senat/lex/#/d/1905-069
? ст. 116,?,ст. 116,1,1905-070,1905,70,https://ivseliv.github.io/senat/lex/#/d/1905-070
? ст. 118,?,ст. 118,1,1905-070,1905,70,https://ivseliv.github.io/senat/lex/#/d/1905-070
? ст. 119,?,ст. 119,1,1905-070,1905,70,https://ivseliv.github.io/senat/lex/#/d/1905-070
? ст. 121,?,ст. 121,1,1905-070,1905,70,https://ivseliv.github.io/senat/lex/#/d/1905-070
? ст. 124,?,ст. 124,2,1905-070,1905,70,https://ivseliv.github.io/senat/lex/#/d/1905-070
? ст. 47,?,ст. 47,1,1905-070,1905,70,https://ivseliv.github.io/senat/lex/#/d/1905-070
? ст. 70,?,ст. 70,1,1905-070,1905,70,https://ivseliv.github.io/senat/lex/#/d/1905-070
? ст. 153,?,ст. 153,2,1905-071,1905,71,https://ivseliv.github.io/senat/lex/#/d/1905-071
ГКП ст. 671,ГКП,ст. 671,8,1905-071,1905,71,https://ivseliv.github.io/senat/lex/#/d/1905-071
ГКП ст. 672,ГКП,ст. 672,2,1905-071,1905,71,https://ivseliv.github.io/senat/lex/#/d/1905-071
СЗГ ст. 420,СЗГ,ст. 420,1,1905-071,1905,71,https://ivseliv.github.io/senat/lex/#/d/1905-071
СЗГ ст. 584,СЗГ,ст. 584,1,1905-071,1905,71,https://ivseliv.github.io/senat/lex/#/d/1905-071
СЗГ ст. 684,СЗГ,ст. 684,1,1905-071,1905,71,https://ivseliv.github.io/senat/lex/#/d/1905-071
? ст. 103,?,ст. 103,1,1905-072,1905,72,https://ivseliv.github.io/senat/lex/#/d/1905-072
? ст. 50,?,ст. 50,1,1905-072,1905,72,https://ivseliv.github.io/senat/lex/#/d/1905-072
? ст. 54,?,ст. 54,2,1905-072,1905,72,https://ivseliv.github.io/senat/lex/#/d/1905-072
? ст. 65,?,ст. 65,1,1905-072,1905,72,https://ivseliv.github.io/senat/lex/#/d/1905-072
СЗГ ст. 1010–1066,СЗГ,ст. 1010–1066,1,1905-072,1905,72,https://ivseliv.github.io/senat/lex/#/d/1905-072
СЗГ ст. 1060,СЗГ,ст. 1060,2,1905-072,1905,72,https://ivseliv.github.io/senat/lex/#/d/1905-072
СЗГ ст. 1071–1096,СЗГ,ст. 1071–1096,1,1905-072,1905,72,https://ivseliv.github.io/senat/lex/#/d/1905-072
СЗГ ст. 991,СЗГ,ст. 991,2,1905-072,1905,72,https://ivseliv.github.io/senat/lex/#/d/1905-072
УТ ст. 103,УТ,ст. 103,1,1905-072,1905,72,https://ivseliv.github.io/senat/lex/#/d/1905-072
УТ ст. 112,УТ,ст. 112,1,1905-072,1905,72,https://ivseliv.github.io/senat/lex/#/d/1905-072
УТ ст. 1199,УТ,ст. 1199,1,1905-072,1905,72,https://ivseliv.github.io/senat/lex/#/d/1905-072
СЗГ ст. 707,СЗГ,ст. 707,1,1905-073,1905,73,https://ivseliv.github.io/senat/lex/#/d/1905-073
УГС ст. 1424,УГС,ст. 1424,1,1905-073,1905,73,https://ivseliv.github.io/senat/lex/#/d/1905-073
? ст. 131,?,ст. 131,2,1905-075,1905,75,https://ivseliv.github.io/senat/lex/#/d/1905-075
? ст. 132,?,ст. 132,3,1905-075,1905,75,https://ivseliv.github.io/senat/lex/#/d/1905-075
УГС ст. 1,УГС,ст. 1,2,1905-075,1905,75,https://ivseliv.github.io/senat/lex/#/d/1905-075
УГС ст. 339,УГС,ст. 339,2,1905-075,1905,75,https://ivseliv.github.io/senat/lex/#/d/1905-075
УГС ст. 711,УГС,ст. 711,2,1905-075,1905,75,https://ivseliv.github.io/senat/lex/#/d/1905-075
? ст. 1035²,?,ст. 1035²,3,1905-076,1905,76,https://ivseliv.github.io/senat/lex/#/d/1905-076
? ст. 1048,?,ст. 1048,1,1905-076,1905,76,https://ivseliv.github.io/senat/lex/#/d/1905-076
? ст. 1049,?,ст. 1049,1,1905-076,1905,76,https://ivseliv.github.io/senat/lex/#/d/1905-076
? ст. 1065,?,ст. 1065,1,1905-076,1905,76,https://ivseliv.github.io/senat/lex/#/d/1905-076
? ст. 1301,?,ст. 1301,1,1905-076,1905,76,https://ivseliv.github.io/senat/lex/#/d/1905-076
? ст. 84–105,?,ст. 84–105,1,1905-076,1905,76,https://ivseliv.github.io/senat/lex/#/d/1905-076
? ст. 89,?,ст. 89,1,1905-076,1905,76,https://ivseliv.github.io/senat/lex/#/d/1905-076
СЗГ ст. 1010,СЗГ,ст. 1010,1,1905-076,1905,76,https://ivseliv.github.io/senat/lex/#/d/1905-076
СЗГ ст. 1013,СЗГ,ст. 1013,1,1905-076,1905,76,https://ivseliv.github.io/senat/lex/#/d/1905-076
СЗГ ст. 1030,СЗГ,ст. 1030,4,1905-076,1905,76,https://ivseliv.github.io/senat/lex/#/d/1905-076
СЗГ ст. 1037,СЗГ,ст. 1037,1,1905-076,1905,76,https://ivseliv.github.io/senat/lex/#/d/1905-076
СЗГ ст. 1049,СЗГ,ст. 1049,2,1905-076,1905,76,https://ivseliv.github.io/senat/lex/#/d/1905-076
СЗГ ст. 1050,СЗГ,ст. 1050,4,1905-076,1905,76,https://ivseliv.github.io/senat/lex/#/d/1905-076
СЗГ ст. 1054,СЗГ,ст. 1054,1,1905-076,1905,76,https://ivseliv.github.io/senat/lex/#/d/1905-076
СЗГ ст. 1104,СЗГ,ст. 1104,1,1905-076,1905,76,https://ivseliv.github.io/senat/lex/#/d/1905-076
СЗГ ст. 1301,СЗГ,ст. 1301,1,1905-076,1905,76,https://ivseliv.github.io/senat/lex/#/d/1905-076
СЗГ ст. 1384,СЗГ,ст. 1384,1,1905-076,1905,76,https://ivseliv.github.io/senat/lex/#/d/1905-076
СЗГ ст. 513,СЗГ,ст. 513,1,1905-076,1905,76,https://ivseliv.github.io/senat/lex/#/d/1905-076
ГКП ст. 841,ГКП,ст. 841,3,1905-077,1905,77,https://ivseliv.github.io/senat/lex/#/d/1905-077
СЗГ ст. 698,СЗГ,ст. 698,2,1905-078,1905,78,https://ivseliv.github.io/senat/lex/#/d/1905-078
УГС ст. 1282,УГС,ст. 1282,1,1905-079,1905,79,https://ivseliv.github.io/senat/lex/#/d/1905-079
УГС ст. 27,УГС,ст. 27,1,1905-079,1905,79,https://ivseliv.github.io/senat/lex/#/d/1905-079
УСУ ст. 389,УСУ,ст. 389,5,1905-079,1905,79,https://ivseliv.github.io/senat/lex/#/d/1905-079
СЗГ ст. 119,СЗГ,ст. 119,1,1905-080,1905,80,https://ivseliv.github.io/senat/lex/#/d/1905-080
СЗГ ст. 120,СЗГ,ст. 120,1,1905-080,1905,80,https://ivseliv.github.io/senat/lex/#/d/1905-080
УГС ст. 1348,УГС,ст. 1348,1,1905-080,1905,80,https://ivseliv.github.io/senat/lex/#/d/1905-080
УГС ст. 1349–1353,УГС,ст. 1349–1353,1,1905-080,1905,80,https://ivseliv.github.io/senat/lex/#/d/1905-080
УГС ст. 1352,УГС,ст. 1352,1,1905-080,1905,80,https://ivseliv.github.io/senat/lex/#/d/1905-080
СЗГ ст. 251,СЗГ,ст. 251,1,1905-081,1905,81,https://ivseliv.github.io/senat/lex/#/d/1905-081
СЗГ ст. 253,СЗГ,ст. 253,1,1905-081,1905,81,https://ivseliv.github.io/senat/lex/#/d/1905-081
СЗГ ст. 256,СЗГ,ст. 256,1,1905-081,1905,81,https://ivseliv.github.io/senat/lex/#/d/1905-081
СЗГ ст. 257,СЗГ,ст. 257,1,1905-081,1905,81,https://ivseliv.github.io/senat/lex/#/d/1905-081
СЗГ ст. 284,СЗГ,ст. 284,2,1905-081,1905,81,https://ivseliv.github.io/senat/lex/#/d/1905-081
? ст. 50,?,ст. 50,1,1905-082,1905,82,https://ivseliv.github.io/senat/lex/#/d/1905-082
СЗГ ст. 1347,СЗГ,ст. 1347,3,1905-082,1905,82,https://ivseliv.github.io/senat/lex/#/d/1905-082
СЗГ ст. 1363,СЗГ,ст. 1363,2,1905-082,1905,82,https://ivseliv.github.io/senat/lex/#/d/1905-082
СЗГ ст. 1369,СЗГ,ст. 1369,2,1905-082,1905,82,https://ivseliv.github.io/senat/lex/#/d/1905-082
? ст. 1066⁸,?,ст. 1066⁸,1,1905-083,1905,83,https://ivseliv.github.io/senat/lex/#/d/1905-083
? ст. 4519,?,ст. 4519,1,1905-084,1905,84,https://ivseliv.github.io/senat/lex/#/d/1905-084
? ст. 4520,?,ст. 4520,3,1905-084,1905,84,https://ivseliv.github.io/senat/lex/#/d/1905-084
? ст. 4549,?,ст. 4549,1,1905-084,1905,84,https://ivseliv.github.io/senat/lex/#/d/1905-084
? ст. 3209,?,ст. 3209,1,1905-085,1905,85,https://ivseliv.github.io/senat/lex/#/d/1905-085
? ст. 3210,?,ст. 3210,1,1905-085,1905,85,https://ivseliv.github.io/senat/lex/#/d/1905-085
? ст. 3211,?,ст. 3211,1,1905-085,1905,85,https://ivseliv.github.io/senat/lex/#/d/1905-085
? ст. 3212,?,ст. 3212,1,1905-085,1905,85,https://ivseliv.github.io/senat/lex/#/d/1905-085
? ст. 387,?,ст. 387,1,1905-085,1905,85,https://ivseliv.github.io/senat/lex/#/d/1905-085
? ст. 4173,?,ст. 4173,2,1905-085,1905,85,https://ivseliv.github.io/senat/lex/#/d/1905-085
? ст. 4184,?,ст. 4184,6,1905-085,1905,85,https://ivseliv.github.io/senat/lex/#/d/1905-085
? ст. 4188,?,ст. 4188,1,1905-085,1905,85,https://ivseliv.github.io/senat/lex/#/d/1905-085
? ст. 4224,?,ст. 4224,1,1905-085,1905,85,https://ivseliv.github.io/senat/lex/#/d/1905-085
? ст. 573,?,ст. 573,1,1905-086,1905,86,https://ivseliv.github.io/senat/lex/#/d/1905-086
? ст. 594,?,ст. 594,3,1905-086,1905,86,https://ivseliv.github.io/senat/lex/#/d/1905-086
? ст. 703,?,ст. 703,3,1905-086,1905,86,https://ivseliv.github.io/senat/lex/#/d/1905-086
УН ст. 51²,УН,ст. 51²,2,1905-086,1905,86,https://ivseliv.github.io/senat/lex/#/d/1905-086
УН ст. 51¹,УН,ст. 51¹,2,1905-086,1905,86,https://ivseliv.github.io/senat/lex/#/d/1905-086
УН ст. 51⁷,УН,ст. 51⁷,1,1905-086,1905,86,https://ivseliv.github.io/senat/lex/#/d/1905-086
УН ст. 51⁸,УН,ст. 51⁸,1,1905-086,1905,86,https://ivseliv.github.io/senat/lex/#/d/1905-086
УН ст. 573,УН,ст. 573,1,1905-086,1905,86,https://ivseliv.github.io/senat/lex/#/d/1905-086
УН ст. 594,УН,ст. 594,1,1905-086,1905,86,https://ivseliv.github.io/senat/lex/#/d/1905-086
УН ст. 703,УН,ст. 703,1,1905-086,1905,86,https://ivseliv.github.io/senat/lex/#/d/1905-086
СЗГ ст. 1676,СЗГ,ст. 1676,2,1905-087,1905,87,https://ivseliv.github.io/senat/lex/#/d/1905-087
СЗГ ст. 569,СЗГ,ст. 569,1,1905-087,1905,87,https://ivseliv.github.io/senat/lex/#/d/1905-087
СЗГ ст. 684,СЗГ,ст. 684,4,1905-087,1905,87,https://ivseliv.github.io/senat/lex/#/d/1905-087
? ст. 1133,?,ст. 1133,4,1905-089,1905,89,https://ivseliv.github.io/senat/lex/#/d/1905-089
? ст. 1567,?,ст. 1567,5,1905-089,1905,89,https://ivseliv.github.io/senat/lex/#/d/1905-089
? ст. 166,?,ст. 166,1,1905-089,1905,89,https://ivseliv.github.io/senat/lex/#/d/1905-089
? ст. 169,?,ст. 169,1,1905-089,1905,89,https://ivseliv.github.io/senat/lex/#/d/1905-089
? ст. 171,?,ст. 171,1,1905-089,1905,89,https://ivseliv.github.io/senat/lex/#/d/1905-089
? ст. 190,?,ст. 190,2,1905-089,1905,89,https://ivseliv.github.io/senat/lex/#/d/1905-089
? ст. 192,?,ст. 192,1,1905-089,1905,89,https://ivseliv.github.io/senat/lex/#/d/1905-089
УГС ст. 1133,УГС,ст. 1133,2,1905-089,1905,89,https://ivseliv.github.io/senat/lex/#/d/1905-089
УГС ст. 1147,УГС,ст. 1147,1,1905-089,1905,89,https://ivseliv.github.io/senat/lex/#/d/1905-089
УГС ст. 116,УГС,ст. 116,1,1905-089,1905,89,https://ivseliv.github.io/senat/lex/#/d/1905-089
УГС ст. 1491,УГС,ст. 1491,1,1905-089,1905,89,https://ivseliv.github.io/senat/lex/#/d/1905-089
УГС ст. 1556,УГС,ст. 1556,1,1905-089,1905,89,https://ivseliv.github.io/senat/lex/#/d/1905-089
УГС ст. 1566,УГС,ст. 1566,1,1905-089,1905,89,https://ivseliv.github.io/senat/lex/#/d/1905-089
УГС ст. 1567,УГС,ст. 1567,5,1905-089,1905,89,https://ivseliv.github.io/senat/lex/#/d/1905-089
УГС ст. 1591,УГС,ст. 1591,1,1905-089,1905,89,https://ivseliv.github.io/senat/lex/#/d/1905-089
УГС ст. 169,УГС,ст. 169,3,1905-089,1905,89,https://ivseliv.github.io/senat/lex/#/d/1905-089
УГС ст. 171,УГС,ст. 171,4,1905-089,1905,89,https://ivseliv.github.io/senat/lex/#/d/1905-089
УГС ст. 4,УГС,ст. 4,1,1905-089,1905,89,https://ivseliv.github.io/senat/lex/#/d/1905-089
УГС ст. 568,УГС,ст. 568,1,1905-089,1905,89,https://ivseliv.github.io/senat/lex/#/d/1905-089
УГС ст. 584,УГС,ст. 584,1,1905-089,1905,89,https://ivseliv.github.io/senat/lex/#/d/1905-089
УГС ст. 79,УГС,ст. 79,1,1905-089,1905,89,https://ivseliv.github.io/senat/lex/#/d/1905-089
? ст. 258,?,ст. 258,1,1905-090,1905,90,https://ivseliv.github.io/senat/lex/#/d/1905-090
УГС ст. 258,УГС,ст. 258,1,1905-090,1905,90,https://ivseliv.github.io/senat/lex/#/d/1905-090
УЖД ст. 102,УЖД,ст. 102,1,1905-090,1905,90,https://ivseliv.github.io/senat/lex/#/d/1905-090
УЖД ст. 107,УЖД,ст. 107,3,1905-090,1905,90,https://ivseliv.github.io/senat/lex/#/d/1905-090
УЖД ст. 109,УЖД,ст. 109,1,1905-090,1905,90,https://ivseliv.github.io/senat/lex/#/d/1905-090
УЖД ст. 258,УЖД,ст. 258,1,1905-090,1905,90,https://ivseliv.github.io/senat/lex/#/d/1905-090
УЖД ст. 97,УЖД,ст. 97,1,1905-090,1905,90,https://ivseliv.github.io/senat/lex/#/d/1905-090
ГКП ст. 1076,ГКП,ст. 1076,1,1905-091,1905,91,https://ivseliv.github.io/senat/lex/#/d/1905-091
ГКП ст. 1079,ГКП,ст. 1079,2,1905-091,1905,91,https://ivseliv.github.io/senat/lex/#/d/1905-091
ГКП ст. 1118,ГКП,ст. 1118,1,1905-091,1905,91,https://ivseliv.github.io/senat/lex/#/d/1905-091
ГКП ст. 1305,ГКП,ст. 1305,2,1905-091,1905,91,https://ivseliv.github.io/senat/lex/#/d/1905-091
ГКП ст. 1313,ГКП,ст. 1313,1,1905-091,1905,91,https://ivseliv.github.io/senat/lex/#/d/1905-091
ГКП ст. 1674,ГКП,ст. 1674,2,1905-091,1905,91,https://ivseliv.github.io/senat/lex/#/d/1905-091
ГКП ст. 2044,ГКП,ст. 2044,1,1905-091,1905,91,https://ivseliv.github.io/senat/lex/#/d/1905-091
ГКП ст. 2052,ГКП,ст. 2052,1,1905-091,1905,91,https://ivseliv.github.io/senat/lex/#/d/1905-091
ГКП ст. 783,ГКП,ст. 783,2,1905-091,1905,91,https://ivseliv.github.io/senat/lex/#/d/1905-091
ГКП ст. 815,ГКП,ст. 815,2,1905-091,1905,91,https://ivseliv.github.io/senat/lex/#/d/1905-091
ГКП ст. 887,ГКП,ст. 887,4,1905-091,1905,91,https://ivseliv.github.io/senat/lex/#/d/1905-091
ГКП ст. 888,ГКП,ст. 888,4,1905-091,1905,91,https://ivseliv.github.io/senat/lex/#/d/1905-091
? ст. 68,?,ст. 68,1,1905-092,1905,92,https://ivseliv.github.io/senat/lex/#/d/1905-092
? ст. 779,?,ст. 779,1,1905-092,1905,92,https://ivseliv.github.io/senat/lex/#/d/1905-092
? ст. 780,?,ст. 780,3,1905-092,1905,92,https://ivseliv.github.io/senat/lex/#/d/1905-092
? ст. 784,?,ст. 784,1,1905-092,1905,92,https://ivseliv.github.io/senat/lex/#/d/1905-092
СЗГ ст. 420,СЗГ,ст. 420,1,1905-092,1905,92,https://ivseliv.github.io/senat/lex/#/d/1905-092
СЗГ ст. 2134,СЗГ,ст. 2134,1,1905-093,1905,93,https://ivseliv.github.io/senat/lex/#/d/1905-093
? ст. 1529,?,ст. 1529,1,1905-094,1905,94,https://ivseliv.github.io/senat/lex/#/d/1905-094
? ст. 299,?,ст. 299,1,1905-094,1905,94,https://ivseliv.github.io/senat/lex/#/d/1905-094
? ст. 33,?,ст. 33,5,1905-094,1905,94,https://ivseliv.github.io/senat/lex/#/d/1905-094
? ст. 34,?,ст. 34,6,1905-094,1905,94,https://ivseliv.github.io/senat/lex/#/d/1905-094
? ст. 981,?,ст. 981,1,1905-094,1905,94,https://ivseliv.github.io/senat/lex/#/d/1905-094
? ст. 262,?,ст. 262,1,1905-095,1905,95,https://ivseliv.github.io/senat/lex/#/d/1905-095
? ст. 780,?,ст. 780,1,1905-095,1905,95,https://ivseliv.github.io/senat/lex/#/d/1905-095
? ст. 819,?,ст. 819,1,1905-095,1905,95,https://ivseliv.github.io/senat/lex/#/d/1905-095
? ст. 397,?,ст. 397,1,1905-096,1905,96,https://ivseliv.github.io/senat/lex/#/d/1905-096
СЗГ ст. 1138,СЗГ,ст. 1138,1,1905-096,1905,96,https://ivseliv.github.io/senat/lex/#/d/1905-096
СЗГ ст. 196,СЗГ,ст. 196,1,1905-096,1905,96,https://ivseliv.github.io/senat/lex/#/d/1905-096
СЗГ ст. 397,СЗГ,ст. 397,3,1905-096,1905,96,https://ivseliv.github.io/senat/lex/#/d/1905-096
СЗГ ст. 399,СЗГ,ст. 399,1,1905-096,1905,96,https://ivseliv.github.io/senat/lex/#/d/1905-096
УГС ст. 9,УГС,ст. 9,1,1905-096,1905,96,https://ivseliv.github.io/senat/lex/#/d/1905-096
? ст. 1451,?,ст. 1451,2,1905-097,1905,97,https://ivseliv.github.io/senat/lex/#/d/1905-097
? ст. 1453,?,ст. 1453,1,1905-097,1905,97,https://ivseliv.github.io/senat/lex/#/d/1905-097
СЗГ ст. 1243,СЗГ,ст. 1243,2,1905-097,1905,97,https://ivseliv.github.io/senat/lex/#/d/1905-097
СЗГ ст. 406,СЗГ,ст. 406,1,1905-097,1905,97,https://ivseliv.github.io/senat/lex/#/d/1905-097
УГС ст. 1451,УГС,ст. 1451,5,1905-097,1905,97,https://ivseliv.github.io/senat/lex/#/d/1905-097
УГС ст. 1451–1460,УГС,ст. 1451–1460,1,1905-097,1905,97,https://ivseliv.github.io/senat/lex/#/d/1905-097
УГС ст. 210,УГС,ст. 210,1,1905-097,1905,97,https://ivseliv.github.io/senat/lex/#/d/1905-097
УГС ст. 282–289,УГС,ст. 282–289,1,1905-097,1905,97,https://ivseliv.github.io/senat/lex/#/d/1905-097
УГС ст. 293,УГС,ст. 293,2,1905-097,1905,97,https://ivseliv.github.io/senat/lex/#/d/1905-097
УГС ст. 9,УГС,ст. 9,1,1905-097,1905,97,https://ivseliv.github.io/senat/lex/#/d/1905-097
УГС ст. 933,УГС,ст. 933,1,1905-097,1905,97,https://ivseliv.github.io/senat/lex/#/d/1905-097
УГС ст. 942,УГС,ст. 942,1,1905-097,1905,97,https://ivseliv.github.io/senat/lex/#/d/1905-097
? ст. 105,?,ст. 105,1,1905-098,1905,98,https://ivseliv.github.io/senat/lex/#/d/1905-098
? ст. 127,?,ст. 127,1,1905-098,1905,98,https://ivseliv.github.io/senat/lex/#/d/1905-098
? ст. 133,?,ст. 133,1,1905-098,1905,98,https://ivseliv.github.io/senat/lex/#/d/1905-098
? ст. 156,?,ст. 156,2,1905-098,1905,98,https://ivseliv.github.io/senat/lex/#/d/1905-098
? ст. 33,?,ст. 33,1,1905-098,1905,98,https://ivseliv.github.io/senat/lex/#/d/1905-098
? ст. 37,?,ст. 37,1,1905-098,1905,98,https://ivseliv.github.io/senat/lex/#/d/1905-098
? ст. 60,?,ст. 60,1,1905-098,1905,98,https://ivseliv.github.io/senat/lex/#/d/1905-098
УГС ст. 339,УГС,ст. 339,1,1905-098,1905,98,https://ivseliv.github.io/senat/lex/#/d/1905-098
УГС ст. 711,УГС,ст. 711,1,1905-098,1905,98,https://ivseliv.github.io/senat/lex/#/d/1905-098
? ст. 485,?,ст. 485,1,1905-100,1905,100,https://ivseliv.github.io/senat/lex/#/d/1905-100
? ст. 486,?,ст. 486,1,1905-100,1905,100,https://ivseliv.github.io/senat/lex/#/d/1905-100
? ст. 488,?,ст. 488,1,1905-100,1905,100,https://ivseliv.github.io/senat/lex/#/d/1905-100
? ст. 488–496,?,ст. 488–496,1,1905-100,1905,100,https://ivseliv.github.io/senat/lex/#/d/1905-100
? ст. 495,?,ст. 495,2,1905-100,1905,100,https://ivseliv.github.io/senat/lex/#/d/1905-100
СЗГ ст. 495,СЗГ,ст. 495,1,1905-100,1905,100,https://ivseliv.github.io/senat/lex/#/d/1905-100
УГС ст. 339,УГС,ст. 339,1,1905-100,1905,100,https://ivseliv.github.io/senat/lex/#/d/1905-100
УГС ст. 711,УГС,ст. 711,1,1905-100,1905,100,https://ivseliv.github.io/senat/lex/#/d/1905-100
УТ ст. 392–403,УТ,ст. 392–403,1,1905-100,1905,100,https://ivseliv.github.io/senat/lex/#/d/1905-100
УТ ст. 485–496,УТ,ст. 485–496,1,1905-100,1905,100,https://ivseliv.github.io/senat/lex/#/d/1905-100
УГС ст. 133,УГС,ст. 133,1,1905-101,1905,101,https://ivseliv.github.io/senat/lex/#/d/1905-101
УГС ст. 867–873,УГС,ст. 867–873,1,1905-101,1905,101,https://ivseliv.github.io/senat/lex/#/d/1905-101
УЖД ст. 110,УЖД,ст. 110,1,1905-101,1905,101,https://ivseliv.github.io/senat/lex/#/d/1905-101
УЖД ст. 124,УЖД,ст. 124,1,1905-101,1905,101,https://ivseliv.github.io/senat/lex/#/d/1905-101
СЗГ ст. 1259,СЗГ,ст. 1259,1,1905-102,1905,102,https://ivseliv.github.io/senat/lex/#/d/1905-102
? ст. 3060,?,ст. 3060,1,1905-103,1905,103,https://ivseliv.github.io/senat/lex/#/d/1905-103
СЗГ ст. 569,СЗГ,ст. 569,1,1905-104,1905,104,https://ivseliv.github.io/senat/lex/#/d/1905-104
СЗГ ст. 1528,СЗГ,ст. 1528,1,1905-105,1905,105,https://ivseliv.github.io/senat/lex/#/d/1905-105
СЗГ ст. 1529,СЗГ,ст. 1529,4,1905-105,1905,105,https://ivseliv.github.io/senat/lex/#/d/1905-105
УСУ ст. 396,УСУ,ст. 396,1,1905-105,1905,105,https://ivseliv.github.io/senat/lex/#/d/1905-105
? ст. 39,?,ст. 39,1,1905-106,1905,106,https://ivseliv.github.io/senat/lex/#/d/1905-106
? ст. 86,?,ст. 86,1,1905-106,1905,106,https://ivseliv.github.io/senat/lex/#/d/1905-106
? ст. 96,?,ст. 96,1,1905-106,1905,106,https://ivseliv.github.io/senat/lex/#/d/1905-106
СЗГ ст. 2020,СЗГ,ст. 2020,1,1905-107,1905,107,https://ivseliv.github.io/senat/lex/#/d/1905-107
СЗГ ст. 2023,СЗГ,ст. 2023,2,1905-107,1905,107,https://ivseliv.github.io/senat/lex/#/d/1905-107
СЗГ ст. 2051,СЗГ,ст. 2051,1,1905-107,1905,107,https://ivseliv.github.io/senat/lex/#/d/1905-107
? ст. 74,?,ст. 74,1,1905-108,1905,108,https://ivseliv.github.io/senat/lex/#/d/1905-108
? ст. 77,?,ст. 77,2,1905-108,1905,108,https://ivseliv.github.io/senat/lex/#/d/1905-108
? ст. 78,?,ст. 78,1,1905-108,1905,108,https://ivseliv.github.io/senat/lex/#/d/1905-108
? ст. 80,?,ст. 80,1,1905-108,1905,108,https://ivseliv.github.io/senat/lex/#/d/1905-108
? ст. 197,?,ст. 197,1,1905-109,1905,109,https://ivseliv.github.io/senat/lex/#/d/1905-109
? ст. 427,?,ст. 427,1,1905-109,1905,109,https://ivseliv.github.io/senat/lex/#/d/1905-109
? ст. 440–448,?,ст. 440–448,1,1905-109,1905,109,https://ivseliv.github.io/senat/lex/#/d/1905-109
? ст. 157,?,ст. 157,3,1905-110,1905,110,https://ivseliv.github.io/senat/lex/#/d/1905-110
? ст. 164,?,ст. 164,1,1905-110,1905,110,https://ivseliv.github.io/senat/lex/#/d/1905-110
? ст. 165,?,ст. 165,2,1905-110,1905,110,https://ivseliv.github.io/senat/lex/#/d/1905-110
? ст. 166,?,ст. 166,3,1905-110,1905,110,https://ivseliv.github.io/senat/lex/#/d/1905-110
? ст. 207,?,ст. 207,1,1905-110,1905,110,https://ivseliv.github.io/senat/lex/#/d/1905-110
? ст. 215,?,ст. 215,1,1905-110,1905,110,https://ivseliv.github.io/senat/lex/#/d/1905-110
? ст. 219,?,ст. 219,1,1905-110,1905,110,https://ivseliv.github.io/senat/lex/#/d/1905-110
? ст. 107,?,ст. 107,3,1905-111,1905,111,https://ivseliv.github.io/senat/lex/#/d/1905-111
? ст. 129,?,ст. 129,2,1905-111,1905,111,https://ivseliv.github.io/senat/lex/#/d/1905-111
? ст. 170,?,ст. 170,7,1905-111,1905,111,https://ivseliv.github.io/senat/lex/#/d/1905-111
? ст. 50,?,ст. 50,1,1905-111,1905,111,https://ivseliv.github.io/senat/lex/#/d/1905-111
? ст. 51,?,ст. 51,1,1905-111,1905,111,https://ivseliv.github.io/senat/lex/#/d/1905-111
? ст. 76,?,ст. 76,1,1905-111,1905,111,https://ivseliv.github.io/senat/lex/#/d/1905-111
? ст. 488,?,ст. 488,1,1905-112,1905,112,https://ivseliv.github.io/senat/lex/#/d/1905-112
? ст. 509,?,ст. 509,4,1905-112,1905,112,https://ivseliv.github.io/senat/lex/#/d/1905-112
УТ ст. 509,УТ,ст. 509,2,1905-112,1905,112,https://ivseliv.github.io/senat/lex/#/d/1905-112
? ст. 210,?,ст. 210,1,1905-113,1905,113,https://ivseliv.github.io/senat/lex/#/d/1905-113
? ст. 211,?,ст. 211,1,1905-113,1905,113,https://ivseliv.github.io/senat/lex/#/d/1905-113
? ст. 217,?,ст. 217,1,1905-113,1905,113,https://ivseliv.github.io/senat/lex/#/d/1905-113
? ст. 218,?,ст. 218,1,1905-113,1905,113,https://ivseliv.github.io/senat/lex/#/d/1905-113
? ст. 243,?,ст. 243,1,1905-113,1905,113,https://ivseliv.github.io/senat/lex/#/d/1905-113
? ст. 251,?,ст. 251,2,1905-113,1905,113,https://ivseliv.github.io/senat/lex/#/d/1905-113
? ст. 354,?,ст. 354,1,1905-113,1905,113,https://ivseliv.github.io/senat/lex/#/d/1905-113
? ст. 934,?,ст. 934,2,1905-113,1905,113,https://ivseliv.github.io/senat/lex/#/d/1905-113
УГС ст. 693,УГС,ст. 693,1,1905-114,1905,114,https://ivseliv.github.io/senat/lex/#/d/1905-114
? ст. 128 п. 6,?,ст. 128 п. 6,1,1905-115,1905,115,https://ivseliv.github.io/senat/lex/#/d/1905-115
? ст. 146,?,ст. 146,1,1905-115,1905,115,https://ivseliv.github.io/senat/lex/#/d/1905-115
УГС ст. 849,УГС,ст. 849,1,1905-115,1905,115,https://ivseliv.github.io/senat/lex/#/d/1905-115
